Date,Hour,MachineID,ProductID,LocationID,PlannedUnits,ActualUnits,DowntimeMinutes,DefectUnits
2025-01-01,1,M01,P03,L04,121,132,1,7
2025-01-01,1,M02,P02,L04,163,139,20,0
2025-01-01,1,M03,P02,L04,121,187,24,0
2025-01-01,1,M04,P03,L03,141,171,27,2
2025-01-01,1,M05,P04,L04,163,82,4,2
2025-01-01,1,M06,P01,L05,138,97,3,8
2025-01-01,1,M07,P02,L04,108,169,20,1
2025-01-01,1,M08,P04,L04,159,150,11,7
2025-01-01,1,M09,P01,L03,135,129,7,3
2025-01-01,1,M10,P02,L02,103,133,28,1
2025-01-01,2,M01,P04,L02,133,153,29,3
2025-01-01,2,M02,P01,L04,161,119,20,1
2025-01-01,2,M03,P02,L05,188,139,27,8
2025-01-01,2,M04,P05,L05,164,168,6,8
2025-01-01,2,M05,P04,L01,107,167,10,2
2025-01-01,2,M06,P03,L01,134,112,26,4
2025-01-01,2,M07,P02,L02,140,107,6,8
2025-01-01,2,M08,P02,L04,132,127,22,6
2025-01-01,2,M09,P03,L05,143,183,21,2
2025-01-01,2,M10,P03,L01,146,157,2,0
2025-01-01,3,M01,P02,L05,113,182,26,8
2025-01-01,3,M02,P02,L02,176,130,6,0
2025-01-01,3,M03,P05,L04,195,83,29,4
2025-01-01,3,M04,P03,L05,128,115,12,6
2025-01-01,3,M05,P03,L03,185,107,1,9
2025-01-01,3,M06,P01,L05,105,107,27,3
2025-01-01,3,M07,P02,L03,191,168,6,0
2025-01-01,3,M08,P01,L01,126,141,24,3
2025-01-01,3,M09,P01,L05,102,182,5,7
2025-01-01,3,M10,P01,L03,161,116,0,2
2025-01-01,4,M01,P04,L02,123,158,26,5
2025-01-01,4,M02,P04,L01,161,192,25,3
2025-01-01,4,M03,P02,L04,102,192,4,0
2025-01-01,4,M04,P03,L01,101,81,27,5
2025-01-01,4,M05,P01,L05,100,98,29,1
2025-01-01,4,M06,P04,L05,189,111,5,6
2025-01-01,4,M07,P03,L04,155,96,5,7
2025-01-01,4,M08,P04,L05,197,149,21,0
2025-01-01,4,M09,P04,L01,158,149,15,2
2025-01-01,4,M10,P04,L04,158,115,18,9
2025-01-01,5,M01,P03,L03,119,175,6,3
2025-01-01,5,M02,P01,L01,139,118,17,7
2025-01-01,5,M03,P03,L01,191,136,24,1
2025-01-01,5,M04,P03,L02,106,95,25,8
2025-01-01,5,M05,P04,L04,101,80,15,4
2025-01-01,5,M06,P03,L05,108,184,2,2
2025-01-01,5,M07,P04,L03,123,133,23,0
2025-01-01,5,M08,P03,L04,171,115,5,7
2025-01-01,5,M09,P03,L04,188,178,24,1
2025-01-01,5,M10,P02,L02,153,114,15,8
2025-01-01,6,M01,P01,L04,167,112,13,4
2025-01-01,6,M02,P03,L04,116,112,15,2
2025-01-01,6,M03,P03,L05,153,87,26,1
2025-01-01,6,M04,P01,L05,127,190,0,4
2025-01-01,6,M05,P05,L04,147,98,3,2
2025-01-01,6,M06,P01,L01,143,171,29,4
2025-01-01,6,M07,P04,L03,136,103,28,0
2025-01-01,6,M08,P03,L05,159,176,19,4
2025-01-01,6,M09,P03,L01,117,104,9,5
2025-01-01,6,M10,P03,L02,145,103,17,5
2025-01-01,7,M01,P03,L02,101,169,16,7
2025-01-01,7,M02,P01,L01,142,197,15,6
2025-01-01,7,M03,P02,L05,125,178,17,8
2025-01-01,7,M04,P04,L05,106,136,3,3
2025-01-01,7,M05,P04,L01,186,94,27,1
2025-01-01,7,M06,P03,L02,124,137,29,5
2025-01-01,7,M07,P02,L02,185,128,19,9
2025-01-01,7,M08,P04,L03,196,87,20,4
2025-01-01,7,M09,P05,L04,195,195,29,2
2025-01-01,7,M10,P05,L04,129,98,16,7
2025-01-01,8,M01,P04,L03,157,134,25,4
2025-01-01,8,M02,P05,L02,161,102,8,4
2025-01-01,8,M03,P02,L01,100,190,1,5
2025-01-01,8,M04,P05,L01,100,95,28,6
2025-01-01,8,M05,P05,L05,166,155,25,2
2025-01-01,8,M06,P01,L05,128,157,27,4
2025-01-01,8,M07,P04,L01,168,155,15,9
2025-01-01,8,M08,P05,L02,138,179,0,4
2025-01-01,8,M09,P02,L02,168,179,1,3
2025-01-01,8,M10,P02,L02,118,137,0,7
2025-01-01,9,M01,P05,L05,103,95,23,6
2025-01-01,9,M02,P01,L02,191,111,26,3
2025-01-01,9,M03,P02,L04,134,112,0,2
2025-01-01,9,M04,P05,L03,111,146,0,0
2025-01-01,9,M05,P03,L02,143,108,12,1
2025-01-01,9,M06,P03,L05,134,166,16,9
2025-01-01,9,M07,P02,L05,173,169,29,1
2025-01-01,9,M08,P01,L03,106,147,25,4
2025-01-01,9,M09,P05,L02,174,108,23,3
2025-01-01,9,M10,P05,L01,135,89,4,8
2025-01-01,10,M01,P01,L03,198,191,3,1
2025-01-01,10,M02,P05,L01,111,192,22,6
2025-01-01,10,M03,P03,L01,129,96,16,3
2025-01-01,10,M04,P05,L01,158,98,16,3
2025-01-01,10,M05,P05,L04,118,155,8,6
2025-01-01,10,M06,P04,L04,182,190,15,4
2025-01-01,10,M07,P03,L05,111,104,19,4
2025-01-01,10,M08,P05,L04,122,95,24,6
2025-01-01,10,M09,P05,L05,141,137,6,9
2025-01-01,10,M10,P03,L05,186,172,10,1
2025-01-01,11,M01,P01,L04,173,137,11,0
2025-01-01,11,M02,P05,L05,139,121,8,1
2025-01-01,11,M03,P02,L03,165,84,28,4
2025-01-01,11,M04,P05,L03,164,165,19,0
2025-01-01,11,M05,P05,L01,103,115,5,2
2025-01-01,11,M06,P04,L05,153,118,26,9
2025-01-01,11,M07,P03,L02,138,146,12,1
2025-01-01,11,M08,P02,L04,119,171,7,8
2025-01-01,11,M09,P03,L01,176,171,29,8
2025-01-01,11,M10,P01,L04,124,135,0,5
2025-01-01,12,M01,P02,L05,143,124,12,4
2025-01-01,12,M02,P03,L05,135,178,18,3
2025-01-01,12,M03,P02,L01,146,184,16,0
2025-01-01,12,M04,P03,L05,115,166,24,9
2025-01-01,12,M05,P04,L04,107,171,3,9
2025-01-01,12,M06,P04,L02,149,107,27,4
2025-01-01,12,M07,P04,L01,163,106,21,0
2025-01-01,12,M08,P01,L01,183,156,27,2
2025-01-01,12,M09,P02,L05,168,126,24,1
2025-01-01,12,M10,P02,L02,104,198,23,0
2025-01-01,13,M01,P02,L01,195,190,16,4
2025-01-01,13,M02,P01,L02,185,138,26,0
2025-01-01,13,M03,P01,L05,197,184,2,0
2025-01-01,13,M04,P04,L05,180,148,4,5
2025-01-01,13,M05,P05,L03,122,180,20,4
2025-01-01,13,M06,P02,L02,182,96,20,8
2025-01-01,13,M07,P03,L01,144,156,3,0
2025-01-01,13,M08,P02,L01,191,174,7,6
2025-01-01,13,M09,P02,L02,133,133,21,2
2025-01-01,13,M10,P02,L03,111,144,21,4
2025-01-01,14,M01,P01,L03,116,191,14,6
2025-01-01,14,M02,P05,L05,113,145,10,2
2025-01-01,14,M03,P02,L04,137,129,1,1
2025-01-01,14,M04,P03,L03,162,177,19,8
2025-01-01,14,M05,P04,L01,129,198,9,2
2025-01-01,14,M06,P05,L01,128,83,9,7
2025-01-01,14,M07,P02,L01,116,163,23,4
2025-01-01,14,M08,P05,L02,165,156,29,2
2025-01-01,14,M09,P03,L01,115,87,3,7
2025-01-01,14,M10,P01,L04,166,175,2,1
2025-01-01,15,M01,P02,L05,150,98,20,4
2025-01-01,15,M02,P04,L02,141,140,21,4
2025-01-01,15,M03,P05,L01,111,169,13,1
2025-01-01,15,M04,P02,L01,144,106,8,9
2025-01-01,15,M05,P01,L01,185,190,23,0
2025-01-01,15,M06,P04,L02,100,87,16,2
2025-01-01,15,M07,P04,L05,178,126,23,5
2025-01-01,15,M08,P04,L02,186,157,23,1
2025-01-01,15,M09,P02,L05,113,138,23,2
2025-01-01,15,M10,P03,L03,117,117,2,2
2025-01-01,16,M01,P05,L01,127,153,6,8
2025-01-01,16,M02,P02,L01,143,104,16,3
2025-01-01,16,M03,P04,L01,109,146,8,1
2025-01-01,16,M04,P02,L04,107,119,16,2
2025-01-01,16,M05,P01,L02,105,131,25,1
2025-01-01,16,M06,P03,L03,169,180,24,0
2025-01-01,16,M07,P05,L05,169,149,22,3
2025-01-01,16,M08,P01,L03,102,194,7,4
2025-01-01,16,M09,P02,L04,183,171,10,3
2025-01-01,16,M10,P03,L01,161,136,1,7
2025-01-01,17,M01,P03,L02,144,123,4,5
2025-01-01,17,M02,P04,L02,118,163,0,3
2025-01-01,17,M03,P04,L01,146,80,25,5
2025-01-01,17,M04,P03,L05,199,156,10,2
2025-01-01,17,M05,P02,L01,109,84,22,9
2025-01-01,17,M06,P02,L04,112,119,1,3
2025-01-01,17,M07,P05,L01,172,96,8,7
2025-01-01,17,M08,P01,L03,168,141,27,1
2025-01-01,17,M09,P03,L05,108,113,11,2
2025-01-01,17,M10,P01,L03,139,143,21,7
2025-01-01,18,M01,P01,L03,113,139,29,2
2025-01-01,18,M02,P05,L05,104,162,26,9
2025-01-01,18,M03,P01,L04,141,168,17,7
2025-01-01,18,M04,P05,L03,137,176,22,0
2025-01-01,18,M05,P01,L01,196,190,22,1
2025-01-01,18,M06,P03,L05,138,130,5,5
2025-01-01,18,M07,P03,L03,171,121,19,0
2025-01-01,18,M08,P03,L04,135,108,5,8
2025-01-01,18,M09,P05,L01,126,134,0,3
2025-01-01,18,M10,P02,L02,104,153,0,5
2025-01-01,19,M01,P04,L05,187,131,23,7
2025-01-01,19,M02,P05,L05,146,147,11,1
2025-01-01,19,M03,P03,L03,135,115,25,4
2025-01-01,19,M04,P03,L04,173,183,5,5
2025-01-01,19,M05,P03,L02,111,169,12,7
2025-01-01,19,M06,P01,L02,196,190,7,3
2025-01-01,19,M07,P05,L04,136,151,9,0
2025-01-01,19,M08,P02,L04,108,197,18,7
2025-01-01,19,M09,P03,L01,122,80,13,4
2025-01-01,19,M10,P02,L05,135,133,22,8
2025-01-01,20,M01,P03,L01,139,94,20,8
2025-01-01,20,M02,P01,L05,173,131,24,4
2025-01-01,20,M03,P01,L02,134,142,19,8
2025-01-01,20,M04,P03,L02,137,81,6,1
2025-01-01,20,M05,P02,L03,190,96,10,2
2025-01-01,20,M06,P04,L01,169,196,23,0
2025-01-01,20,M07,P05,L01,162,186,21,9
2025-01-01,20,M08,P02,L04,184,128,6,0
2025-01-01,20,M09,P01,L04,148,99,21,5
2025-01-01,20,M10,P05,L04,148,150,0,6
2025-01-01,21,M01,P03,L03,155,162,29,0
2025-01-01,21,M02,P05,L05,129,95,7,2
2025-01-01,21,M03,P01,L02,177,194,14,1
2025-01-01,21,M04,P04,L02,193,117,18,3
2025-01-01,21,M05,P05,L01,154,182,2,9
2025-01-01,21,M06,P03,L02,133,176,22,6
2025-01-01,21,M07,P02,L04,106,172,7,0
2025-01-01,21,M08,P03,L01,187,166,26,7
2025-01-01,21,M09,P05,L01,166,130,0,7
2025-01-01,21,M10,P03,L02,195,167,13,7
2025-01-01,22,M01,P04,L03,136,133,20,6
2025-01-01,22,M02,P02,L02,106,112,22,4
2025-01-01,22,M03,P05,L03,118,115,28,1
2025-01-01,22,M04,P01,L02,146,148,19,9
2025-01-01,22,M05,P03,L02,186,198,11,3
2025-01-01,22,M06,P05,L05,137,173,8,1
2025-01-01,22,M07,P04,L05,198,195,25,5
2025-01-01,22,M08,P01,L04,173,109,23,6
2025-01-01,22,M09,P02,L01,180,93,8,7
2025-01-01,22,M10,P05,L02,124,182,8,5
2025-01-01,23,M01,P04,L03,125,137,28,1
2025-01-01,23,M02,P03,L05,169,97,20,9
2025-01-01,23,M03,P01,L04,137,113,16,4
2025-01-01,23,M04,P02,L01,175,166,20,9
2025-01-01,23,M05,P03,L05,156,110,5,7
2025-01-01,23,M06,P04,L02,152,150,9,0
2025-01-01,23,M07,P05,L02,191,141,25,1
2025-01-01,23,M08,P03,L04,164,130,20,3
2025-01-01,23,M09,P02,L03,128,100,10,7
2025-01-01,23,M10,P04,L03,158,118,7,2
2025-01-01,24,M01,P05,L02,155,112,25,3
2025-01-01,24,M02,P03,L04,198,195,10,0
2025-01-01,24,M03,P05,L03,197,152,25,1
2025-01-01,24,M04,P01,L05,172,119,16,0
2025-01-01,24,M05,P05,L01,142,183,9,8
2025-01-01,24,M06,P03,L03,143,130,29,5
2025-01-01,24,M07,P04,L02,118,180,11,0
2025-01-01,24,M08,P01,L05,173,136,22,0
2025-01-01,24,M09,P03,L04,107,174,20,0
2025-01-01,24,M10,P01,L05,181,168,11,9
2025-01-02,1,M01,P05,L01,125,126,9,6
2025-01-02,1,M02,P02,L01,184,165,25,6
2025-01-02,1,M03,P01,L05,147,151,17,6
2025-01-02,1,M04,P02,L05,194,173,19,6
2025-01-02,1,M05,P02,L03,158,185,6,0
2025-01-02,1,M06,P04,L03,159,124,1,2
2025-01-02,1,M07,P03,L05,139,169,22,6
2025-01-02,1,M08,P01,L04,103,172,21,8
2025-01-02,1,M09,P02,L05,132,95,12,9
2025-01-02,1,M10,P02,L04,154,178,9,1
2025-01-02,2,M01,P05,L03,112,97,2,6
2025-01-02,2,M02,P05,L04,161,192,28,4
2025-01-02,2,M03,P01,L04,115,135,11,8
2025-01-02,2,M04,P01,L02,183,84,0,0
2025-01-02,2,M05,P05,L03,113,199,29,1
2025-01-02,2,M06,P02,L04,161,116,24,0
2025-01-02,2,M07,P01,L05,114,128,24,7
2025-01-02,2,M08,P04,L04,158,116,28,4
2025-01-02,2,M09,P04,L03,169,118,23,7
2025-01-02,2,M10,P05,L03,197,104,6,3
2025-01-02,3,M01,P03,L04,171,99,28,5
2025-01-02,3,M02,P03,L05,173,186,1,8
2025-01-02,3,M03,P01,L02,102,199,5,4
2025-01-02,3,M04,P01,L05,108,178,19,9
2025-01-02,3,M05,P05,L01,134,129,17,0
2025-01-02,3,M06,P03,L03,112,199,28,8
2025-01-02,3,M07,P04,L01,113,180,1,8
2025-01-02,3,M08,P03,L03,191,108,8,2
2025-01-02,3,M09,P02,L01,175,121,8,7
2025-01-02,3,M10,P05,L01,110,138,1,7
2025-01-02,4,M01,P03,L04,104,127,25,1
2025-01-02,4,M02,P04,L05,147,156,27,4
2025-01-02,4,M03,P01,L05,139,124,29,2
2025-01-02,4,M04,P03,L02,155,119,1,7
2025-01-02,4,M05,P05,L03,132,85,23,2
2025-01-02,4,M06,P01,L04,158,138,15,8
2025-01-02,4,M07,P03,L05,144,168,20,9
2025-01-02,4,M08,P03,L04,137,139,6,4
2025-01-02,4,M09,P05,L03,157,194,22,9
2025-01-02,4,M10,P03,L02,152,109,6,1
2025-01-02,5,M01,P02,L04,177,156,28,6
2025-01-02,5,M02,P05,L02,145,106,16,8
2025-01-02,5,M03,P02,L01,159,143,23,2
2025-01-02,5,M04,P02,L03,195,177,27,4
2025-01-02,5,M05,P04,L05,119,175,3,1
2025-01-02,5,M06,P03,L04,163,96,11,5
2025-01-02,5,M07,P02,L01,164,101,25,7
2025-01-02,5,M08,P02,L03,149,93,14,3
2025-01-02,5,M09,P03,L03,151,155,6,0
2025-01-02,5,M10,P03,L03,157,166,25,1
2025-01-02,6,M01,P05,L02,103,160,2,8
2025-01-02,6,M02,P05,L05,174,195,1,3
2025-01-02,6,M03,P03,L03,166,160,29,7
2025-01-02,6,M04,P05,L04,120,126,15,4
2025-01-02,6,M05,P04,L03,105,98,24,4
2025-01-02,6,M06,P03,L03,100,137,27,5
2025-01-02,6,M07,P05,L02,134,143,16,8
2025-01-02,6,M08,P02,L04,114,187,15,7
2025-01-02,6,M09,P01,L04,116,172,20,7
2025-01-02,6,M10,P02,L03,170,82,28,4
2025-01-02,7,M01,P02,L04,102,99,13,8
2025-01-02,7,M02,P04,L01,183,179,8,5
2025-01-02,7,M03,P04,L01,162,165,21,4
2025-01-02,7,M04,P02,L05,187,151,10,0
2025-01-02,7,M05,P02,L05,193,143,17,5
2025-01-02,7,M06,P05,L03,188,112,27,5
2025-01-02,7,M07,P03,L01,185,130,23,8
2025-01-02,7,M08,P04,L01,145,111,14,5
2025-01-02,7,M09,P04,L04,132,153,7,1
2025-01-02,7,M10,P01,L04,101,176,0,8
2025-01-02,8,M01,P01,L05,176,195,25,5
2025-01-02,8,M02,P02,L02,145,193,14,1
2025-01-02,8,M03,P04,L02,148,183,10,2
2025-01-02,8,M04,P01,L03,105,152,6,8
2025-01-02,8,M05,P04,L02,107,151,17,3
2025-01-02,8,M06,P03,L03,183,159,3,5
2025-01-02,8,M07,P02,L02,102,120,27,9
2025-01-02,8,M08,P02,L03,111,166,11,8
2025-01-02,8,M09,P03,L05,118,134,13,3
2025-01-02,8,M10,P05,L05,152,134,18,1
2025-01-02,9,M01,P03,L02,121,116,23,8
2025-01-02,9,M02,P03,L03,127,153,18,2
2025-01-02,9,M03,P05,L05,153,142,14,0
2025-01-02,9,M04,P01,L04,193,164,25,7
2025-01-02,9,M05,P05,L04,103,171,11,3
2025-01-02,9,M06,P02,L04,148,130,8,3
2025-01-02,9,M07,P05,L02,197,179,1,1
2025-01-02,9,M08,P02,L04,157,197,28,2
2025-01-02,9,M09,P02,L05,139,100,14,0
2025-01-02,9,M10,P02,L03,107,179,15,6
2025-01-02,10,M01,P04,L02,113,157,1,6
2025-01-02,10,M02,P05,L05,137,188,8,5
2025-01-02,10,M03,P05,L04,113,199,6,8
2025-01-02,10,M04,P02,L04,169,96,26,8
2025-01-02,10,M05,P04,L01,165,114,4,4
2025-01-02,10,M06,P04,L01,155,115,12,6
2025-01-02,10,M07,P02,L03,166,197,13,9
2025-01-02,10,M08,P02,L05,175,173,8,0
2025-01-02,10,M09,P04,L05,107,122,11,0
2025-01-02,10,M10,P04,L01,127,186,4,4
2025-01-02,11,M01,P05,L04,148,192,23,7
2025-01-02,11,M02,P04,L04,160,99,17,1
2025-01-02,11,M03,P05,L01,119,105,28,0
2025-01-02,11,M04,P05,L03,158,148,0,0
2025-01-02,11,M05,P04,L03,119,132,17,7
2025-01-02,11,M06,P03,L03,197,168,17,8
2025-01-02,11,M07,P02,L03,122,123,5,3
2025-01-02,11,M08,P04,L05,179,129,9,6
2025-01-02,11,M09,P05,L02,100,198,7,5
2025-01-02,11,M10,P02,L05,164,134,22,9
2025-01-02,12,M01,P02,L03,129,193,17,0
2025-01-02,12,M02,P01,L02,175,170,7,8
2025-01-02,12,M03,P01,L04,100,98,15,4
2025-01-02,12,M04,P01,L05,189,141,27,1
2025-01-02,12,M05,P01,L02,132,120,24,8
2025-01-02,12,M06,P05,L05,130,184,10,3
2025-01-02,12,M07,P05,L02,103,181,18,5
2025-01-02,12,M08,P02,L02,112,184,22,2
2025-01-02,12,M09,P03,L05,100,167,29,5
2025-01-02,12,M10,P05,L01,114,144,11,9
2025-01-02,13,M01,P03,L05,159,172,24,0
2025-01-02,13,M02,P01,L01,134,123,5,9
2025-01-02,13,M03,P03,L03,171,189,13,9
2025-01-02,13,M04,P01,L02,102,164,25,7
2025-01-02,13,M05,P04,L02,192,105,24,4
2025-01-02,13,M06,P05,L02,178,123,3,6
2025-01-02,13,M07,P04,L02,142,188,20,6
2025-01-02,13,M08,P05,L03,114,104,3,2
2025-01-02,13,M09,P05,L04,112,165,18,1
2025-01-02,13,M10,P04,L05,151,189,26,2
2025-01-02,14,M01,P04,L02,129,97,1,0
2025-01-02,14,M02,P04,L05,189,168,29,6
2025-01-02,14,M03,P02,L04,138,92,6,7
2025-01-02,14,M04,P02,L01,160,121,23,3
2025-01-02,14,M05,P04,L04,106,133,0,7
2025-01-02,14,M06,P02,L05,146,92,22,5
2025-01-02,14,M07,P04,L05,108,105,8,9
2025-01-02,14,M08,P01,L02,141,151,23,0
2025-01-02,14,M09,P03,L02,136,147,17,7
2025-01-02,14,M10,P04,L03,159,118,9,8
2025-01-02,15,M01,P03,L02,135,153,0,6
2025-01-02,15,M02,P05,L02,146,128,2,1
2025-01-02,15,M03,P05,L01,180,101,15,4
2025-01-02,15,M04,P04,L03,170,111,10,9
2025-01-02,15,M05,P05,L01,156,104,1,2
2025-01-02,15,M06,P02,L05,166,121,21,6
2025-01-02,15,M07,P01,L01,174,182,23,2
2025-01-02,15,M08,P02,L04,141,111,6,3
2025-01-02,15,M09,P01,L05,135,82,8,7
2025-01-02,15,M10,P03,L01,169,120,6,3
2025-01-02,16,M01,P01,L05,159,81,27,4
2025-01-02,16,M02,P03,L04,131,100,7,5
2025-01-02,16,M03,P03,L02,143,137,2,5
2025-01-02,16,M04,P04,L02,101,181,16,2
2025-01-02,16,M05,P04,L02,107,101,11,9
2025-01-02,16,M06,P05,L04,176,172,14,8
2025-01-02,16,M07,P01,L02,154,95,11,0
2025-01-02,16,M08,P04,L04,102,95,29,6
2025-01-02,16,M09,P03,L04,104,163,7,7
2025-01-02,16,M10,P01,L04,129,100,19,5
2025-01-02,17,M01,P01,L02,115,155,5,3
2025-01-02,17,M02,P05,L02,113,115,0,6
2025-01-02,17,M03,P05,L02,165,184,20,1
2025-01-02,17,M04,P01,L03,172,144,10,2
2025-01-02,17,M05,P02,L04,167,161,22,5
2025-01-02,17,M06,P03,L03,114,165,27,4
2025-01-02,17,M07,P02,L04,111,190,16,9
2025-01-02,17,M08,P05,L02,134,109,23,9
2025-01-02,17,M09,P04,L03,113,152,14,4
2025-01-02,17,M10,P02,L03,190,81,2,1
2025-01-02,18,M01,P02,L04,109,104,1,8
2025-01-02,18,M02,P01,L05,135,174,13,0
2025-01-02,18,M03,P04,L05,102,178,8,5
2025-01-02,18,M04,P05,L01,197,87,20,1
2025-01-02,18,M05,P01,L04,178,147,12,3
2025-01-02,18,M06,P05,L02,159,142,5,1
2025-01-02,18,M07,P03,L04,130,194,4,2
2025-01-02,18,M08,P02,L02,188,81,29,1
2025-01-02,18,M09,P01,L05,186,162,8,2
2025-01-02,18,M10,P01,L05,127,141,13,2
2025-01-02,19,M01,P01,L04,103,83,6,7
2025-01-02,19,M02,P05,L01,151,172,19,3
2025-01-02,19,M03,P02,L04,162,180,19,2
2025-01-02,19,M04,P04,L03,185,93,6,4
2025-01-02,19,M05,P05,L05,154,81,29,4
2025-01-02,19,M06,P02,L05,186,137,23,6
2025-01-02,19,M07,P01,L05,112,164,25,1
2025-01-02,19,M08,P05,L05,152,161,4,3
2025-01-02,19,M09,P03,L01,159,90,20,3
2025-01-02,19,M10,P02,L05,167,113,19,1
2025-01-02,20,M01,P01,L03,192,131,28,5
2025-01-02,20,M02,P05,L02,141,92,16,8
2025-01-02,20,M03,P01,L01,140,80,1,0
2025-01-02,20,M04,P02,L02,157,139,7,4
2025-01-02,20,M05,P03,L04,133,87,26,5
2025-01-02,20,M06,P01,L01,159,166,23,2
2025-01-02,20,M07,P04,L05,164,166,4,7
2025-01-02,20,M08,P01,L05,186,122,0,2
2025-01-02,20,M09,P01,L03,104,99,20,7
2025-01-02,20,M10,P04,L02,110,131,14,2
2025-01-02,21,M01,P04,L03,150,186,25,4
2025-01-02,21,M02,P02,L05,137,190,15,0
2025-01-02,21,M03,P01,L01,165,158,17,2
2025-01-02,21,M04,P04,L01,167,157,8,8
2025-01-02,21,M05,P02,L01,161,193,9,4
2025-01-02,21,M06,P04,L04,190,183,1,5
2025-01-02,21,M07,P05,L05,131,174,15,1
2025-01-02,21,M08,P02,L03,114,96,7,1
2025-01-02,21,M09,P01,L01,158,157,27,9
2025-01-02,21,M10,P02,L01,121,195,29,3
2025-01-02,22,M01,P04,L05,131,130,13,0
2025-01-02,22,M02,P03,L05,131,173,22,6
2025-01-02,22,M03,P04,L01,146,97,20,4
2025-01-02,22,M04,P03,L04,185,101,10,8
2025-01-02,22,M05,P05,L04,112,161,1,4
2025-01-02,22,M06,P03,L04,149,174,14,2
2025-01-02,22,M07,P05,L04,121,122,4,0
2025-01-02,22,M08,P03,L03,122,108,29,6
2025-01-02,22,M09,P01,L04,107,185,25,7
2025-01-02,22,M10,P04,L01,104,82,0,3
2025-01-02,23,M01,P02,L03,197,186,24,9
2025-01-02,23,M02,P03,L05,126,145,8,8
2025-01-02,23,M03,P04,L04,185,185,25,9
2025-01-02,23,M04,P01,L04,177,93,24,1
2025-01-02,23,M05,P01,L05,119,154,15,2
2025-01-02,23,M06,P05,L03,157,83,14,3
2025-01-02,23,M07,P02,L04,123,197,2,9
2025-01-02,23,M08,P05,L05,153,183,6,4
2025-01-02,23,M09,P04,L02,159,136,12,3
2025-01-02,23,M10,P04,L01,192,93,2,7
2025-01-02,24,M01,P02,L05,154,195,3,7
2025-01-02,24,M02,P02,L02,118,110,27,2
2025-01-02,24,M03,P03,L01,121,103,12,9
2025-01-02,24,M04,P04,L05,163,98,15,3
2025-01-02,24,M05,P01,L01,117,142,19,0
2025-01-02,24,M06,P04,L03,146,154,24,5
2025-01-02,24,M07,P01,L05,116,149,3,3
2025-01-02,24,M08,P04,L03,174,182,8,9
2025-01-02,24,M09,P01,L05,160,89,17,2
2025-01-02,24,M10,P03,L05,193,197,12,5
2025-01-03,1,M01,P03,L01,150,196,18,9
2025-01-03,1,M02,P02,L03,168,172,4,3
2025-01-03,1,M03,P05,L01,173,143,4,3
2025-01-03,1,M04,P04,L02,138,193,2,0
2025-01-03,1,M05,P04,L01,169,120,21,8
2025-01-03,1,M06,P01,L04,135,164,29,7
2025-01-03,1,M07,P02,L04,129,165,27,6
2025-01-03,1,M08,P04,L03,113,199,9,5
2025-01-03,1,M09,P01,L02,176,149,11,8
2025-01-03,1,M10,P04,L05,155,186,19,1
2025-01-03,2,M01,P03,L02,156,100,3,1
2025-01-03,2,M02,P03,L01,106,149,14,1
2025-01-03,2,M03,P04,L03,187,94,15,6
2025-01-03,2,M04,P02,L05,125,187,23,8
2025-01-03,2,M05,P02,L05,120,161,4,2
2025-01-03,2,M06,P05,L02,187,128,18,2
2025-01-03,2,M07,P05,L01,111,140,8,0
2025-01-03,2,M08,P05,L02,167,185,24,6
2025-01-03,2,M09,P01,L01,123,140,28,1
2025-01-03,2,M10,P02,L04,142,120,6,5
2025-01-03,3,M01,P01,L01,197,149,13,5
2025-01-03,3,M02,P01,L02,173,164,4,1
2025-01-03,3,M03,P02,L01,173,177,15,2
2025-01-03,3,M04,P04,L05,187,190,7,5
2025-01-03,3,M05,P03,L04,109,178,18,0
2025-01-03,3,M06,P04,L05,125,147,13,3
2025-01-03,3,M07,P04,L05,191,93,26,8
2025-01-03,3,M08,P04,L02,125,192,1,8
2025-01-03,3,M09,P04,L03,196,121,19,2
2025-01-03,3,M10,P01,L04,149,122,18,4
2025-01-03,4,M01,P03,L03,111,153,7,7
2025-01-03,4,M02,P04,L04,140,115,4,4
2025-01-03,4,M03,P02,L01,141,139,19,5
2025-01-03,4,M04,P02,L04,106,159,2,2
2025-01-03,4,M05,P02,L03,139,181,0,0
2025-01-03,4,M06,P04,L05,147,186,4,3
2025-01-03,4,M07,P01,L03,111,90,13,6
2025-01-03,4,M08,P05,L01,120,109,12,1
2025-01-03,4,M09,P04,L04,194,138,22,4
2025-01-03,4,M10,P03,L01,196,147,24,3
2025-01-03,5,M01,P02,L02,104,178,28,8
2025-01-03,5,M02,P02,L04,105,162,27,8
2025-01-03,5,M03,P02,L03,146,187,11,8
2025-01-03,5,M04,P02,L05,185,82,11,9
2025-01-03,5,M05,P04,L05,189,141,0,4
2025-01-03,5,M06,P04,L03,133,120,18,1
2025-01-03,5,M07,P03,L02,156,102,15,5
2025-01-03,5,M08,P05,L01,110,173,14,2
2025-01-03,5,M09,P04,L01,115,113,1,2
2025-01-03,5,M10,P01,L04,119,80,7,6
2025-01-03,6,M01,P04,L03,157,104,14,5
2025-01-03,6,M02,P03,L05,156,196,20,3
2025-01-03,6,M03,P04,L04,116,118,8,2
2025-01-03,6,M04,P05,L04,178,161,18,0
2025-01-03,6,M05,P03,L03,122,138,26,1
2025-01-03,6,M06,P05,L04,171,141,2,2
2025-01-03,6,M07,P04,L03,124,119,23,9
2025-01-03,6,M08,P03,L01,150,82,9,2
2025-01-03,6,M09,P04,L01,183,124,6,8
2025-01-03,6,M10,P04,L03,118,126,19,7
2025-01-03,7,M01,P05,L05,135,119,16,8
2025-01-03,7,M02,P04,L01,188,93,10,4
2025-01-03,7,M03,P01,L03,158,157,29,8
2025-01-03,7,M04,P03,L04,167,171,7,1
2025-01-03,7,M05,P05,L01,185,120,23,6
2025-01-03,7,M06,P01,L05,147,109,11,2
2025-01-03,7,M07,P02,L03,184,100,4,3
2025-01-03,7,M08,P03,L05,143,112,20,8
2025-01-03,7,M09,P01,L05,167,114,16,1
2025-01-03,7,M10,P05,L01,186,126,7,5
2025-01-03,8,M01,P01,L04,118,105,19,5
2025-01-03,8,M02,P03,L05,137,99,24,2
2025-01-03,8,M03,P04,L04,127,83,21,2
2025-01-03,8,M04,P02,L04,187,113,26,6
2025-01-03,8,M05,P01,L01,171,166,5,5
2025-01-03,8,M06,P02,L01,116,140,11,5
2025-01-03,8,M07,P03,L02,107,162,27,9
2025-01-03,8,M08,P01,L01,192,188,16,2
2025-01-03,8,M09,P05,L03,183,135,16,5
2025-01-03,8,M10,P01,L01,161,87,10,3
2025-01-03,9,M01,P01,L04,189,118,20,4
2025-01-03,9,M02,P02,L01,153,184,8,7
2025-01-03,9,M03,P01,L05,140,96,23,4
2025-01-03,9,M04,P03,L03,138,134,8,6
2025-01-03,9,M05,P03,L05,118,90,12,0
2025-01-03,9,M06,P03,L04,175,151,7,4
2025-01-03,9,M07,P04,L05,160,191,0,9
2025-01-03,9,M08,P02,L04,168,87,24,6
2025-01-03,9,M09,P01,L05,146,163,17,1
2025-01-03,9,M10,P04,L02,193,112,3,1
2025-01-03,10,M01,P03,L05,127,119,19,0
2025-01-03,10,M02,P04,L01,114,120,6,1
2025-01-03,10,M03,P01,L05,173,145,18,9
2025-01-03,10,M04,P03,L02,172,118,27,2
2025-01-03,10,M05,P03,L04,101,172,5,2
2025-01-03,10,M06,P01,L02,140,91,2,0
2025-01-03,10,M07,P02,L05,184,141,16,8
2025-01-03,10,M08,P04,L01,120,133,10,1
2025-01-03,10,M09,P03,L04,144,198,8,4
2025-01-03,10,M10,P04,L02,197,111,2,2
2025-01-03,11,M01,P04,L04,178,120,22,7
2025-01-03,11,M02,P02,L03,156,197,3,0
2025-01-03,11,M03,P04,L02,136,86,3,4
2025-01-03,11,M04,P01,L01,146,99,18,9
2025-01-03,11,M05,P02,L04,191,114,10,0
2025-01-03,11,M06,P05,L01,107,113,15,3
2025-01-03,11,M07,P01,L04,130,83,16,1
2025-01-03,11,M08,P03,L05,166,154,12,3
2025-01-03,11,M09,P03,L02,145,197,10,9
2025-01-03,11,M10,P02,L03,105,138,28,4
2025-01-03,12,M01,P05,L02,136,121,27,4
2025-01-03,12,M02,P04,L03,117,152,16,3
2025-01-03,12,M03,P05,L01,195,191,21,3
2025-01-03,12,M04,P05,L05,148,92,1,5
2025-01-03,12,M05,P03,L05,186,130,2,9
2025-01-03,12,M06,P05,L02,150,192,20,4
2025-01-03,12,M07,P03,L04,167,194,0,7
2025-01-03,12,M08,P03,L05,112,190,1,3
2025-01-03,12,M09,P05,L03,116,178,27,1
2025-01-03,12,M10,P02,L01,118,116,6,4
2025-01-03,13,M01,P05,L04,116,180,3,5
2025-01-03,13,M02,P03,L03,197,90,21,5
2025-01-03,13,M03,P03,L05,191,84,16,7
2025-01-03,13,M04,P01,L04,145,91,5,0
2025-01-03,13,M05,P03,L03,125,127,11,3
2025-01-03,13,M06,P04,L02,174,112,29,7
2025-01-03,13,M07,P03,L03,163,194,17,0
2025-01-03,13,M08,P05,L03,177,170,17,2
2025-01-03,13,M09,P05,L04,134,127,8,7
2025-01-03,13,M10,P05,L04,180,160,16,0
2025-01-03,14,M01,P03,L03,158,148,12,6
2025-01-03,14,M02,P05,L02,185,122,2,5
2025-01-03,14,M03,P02,L02,163,100,15,1
2025-01-03,14,M04,P03,L01,155,109,24,2
2025-01-03,14,M05,P02,L03,107,105,16,7
2025-01-03,14,M06,P01,L03,135,104,4,0
2025-01-03,14,M07,P05,L05,107,84,27,8
2025-01-03,14,M08,P04,L01,134,145,7,6
2025-01-03,14,M09,P02,L01,145,157,3,5
2025-01-03,14,M10,P03,L03,171,82,13,1
2025-01-03,15,M01,P05,L05,182,181,15,1
2025-01-03,15,M02,P02,L01,115,181,27,1
2025-01-03,15,M03,P02,L02,112,135,14,1
2025-01-03,15,M04,P03,L03,192,182,20,6
2025-01-03,15,M05,P01,L01,129,132,12,4
2025-01-03,15,M06,P05,L03,118,136,24,5
2025-01-03,15,M07,P02,L01,109,179,7,5
2025-01-03,15,M08,P04,L04,131,193,13,1
2025-01-03,15,M09,P04,L04,152,103,14,5
2025-01-03,15,M10,P05,L04,158,166,7,1
2025-01-03,16,M01,P02,L04,181,199,1,8
2025-01-03,16,M02,P01,L04,178,136,16,9
2025-01-03,16,M03,P02,L05,117,175,21,5
2025-01-03,16,M04,P02,L01,107,120,5,4
2025-01-03,16,M05,P01,L04,163,108,27,8
2025-01-03,16,M06,P03,L01,118,88,26,1
2025-01-03,16,M07,P04,L04,199,161,14,2
2025-01-03,16,M08,P03,L05,148,149,15,7
2025-01-03,16,M09,P03,L04,136,96,25,6
2025-01-03,16,M10,P05,L02,132,139,26,8
2025-01-03,17,M01,P05,L02,120,186,12,4
2025-01-03,17,M02,P04,L01,110,96,3,8
2025-01-03,17,M03,P05,L01,183,162,18,4
2025-01-03,17,M04,P01,L02,147,182,27,8
2025-01-03,17,M05,P02,L03,177,178,11,8
2025-01-03,17,M06,P01,L04,112,161,4,3
2025-01-03,17,M07,P01,L02,172,117,10,5
2025-01-03,17,M08,P04,L01,186,124,12,1
2025-01-03,17,M09,P04,L01,117,82,27,5
2025-01-03,17,M10,P04,L04,120,107,7,5
2025-01-03,18,M01,P04,L01,120,186,2,8
2025-01-03,18,M02,P02,L01,152,123,14,4
2025-01-03,18,M03,P05,L02,136,181,23,1
2025-01-03,18,M04,P04,L01,113,89,2,8
2025-01-03,18,M05,P01,L03,111,133,19,7
2025-01-03,18,M06,P03,L05,124,179,25,9
2025-01-03,18,M07,P04,L01,127,95,14,0
2025-01-03,18,M08,P02,L04,175,106,21,4
2025-01-03,18,M09,P03,L02,146,173,8,1
2025-01-03,18,M10,P05,L05,124,112,22,9
2025-01-03,19,M01,P01,L04,111,95,15,4
2025-01-03,19,M02,P05,L04,106,179,14,2
2025-01-03,19,M03,P03,L01,107,176,22,8
2025-01-03,19,M04,P03,L05,103,183,2,8
2025-01-03,19,M05,P02,L05,197,107,12,6
2025-01-03,19,M06,P02,L04,103,169,7,8
2025-01-03,19,M07,P04,L05,149,154,14,5
2025-01-03,19,M08,P01,L01,158,169,11,6
2025-01-03,19,M09,P01,L02,125,104,9,2
2025-01-03,19,M10,P05,L03,152,151,7,3
2025-01-03,20,M01,P03,L04,164,128,14,3
2025-01-03,20,M02,P01,L04,146,110,8,1
2025-01-03,20,M03,P01,L02,104,163,19,8
2025-01-03,20,M04,P01,L03,149,117,26,1
2025-01-03,20,M05,P02,L05,120,125,4,5
2025-01-03,20,M06,P02,L02,145,92,29,2
2025-01-03,20,M07,P04,L05,132,160,15,1
2025-01-03,20,M08,P04,L03,169,120,15,3
2025-01-03,20,M09,P04,L03,147,135,26,9
2025-01-03,20,M10,P04,L01,110,180,24,1
2025-01-03,21,M01,P02,L03,125,85,3,2
2025-01-03,21,M02,P03,L05,197,96,10,4
2025-01-03,21,M03,P02,L02,107,92,9,7
2025-01-03,21,M04,P01,L04,142,118,16,3
2025-01-03,21,M05,P05,L02,185,123,8,4
2025-01-03,21,M06,P04,L02,191,107,9,4
2025-01-03,21,M07,P04,L02,165,134,7,5
2025-01-03,21,M08,P03,L05,192,146,11,9
2025-01-03,21,M09,P01,L04,153,199,22,1
2025-01-03,21,M10,P01,L03,131,168,28,6
2025-01-03,22,M01,P03,L01,183,99,20,2
2025-01-03,22,M02,P01,L03,190,169,13,0
2025-01-03,22,M03,P05,L02,192,163,20,1
2025-01-03,22,M04,P01,L04,100,137,25,3
2025-01-03,22,M05,P02,L04,158,154,8,8
2025-01-03,22,M06,P02,L05,164,96,21,1
2025-01-03,22,M07,P01,L05,192,147,4,7
2025-01-03,22,M08,P05,L03,198,155,25,2
2025-01-03,22,M09,P05,L03,159,150,14,6
2025-01-03,22,M10,P05,L02,120,157,3,6
2025-01-03,23,M01,P04,L02,114,193,19,7
2025-01-03,23,M02,P03,L01,145,107,13,8
2025-01-03,23,M03,P04,L03,114,178,4,0
2025-01-03,23,M04,P03,L03,139,142,28,3
2025-01-03,23,M05,P05,L02,123,103,9,3
2025-01-03,23,M06,P02,L03,156,128,22,4
2025-01-03,23,M07,P05,L04,168,174,29,4
2025-01-03,23,M08,P01,L01,159,133,5,4
2025-01-03,23,M09,P02,L01,139,86,6,5
2025-01-03,23,M10,P05,L05,183,82,18,5
2025-01-03,24,M01,P04,L04,175,117,18,3
2025-01-03,24,M02,P05,L01,112,166,25,1
2025-01-03,24,M03,P01,L05,126,130,13,8
2025-01-03,24,M04,P04,L03,138,95,23,5
2025-01-03,24,M05,P05,L05,171,192,15,6
2025-01-03,24,M06,P02,L02,131,138,1,8
2025-01-03,24,M07,P03,L01,195,89,21,8
2025-01-03,24,M08,P04,L01,147,131,14,8
2025-01-03,24,M09,P05,L03,164,142,24,2
2025-01-03,24,M10,P01,L04,187,145,7,6
2025-01-04,1,M01,P01,L03,122,118,28,8
2025-01-04,1,M02,P02,L01,140,172,8,5
2025-01-04,1,M03,P04,L04,102,160,16,6
2025-01-04,1,M04,P01,L01,166,169,14,3
2025-01-04,1,M05,P02,L04,182,122,19,2
2025-01-04,1,M06,P01,L02,113,113,28,6
2025-01-04,1,M07,P03,L04,128,162,5,8
2025-01-04,1,M08,P01,L01,139,162,20,0
2025-01-04,1,M09,P03,L05,179,85,7,2
2025-01-04,1,M10,P04,L03,179,122,9,8
2025-01-04,2,M01,P04,L04,143,102,1,7
2025-01-04,2,M02,P01,L03,171,86,13,7
2025-01-04,2,M03,P02,L03,115,198,18,2
2025-01-04,2,M04,P04,L02,179,151,27,0
2025-01-04,2,M05,P04,L01,152,154,4,0
2025-01-04,2,M06,P05,L01,156,107,13,4
2025-01-04,2,M07,P01,L03,161,129,15,8
2025-01-04,2,M08,P05,L03,165,173,14,6
2025-01-04,2,M09,P01,L04,112,163,21,6
2025-01-04,2,M10,P05,L03,119,108,23,1
2025-01-04,3,M01,P01,L02,156,87,25,9
2025-01-04,3,M02,P02,L01,105,137,4,8
2025-01-04,3,M03,P02,L05,189,163,8,0
2025-01-04,3,M04,P01,L03,175,150,26,2
2025-01-04,3,M05,P02,L02,188,114,15,1
2025-01-04,3,M06,P02,L04,137,101,25,6
2025-01-04,3,M07,P05,L03,119,170,8,5
2025-01-04,3,M08,P04,L04,118,163,2,1
2025-01-04,3,M09,P02,L05,121,146,5,9
2025-01-04,3,M10,P01,L01,195,127,5,8
2025-01-04,4,M01,P04,L03,158,81,28,3
2025-01-04,4,M02,P03,L01,125,168,9,4
2025-01-04,4,M03,P03,L03,147,100,26,7
2025-01-04,4,M04,P02,L04,129,104,12,0
2025-01-04,4,M05,P05,L01,167,86,16,8
2025-01-04,4,M06,P03,L04,100,89,3,8
2025-01-04,4,M07,P02,L05,131,111,5,5
2025-01-04,4,M08,P02,L01,126,133,17,2
2025-01-04,4,M09,P03,L04,184,104,27,3
2025-01-04,4,M10,P03,L05,172,106,25,2
2025-01-04,5,M01,P01,L04,142,120,9,1
2025-01-04,5,M02,P05,L04,139,118,16,4
2025-01-04,5,M03,P01,L04,168,122,15,1
2025-01-04,5,M04,P05,L03,149,146,29,9
2025-01-04,5,M05,P03,L01,115,161,29,6
2025-01-04,5,M06,P02,L02,137,98,3,7
2025-01-04,5,M07,P02,L03,164,198,23,7
2025-01-04,5,M08,P02,L03,180,152,28,5
2025-01-04,5,M09,P01,L03,138,192,27,0
2025-01-04,5,M10,P01,L05,181,135,26,4
2025-01-04,6,M01,P05,L02,157,186,26,5
2025-01-04,6,M02,P04,L02,136,158,27,1
2025-01-04,6,M03,P03,L02,157,136,12,3
2025-01-04,6,M04,P03,L05,153,167,3,0
2025-01-04,6,M05,P02,L03,100,181,5,4
2025-01-04,6,M06,P05,L05,173,171,20,1
2025-01-04,6,M07,P05,L03,146,163,18,2
2025-01-04,6,M08,P05,L04,100,147,11,7
2025-01-04,6,M09,P01,L02,120,140,25,3
2025-01-04,6,M10,P05,L01,154,125,22,4
2025-01-04,7,M01,P02,L04,148,185,25,6
2025-01-04,7,M02,P01,L01,184,140,8,5
2025-01-04,7,M03,P05,L03,134,118,21,8
2025-01-04,7,M04,P02,L05,186,160,11,6
2025-01-04,7,M05,P01,L03,185,152,28,4
2025-01-04,7,M06,P04,L05,122,124,16,6
2025-01-04,7,M07,P02,L05,105,187,17,5
2025-01-04,7,M08,P01,L01,131,121,18,9
2025-01-04,7,M09,P04,L02,135,113,8,9
2025-01-04,7,M10,P03,L04,177,118,22,5
2025-01-04,8,M01,P04,L03,123,151,10,8
2025-01-04,8,M02,P01,L01,118,146,9,7
2025-01-04,8,M03,P01,L02,128,129,1,2
2025-01-04,8,M04,P01,L05,133,172,15,0
2025-01-04,8,M05,P05,L05,128,118,23,9
2025-01-04,8,M06,P05,L01,168,105,16,2
2025-01-04,8,M07,P01,L02,152,144,16,0
2025-01-04,8,M08,P01,L03,102,158,28,4
2025-01-04,8,M09,P02,L03,115,104,21,8
2025-01-04,8,M10,P05,L01,185,159,8,2
2025-01-04,9,M01,P03,L04,170,157,28,2
2025-01-04,9,M02,P02,L03,140,124,14,2
2025-01-04,9,M03,P05,L03,145,109,24,7
2025-01-04,9,M04,P03,L02,147,145,7,5
2025-01-04,9,M05,P01,L04,135,158,27,3
2025-01-04,9,M06,P01,L01,144,161,1,5
2025-01-04,9,M07,P05,L04,192,146,18,2
2025-01-04,9,M08,P04,L03,159,195,10,9
2025-01-04,9,M09,P03,L03,129,186,1,0
2025-01-04,9,M10,P04,L01,130,177,28,7
2025-01-04,10,M01,P04,L01,107,152,25,9
2025-01-04,10,M02,P05,L05,161,118,25,3
2025-01-04,10,M03,P03,L01,182,143,11,6
2025-01-04,10,M04,P01,L04,191,85,28,9
2025-01-04,10,M05,P03,L01,120,143,25,3
2025-01-04,10,M06,P05,L02,185,141,9,9
2025-01-04,10,M07,P05,L05,110,133,15,7
2025-01-04,10,M08,P01,L03,139,188,26,1
2025-01-04,10,M09,P02,L04,143,90,14,0
2025-01-04,10,M10,P02,L02,149,91,18,9
2025-01-04,11,M01,P01,L02,161,117,24,2
2025-01-04,11,M02,P05,L03,100,173,12,4
2025-01-04,11,M03,P05,L02,126,179,6,5
2025-01-04,11,M04,P05,L02,178,158,3,6
2025-01-04,11,M05,P02,L04,183,155,0,7
2025-01-04,11,M06,P05,L01,162,101,5,4
2025-01-04,11,M07,P05,L03,159,199,13,1
2025-01-04,11,M08,P03,L01,128,150,7,5
2025-01-04,11,M09,P02,L02,107,154,0,5
2025-01-04,11,M10,P03,L05,119,91,10,9
2025-01-04,12,M01,P05,L03,190,114,14,0
2025-01-04,12,M02,P04,L03,174,138,20,2
2025-01-04,12,M03,P04,L03,147,196,2,5
2025-01-04,12,M04,P01,L02,195,179,22,9
2025-01-04,12,M05,P03,L03,179,148,20,9
2025-01-04,12,M06,P01,L03,167,140,28,2
2025-01-04,12,M07,P02,L03,173,140,10,8
2025-01-04,12,M08,P03,L04,186,103,10,1
2025-01-04,12,M09,P05,L04,162,138,4,2
2025-01-04,12,M10,P04,L05,149,83,21,0
2025-01-04,13,M01,P04,L02,137,104,13,1
2025-01-04,13,M02,P02,L03,186,154,20,4
2025-01-04,13,M03,P03,L01,188,184,21,9
2025-01-04,13,M04,P01,L03,163,150,3,0
2025-01-04,13,M05,P02,L04,146,160,28,1
2025-01-04,13,M06,P02,L04,132,198,26,7
2025-01-04,13,M07,P03,L04,127,135,25,1
2025-01-04,13,M08,P01,L05,165,115,21,9
2025-01-04,13,M09,P04,L03,139,122,21,3
2025-01-04,13,M10,P02,L05,129,160,19,3
2025-01-04,14,M01,P05,L03,158,190,23,4
2025-01-04,14,M02,P03,L01,150,163,4,9
2025-01-04,14,M03,P01,L01,107,158,20,3
2025-01-04,14,M04,P05,L04,111,128,16,9
2025-01-04,14,M05,P03,L05,110,177,17,6
2025-01-04,14,M06,P02,L04,133,99,17,5
2025-01-04,14,M07,P04,L02,114,180,19,2
2025-01-04,14,M08,P01,L05,139,151,7,7
2025-01-04,14,M09,P05,L03,193,135,27,9
2025-01-04,14,M10,P01,L04,135,92,3,4
2025-01-04,15,M01,P04,L02,194,161,5,7
2025-01-04,15,M02,P03,L02,191,125,29,4
2025-01-04,15,M03,P03,L02,143,191,27,6
2025-01-04,15,M04,P01,L01,194,174,9,8
2025-01-04,15,M05,P05,L02,155,177,8,5
2025-01-04,15,M06,P01,L05,147,97,18,7
2025-01-04,15,M07,P02,L01,114,158,22,6
2025-01-04,15,M08,P01,L05,131,88,7,3
2025-01-04,15,M09,P03,L02,184,161,12,8
2025-01-04,15,M10,P04,L04,137,162,27,6
2025-01-04,16,M01,P03,L01,147,97,15,6
2025-01-04,16,M02,P03,L04,188,175,29,7
2025-01-04,16,M03,P05,L05,180,192,4,5
2025-01-04,16,M04,P05,L03,159,169,13,5
2025-01-04,16,M05,P04,L04,138,151,24,5
2025-01-04,16,M06,P05,L04,193,146,27,2
2025-01-04,16,M07,P02,L05,179,101,28,5
2025-01-04,16,M08,P03,L01,109,82,26,0
2025-01-04,16,M09,P05,L03,168,141,19,8
2025-01-04,16,M10,P05,L01,183,182,21,3
2025-01-04,17,M01,P05,L05,141,193,16,3
2025-01-04,17,M02,P05,L04,180,133,3,0
2025-01-04,17,M03,P05,L01,116,103,25,7
2025-01-04,17,M04,P03,L02,122,125,7,7
2025-01-04,17,M05,P02,L03,158,92,6,4
2025-01-04,17,M06,P04,L01,188,140,15,6
2025-01-04,17,M07,P02,L02,116,109,6,1
2025-01-04,17,M08,P02,L05,112,122,20,4
2025-01-04,17,M09,P03,L01,114,152,19,9
2025-01-04,17,M10,P05,L04,186,131,29,0
2025-01-04,18,M01,P04,L01,108,133,14,0
2025-01-04,18,M02,P03,L04,174,177,15,8
2025-01-04,18,M03,P01,L04,177,136,7,7
2025-01-04,18,M04,P04,L03,164,186,7,9
2025-01-04,18,M05,P03,L03,142,174,16,0
2025-01-04,18,M06,P05,L02,184,164,7,6
2025-01-04,18,M07,P05,L02,163,194,21,7
2025-01-04,18,M08,P01,L01,198,194,10,7
2025-01-04,18,M09,P05,L01,165,142,7,2
2025-01-04,18,M10,P03,L04,116,85,18,7
2025-01-04,19,M01,P02,L04,137,198,4,2
2025-01-04,19,M02,P04,L04,185,169,16,3
2025-01-04,19,M03,P05,L02,151,137,16,8
2025-01-04,19,M04,P04,L04,182,137,27,2
2025-01-04,19,M05,P04,L03,100,121,17,7
2025-01-04,19,M06,P04,L01,171,167,15,1
2025-01-04,19,M07,P04,L04,126,88,14,7
2025-01-04,19,M08,P05,L04,124,113,2,9
2025-01-04,19,M09,P01,L02,125,99,7,9
2025-01-04,19,M10,P03,L03,123,84,2,9
2025-01-04,20,M01,P01,L03,114,114,11,8
2025-01-04,20,M02,P04,L05,125,126,1,6
2025-01-04,20,M03,P04,L02,111,166,3,6
2025-01-04,20,M04,P01,L01,165,109,2,9
2025-01-04,20,M05,P01,L05,183,128,19,5
2025-01-04,20,M06,P05,L05,196,195,5,9
2025-01-04,20,M07,P04,L02,178,125,24,4
2025-01-04,20,M08,P02,L01,104,149,16,6
2025-01-04,20,M09,P03,L04,117,100,27,2
2025-01-04,20,M10,P02,L03,109,168,19,0
2025-01-04,21,M01,P05,L03,163,84,25,4
2025-01-04,21,M02,P03,L05,192,148,8,1
2025-01-04,21,M03,P04,L01,150,109,10,6
2025-01-04,21,M04,P05,L02,171,142,28,5
2025-01-04,21,M05,P02,L04,193,152,6,9
2025-01-04,21,M06,P02,L05,130,131,24,0
2025-01-04,21,M07,P01,L05,164,142,9,5
2025-01-04,21,M08,P05,L02,178,160,21,5
2025-01-04,21,M09,P05,L03,179,87,29,0
2025-01-04,21,M10,P02,L01,112,96,5,0
2025-01-04,22,M01,P03,L05,113,190,7,5
2025-01-04,22,M02,P03,L05,112,192,20,7
2025-01-04,22,M03,P04,L03,105,148,21,9
2025-01-04,22,M04,P01,L01,133,105,14,4
2025-01-04,22,M05,P04,L02,105,149,26,1
2025-01-04,22,M06,P04,L02,116,93,13,6
2025-01-04,22,M07,P03,L04,162,186,14,2
2025-01-04,22,M08,P03,L01,118,99,3,2
2025-01-04,22,M09,P04,L02,123,140,28,0
2025-01-04,22,M10,P02,L03,164,178,3,5
2025-01-04,23,M01,P05,L02,178,190,29,3
2025-01-04,23,M02,P04,L03,115,141,3,9
2025-01-04,23,M03,P05,L04,165,110,2,5
2025-01-04,23,M04,P01,L03,144,145,7,6
2025-01-04,23,M05,P03,L04,156,159,2,9
2025-01-04,23,M06,P02,L02,168,196,28,6
2025-01-04,23,M07,P02,L04,142,124,22,4
2025-01-04,23,M08,P05,L02,103,172,22,5
2025-01-04,23,M09,P02,L02,114,119,25,8
2025-01-04,23,M10,P02,L05,183,85,15,7
2025-01-04,24,M01,P03,L03,110,122,16,3
2025-01-04,24,M02,P01,L04,140,162,4,5
2025-01-04,24,M03,P01,L03,183,101,15,6
2025-01-04,24,M04,P05,L03,102,88,27,6
2025-01-04,24,M05,P02,L01,172,102,9,2
2025-01-04,24,M06,P05,L05,146,195,22,8
2025-01-04,24,M07,P02,L04,124,153,13,9
2025-01-04,24,M08,P02,L01,193,198,8,8
2025-01-04,24,M09,P04,L03,147,177,9,2
2025-01-04,24,M10,P03,L03,184,100,21,6
2025-01-05,1,M01,P02,L01,175,121,17,5
2025-01-05,1,M02,P03,L03,115,192,18,1
2025-01-05,1,M03,P05,L03,158,169,15,5
2025-01-05,1,M04,P04,L01,146,190,15,9
2025-01-05,1,M05,P04,L04,176,83,6,5
2025-01-05,1,M06,P02,L02,158,106,26,7
2025-01-05,1,M07,P04,L04,112,122,16,0
2025-01-05,1,M08,P05,L04,107,148,25,3
2025-01-05,1,M09,P05,L04,146,155,4,6
2025-01-05,1,M10,P05,L02,151,116,28,2
2025-01-05,2,M01,P04,L04,118,156,9,4
2025-01-05,2,M02,P03,L05,154,195,28,3
2025-01-05,2,M03,P04,L01,101,101,15,1
2025-01-05,2,M04,P04,L05,129,124,18,6
2025-01-05,2,M05,P05,L02,142,141,21,3
2025-01-05,2,M06,P04,L04,135,152,6,2
2025-01-05,2,M07,P04,L03,178,136,19,8
2025-01-05,2,M08,P02,L04,181,84,19,6
2025-01-05,2,M09,P05,L03,121,137,3,1
2025-01-05,2,M10,P02,L05,108,185,6,3
2025-01-05,3,M01,P02,L03,193,110,2,8
2025-01-05,3,M02,P05,L05,130,162,20,1
2025-01-05,3,M03,P04,L03,109,81,1,7
2025-01-05,3,M04,P05,L01,130,186,23,0
2025-01-05,3,M05,P05,L03,103,150,25,1
2025-01-05,3,M06,P01,L04,196,154,27,0
2025-01-05,3,M07,P05,L04,170,81,9,7
2025-01-05,3,M08,P04,L04,118,105,10,7
2025-01-05,3,M09,P03,L02,174,188,2,2
2025-01-05,3,M10,P03,L02,153,145,16,1
2025-01-05,4,M01,P04,L04,137,107,24,9
2025-01-05,4,M02,P02,L04,139,176,12,7
2025-01-05,4,M03,P02,L01,146,116,21,5
2025-01-05,4,M04,P04,L01,126,120,15,1
2025-01-05,4,M05,P01,L02,165,91,7,8
2025-01-05,4,M06,P02,L04,172,89,24,1
2025-01-05,4,M07,P04,L04,165,144,18,3
2025-01-05,4,M08,P02,L03,130,136,13,1
2025-01-05,4,M09,P04,L05,127,163,28,6
2025-01-05,4,M10,P02,L05,177,180,17,7
2025-01-05,5,M01,P02,L02,175,101,23,5
2025-01-05,5,M02,P05,L04,135,101,13,3
2025-01-05,5,M03,P01,L01,144,115,19,1
2025-01-05,5,M04,P05,L03,115,138,4,3
2025-01-05,5,M05,P03,L05,177,182,13,5
2025-01-05,5,M06,P01,L04,186,93,28,6
2025-01-05,5,M07,P01,L04,140,133,14,1
2025-01-05,5,M08,P05,L05,126,195,22,7
2025-01-05,5,M09,P03,L03,196,196,2,0
2025-01-05,5,M10,P03,L04,153,141,22,7
2025-01-05,6,M01,P03,L05,183,114,4,8
2025-01-05,6,M02,P01,L05,194,101,1,4
2025-01-05,6,M03,P03,L04,188,151,22,0
2025-01-05,6,M04,P04,L04,186,175,10,6
2025-01-05,6,M05,P05,L03,153,169,15,2
2025-01-05,6,M06,P03,L04,164,137,20,0
2025-01-05,6,M07,P02,L01,128,163,5,7
2025-01-05,6,M08,P03,L05,132,82,27,2
2025-01-05,6,M09,P03,L05,175,163,12,3
2025-01-05,6,M10,P04,L01,118,181,26,8
2025-01-05,7,M01,P04,L04,152,188,21,2
2025-01-05,7,M02,P02,L04,189,191,18,9
2025-01-05,7,M03,P05,L03,127,88,19,7
2025-01-05,7,M04,P03,L03,111,158,22,9
2025-01-05,7,M05,P03,L02,110,117,1,2
2025-01-05,7,M06,P01,L04,141,171,0,2
2025-01-05,7,M07,P04,L03,146,199,6,6
2025-01-05,7,M08,P04,L05,124,91,25,5
2025-01-05,7,M09,P03,L04,150,196,4,4
2025-01-05,7,M10,P05,L01,188,197,21,8
2025-01-05,8,M01,P04,L04,174,175,16,6
2025-01-05,8,M02,P03,L02,191,133,8,6
2025-01-05,8,M03,P02,L05,127,186,14,8
2025-01-05,8,M04,P01,L02,153,108,18,0
2025-01-05,8,M05,P03,L04,129,171,16,2
2025-01-05,8,M06,P05,L04,144,158,13,7
2025-01-05,8,M07,P03,L01,146,132,21,3
2025-01-05,8,M08,P01,L02,106,101,16,1
2025-01-05,8,M09,P01,L01,173,89,24,6
2025-01-05,8,M10,P02,L05,190,131,0,0
2025-01-05,9,M01,P05,L04,159,113,3,0
2025-01-05,9,M02,P03,L04,189,83,0,6
2025-01-05,9,M03,P01,L02,160,114,7,7
2025-01-05,9,M04,P04,L03,149,195,26,8
2025-01-05,9,M05,P04,L02,128,95,2,3
2025-01-05,9,M06,P01,L05,138,127,13,9
2025-01-05,9,M07,P04,L01,129,109,21,1
2025-01-05,9,M08,P04,L04,193,115,17,9
2025-01-05,9,M09,P05,L05,100,137,25,6
2025-01-05,9,M10,P05,L02,105,149,11,7
2025-01-05,10,M01,P05,L03,117,174,29,4
2025-01-05,10,M02,P02,L01,132,153,4,5
2025-01-05,10,M03,P01,L03,120,155,22,0
2025-01-05,10,M04,P05,L03,114,81,19,6
2025-01-05,10,M05,P04,L05,153,97,2,6
2025-01-05,10,M06,P02,L03,137,116,25,0
2025-01-05,10,M07,P03,L04,194,90,3,1
2025-01-05,10,M08,P01,L04,197,172,23,5
2025-01-05,10,M09,P04,L02,105,121,24,6
2025-01-05,10,M10,P05,L01,154,95,13,6
2025-01-05,11,M01,P04,L04,150,198,16,8
2025-01-05,11,M02,P05,L02,121,111,4,6
2025-01-05,11,M03,P02,L05,152,175,26,9
2025-01-05,11,M04,P02,L03,114,150,28,2
2025-01-05,11,M05,P02,L03,191,108,14,2
2025-01-05,11,M06,P05,L04,192,98,2,7
2025-01-05,11,M07,P04,L02,146,83,18,4
2025-01-05,11,M08,P05,L03,107,166,15,2
2025-01-05,11,M09,P04,L01,177,156,20,8
2025-01-05,11,M10,P01,L02,121,103,16,4
2025-01-05,12,M01,P01,L04,109,186,15,7
2025-01-05,12,M02,P01,L01,149,91,24,0
2025-01-05,12,M03,P02,L04,177,120,3,8
2025-01-05,12,M04,P05,L03,142,104,17,1
2025-01-05,12,M05,P04,L03,162,136,27,2
2025-01-05,12,M06,P01,L03,195,163,27,0
2025-01-05,12,M07,P01,L04,197,191,2,9
2025-01-05,12,M08,P05,L05,168,104,19,5
2025-01-05,12,M09,P02,L02,165,153,22,1
2025-01-05,12,M10,P05,L04,154,154,18,2
2025-01-05,13,M01,P02,L05,113,197,12,7
2025-01-05,13,M02,P01,L01,150,122,22,5
2025-01-05,13,M03,P02,L03,175,134,27,0
2025-01-05,13,M04,P04,L03,151,128,4,9
2025-01-05,13,M05,P02,L03,198,119,15,5
2025-01-05,13,M06,P04,L05,153,101,15,2
2025-01-05,13,M07,P05,L04,145,151,11,6
2025-01-05,13,M08,P02,L05,184,104,8,0
2025-01-05,13,M09,P03,L03,122,175,29,1
2025-01-05,13,M10,P05,L01,156,182,22,1
2025-01-05,14,M01,P03,L03,141,86,17,3
2025-01-05,14,M02,P03,L03,108,196,12,8
2025-01-05,14,M03,P02,L05,139,191,12,0
2025-01-05,14,M04,P05,L04,191,96,27,8
2025-01-05,14,M05,P01,L02,157,193,8,5
2025-01-05,14,M06,P01,L03,137,85,12,1
2025-01-05,14,M07,P05,L03,198,176,23,2
2025-01-05,14,M08,P01,L02,187,188,2,0
2025-01-05,14,M09,P01,L04,144,128,27,1
2025-01-05,14,M10,P02,L01,192,98,22,2
2025-01-05,15,M01,P03,L01,172,80,9,2
2025-01-05,15,M02,P02,L01,179,187,7,6
2025-01-05,15,M03,P02,L02,188,124,5,4
2025-01-05,15,M04,P01,L02,147,186,6,9
2025-01-05,15,M05,P01,L02,117,139,23,3
2025-01-05,15,M06,P01,L05,194,94,3,7
2025-01-05,15,M07,P05,L01,108,105,3,0
2025-01-05,15,M08,P01,L03,151,148,22,4
2025-01-05,15,M09,P02,L04,101,172,12,3
2025-01-05,15,M10,P05,L02,173,140,8,7
2025-01-05,16,M01,P01,L03,193,196,10,2
2025-01-05,16,M02,P05,L05,141,92,3,7
2025-01-05,16,M03,P04,L05,136,153,27,7
2025-01-05,16,M04,P04,L01,170,81,21,7
2025-01-05,16,M05,P05,L04,122,108,13,9
2025-01-05,16,M06,P05,L03,194,168,17,3
2025-01-05,16,M07,P01,L04,101,104,12,9
2025-01-05,16,M08,P02,L04,169,146,25,2
2025-01-05,16,M09,P03,L02,183,143,4,2
2025-01-05,16,M10,P04,L03,182,190,29,7
2025-01-05,17,M01,P04,L01,114,168,11,6
2025-01-05,17,M02,P01,L03,182,181,3,6
2025-01-05,17,M03,P01,L03,188,95,14,5
2025-01-05,17,M04,P02,L03,191,159,19,2
2025-01-05,17,M05,P01,L02,162,124,12,6
2025-01-05,17,M06,P02,L03,133,115,24,5
2025-01-05,17,M07,P05,L02,124,134,16,7
2025-01-05,17,M08,P02,L03,197,107,2,5
2025-01-05,17,M09,P03,L05,189,127,20,5
2025-01-05,17,M10,P03,L03,119,191,21,6
2025-01-05,18,M01,P05,L01,100,108,7,7
2025-01-05,18,M02,P03,L04,102,197,12,7
2025-01-05,18,M03,P01,L03,190,159,5,6
2025-01-05,18,M04,P01,L04,174,121,20,0
2025-01-05,18,M05,P04,L02,136,184,26,0
2025-01-05,18,M06,P05,L03,147,175,2,3
2025-01-05,18,M07,P04,L03,113,142,15,0
2025-01-05,18,M08,P04,L04,122,161,17,5
2025-01-05,18,M09,P03,L02,114,129,3,6
2025-01-05,18,M10,P05,L03,197,167,7,3
2025-01-05,19,M01,P05,L01,100,113,29,8
2025-01-05,19,M02,P02,L05,181,197,6,6
2025-01-05,19,M03,P01,L05,137,93,7,5
2025-01-05,19,M04,P01,L02,177,168,23,3
2025-01-05,19,M05,P05,L05,121,114,4,1
2025-01-05,19,M06,P01,L02,142,96,15,9
2025-01-05,19,M07,P04,L02,184,118,1,5
2025-01-05,19,M08,P01,L01,168,148,19,2
2025-01-05,19,M09,P05,L01,172,148,9,8
2025-01-05,19,M10,P01,L02,199,165,21,5
2025-01-05,20,M01,P05,L02,137,189,0,1
2025-01-05,20,M02,P01,L01,100,167,3,3
2025-01-05,20,M03,P02,L05,126,122,26,0
2025-01-05,20,M04,P02,L04,154,179,27,5
2025-01-05,20,M05,P02,L02,187,135,16,7
2025-01-05,20,M06,P05,L02,142,118,28,9
2025-01-05,20,M07,P02,L01,122,133,18,9
2025-01-05,20,M08,P02,L02,167,146,6,7
2025-01-05,20,M09,P02,L02,106,119,5,5
2025-01-05,20,M10,P01,L02,167,189,16,3
2025-01-05,21,M01,P03,L02,128,100,25,8
2025-01-05,21,M02,P04,L03,141,130,23,2
2025-01-05,21,M03,P03,L04,137,151,0,5
2025-01-05,21,M04,P01,L01,123,126,6,2
2025-01-05,21,M05,P04,L01,198,141,29,5
2025-01-05,21,M06,P04,L03,128,194,8,9
2025-01-05,21,M07,P01,L02,130,109,15,1
2025-01-05,21,M08,P01,L02,137,93,22,8
2025-01-05,21,M09,P03,L03,156,123,1,2
2025-01-05,21,M10,P05,L02,100,131,20,5
2025-01-05,22,M01,P01,L05,150,80,26,4
2025-01-05,22,M02,P04,L05,160,133,7,9
2025-01-05,22,M03,P01,L04,199,153,10,0
2025-01-05,22,M04,P03,L01,122,86,11,4
2025-01-05,22,M05,P02,L04,145,188,3,6
2025-01-05,22,M06,P02,L03,109,129,28,0
2025-01-05,22,M07,P04,L05,169,101,8,3
2025-01-05,22,M08,P05,L01,157,149,18,1
2025-01-05,22,M09,P01,L05,122,102,25,6
2025-01-05,22,M10,P03,L04,125,176,14,3
2025-01-05,23,M01,P03,L05,156,148,28,1
2025-01-05,23,M02,P01,L02,179,166,5,6
2025-01-05,23,M03,P02,L05,134,158,2,6
2025-01-05,23,M04,P02,L05,196,120,8,6
2025-01-05,23,M05,P02,L03,131,110,17,6
2025-01-05,23,M06,P01,L01,160,93,19,5
2025-01-05,23,M07,P02,L02,197,109,3,4
2025-01-05,23,M08,P01,L04,196,153,18,9
2025-01-05,23,M09,P04,L03,155,159,8,0
2025-01-05,23,M10,P02,L03,157,81,3,1
2025-01-05,24,M01,P01,L05,186,139,21,9
2025-01-05,24,M02,P03,L01,173,104,4,4
2025-01-05,24,M03,P05,L01,187,119,13,7
2025-01-05,24,M04,P01,L01,187,180,24,1
2025-01-05,24,M05,P04,L01,161,167,8,3
2025-01-05,24,M06,P01,L01,149,191,29,7
2025-01-05,24,M07,P03,L02,184,100,17,6
2025-01-05,24,M08,P02,L05,116,97,9,3
2025-01-05,24,M09,P05,L05,181,96,8,0
2025-01-05,24,M10,P04,L05,181,99,23,7
2025-01-06,1,M01,P04,L03,108,156,14,4
2025-01-06,1,M02,P02,L03,151,105,24,9
2025-01-06,1,M03,P04,L02,148,161,20,2
2025-01-06,1,M04,P01,L02,141,98,16,0
2025-01-06,1,M05,P01,L04,155,142,2,0
2025-01-06,1,M06,P03,L02,171,131,3,4
2025-01-06,1,M07,P05,L04,153,141,0,0
2025-01-06,1,M08,P02,L01,179,95,25,7
2025-01-06,1,M09,P04,L05,105,95,19,6
2025-01-06,1,M10,P03,L01,125,169,13,6
2025-01-06,2,M01,P02,L01,144,163,2,3
2025-01-06,2,M02,P05,L04,125,154,1,0
2025-01-06,2,M03,P02,L04,143,112,12,7
2025-01-06,2,M04,P04,L02,125,100,27,3
2025-01-06,2,M05,P02,L02,172,166,14,6
2025-01-06,2,M06,P04,L01,101,163,19,2
2025-01-06,2,M07,P02,L04,199,157,15,2
2025-01-06,2,M08,P04,L02,105,156,3,5
2025-01-06,2,M09,P04,L02,151,197,29,4
2025-01-06,2,M10,P03,L03,105,163,26,4
2025-01-06,3,M01,P05,L03,147,86,26,4
2025-01-06,3,M02,P03,L03,168,102,20,4
2025-01-06,3,M03,P03,L01,192,149,16,9
2025-01-06,3,M04,P05,L05,110,117,7,9
2025-01-06,3,M05,P03,L05,113,198,13,9
2025-01-06,3,M06,P04,L04,133,120,9,9
2025-01-06,3,M07,P01,L01,166,141,18,0
2025-01-06,3,M08,P04,L04,141,92,1,9
2025-01-06,3,M09,P01,L05,103,161,4,2
2025-01-06,3,M10,P04,L02,180,153,1,5
2025-01-06,4,M01,P03,L05,110,142,24,8
2025-01-06,4,M02,P02,L02,110,132,3,9
2025-01-06,4,M03,P04,L05,107,115,28,9
2025-01-06,4,M04,P05,L04,113,191,21,1
2025-01-06,4,M05,P05,L05,149,173,6,3
2025-01-06,4,M06,P01,L01,125,117,5,5
2025-01-06,4,M07,P04,L05,185,123,9,6
2025-01-06,4,M08,P01,L02,150,193,5,7
2025-01-06,4,M09,P02,L03,171,100,23,5
2025-01-06,4,M10,P01,L05,138,167,0,1
2025-01-06,5,M01,P01,L04,195,155,15,9
2025-01-06,5,M02,P02,L03,151,121,9,9
2025-01-06,5,M03,P03,L01,122,177,24,3
2025-01-06,5,M04,P01,L05,184,81,17,0
2025-01-06,5,M05,P02,L05,183,114,18,1
2025-01-06,5,M06,P02,L05,187,151,28,4
2025-01-06,5,M07,P04,L02,148,90,1,9
2025-01-06,5,M08,P04,L02,132,126,12,7
2025-01-06,5,M09,P04,L01,141,98,17,4
2025-01-06,5,M10,P02,L03,122,133,15,0
2025-01-06,6,M01,P02,L04,152,87,17,8
2025-01-06,6,M02,P02,L05,129,133,12,2
2025-01-06,6,M03,P03,L05,189,183,26,9
2025-01-06,6,M04,P04,L02,101,154,11,1
2025-01-06,6,M05,P05,L05,185,155,1,4
2025-01-06,6,M06,P02,L02,187,155,15,6
2025-01-06,6,M07,P01,L04,131,94,4,4
2025-01-06,6,M08,P02,L03,151,156,8,4
2025-01-06,6,M09,P02,L02,106,119,27,2
2025-01-06,6,M10,P05,L04,169,144,3,9
2025-01-06,7,M01,P05,L05,122,172,20,0
2025-01-06,7,M02,P05,L03,122,95,29,3
2025-01-06,7,M03,P02,L05,124,123,11,9
2025-01-06,7,M04,P01,L05,191,88,11,4
2025-01-06,7,M05,P04,L04,155,178,4,1
2025-01-06,7,M06,P05,L02,157,157,10,9
2025-01-06,7,M07,P05,L04,132,150,23,8
2025-01-06,7,M08,P03,L05,173,122,24,5
2025-01-06,7,M09,P05,L05,182,133,18,9
2025-01-06,7,M10,P04,L04,194,97,15,7
2025-01-06,8,M01,P01,L04,186,155,1,3
2025-01-06,8,M02,P03,L05,108,140,20,1
2025-01-06,8,M03,P03,L03,162,198,1,8
2025-01-06,8,M04,P05,L04,140,124,17,9
2025-01-06,8,M05,P04,L04,168,177,9,0
2025-01-06,8,M06,P01,L02,190,167,2,9
2025-01-06,8,M07,P01,L02,161,117,22,5
2025-01-06,8,M08,P01,L04,158,152,3,6
2025-01-06,8,M09,P01,L02,187,183,22,7
2025-01-06,8,M10,P03,L03,197,134,23,0
2025-01-06,9,M01,P02,L04,179,136,14,3
2025-01-06,9,M02,P04,L04,166,165,16,5
2025-01-06,9,M03,P01,L02,148,155,22,4
2025-01-06,9,M04,P04,L04,130,137,22,5
2025-01-06,9,M05,P04,L05,178,102,27,4
2025-01-06,9,M06,P01,L05,136,156,18,1
2025-01-06,9,M07,P04,L04,183,131,18,6
2025-01-06,9,M08,P04,L01,167,113,1,4
2025-01-06,9,M09,P02,L02,140,156,6,4
2025-01-06,9,M10,P02,L02,109,181,26,2
2025-01-06,10,M01,P01,L05,191,192,6,4
2025-01-06,10,M02,P01,L05,108,96,4,9
2025-01-06,10,M03,P04,L01,160,119,5,2
2025-01-06,10,M04,P02,L04,132,92,13,7
2025-01-06,10,M05,P05,L01,142,128,3,9
2025-01-06,10,M06,P02,L04,194,85,24,0
2025-01-06,10,M07,P03,L02,120,171,15,7
2025-01-06,10,M08,P04,L04,153,104,27,4
2025-01-06,10,M09,P02,L05,146,149,24,2
2025-01-06,10,M10,P01,L01,102,121,20,2
2025-01-06,11,M01,P03,L01,124,188,5,6
2025-01-06,11,M02,P04,L04,143,188,1,4
2025-01-06,11,M03,P05,L03,176,192,22,8
2025-01-06,11,M04,P05,L01,165,98,18,7
2025-01-06,11,M05,P02,L02,158,99,8,0
2025-01-06,11,M06,P02,L03,162,141,3,2
2025-01-06,11,M07,P05,L01,138,161,20,5
2025-01-06,11,M08,P01,L03,138,115,7,3
2025-01-06,11,M09,P05,L01,129,155,3,7
2025-01-06,11,M10,P01,L05,167,130,23,4
2025-01-06,12,M01,P02,L02,156,162,11,1
2025-01-06,12,M02,P03,L01,198,102,16,0
2025-01-06,12,M03,P01,L04,114,107,23,2
2025-01-06,12,M04,P03,L03,175,99,0,4
2025-01-06,12,M05,P05,L01,100,89,14,6
2025-01-06,12,M06,P02,L04,145,111,26,1
2025-01-06,12,M07,P01,L03,192,161,11,7
2025-01-06,12,M08,P04,L02,117,117,26,8
2025-01-06,12,M09,P01,L03,171,130,2,1
2025-01-06,12,M10,P04,L05,129,83,6,3
2025-01-06,13,M01,P04,L01,175,145,10,5
2025-01-06,13,M02,P05,L04,137,134,3,7
2025-01-06,13,M03,P01,L01,106,136,11,9
2025-01-06,13,M04,P04,L05,149,121,5,6
2025-01-06,13,M05,P02,L02,173,158,29,9
2025-01-06,13,M06,P04,L01,170,141,8,2
2025-01-06,13,M07,P03,L04,133,149,17,5
2025-01-06,13,M08,P02,L05,150,113,11,5
2025-01-06,13,M09,P05,L02,131,146,2,5
2025-01-06,13,M10,P03,L02,166,155,28,0
2025-01-06,14,M01,P02,L05,103,89,6,7
2025-01-06,14,M02,P04,L01,105,162,4,9
2025-01-06,14,M03,P03,L01,176,162,20,7
2025-01-06,14,M04,P03,L04,198,82,3,8
2025-01-06,14,M05,P03,L05,194,135,11,8
2025-01-06,14,M06,P04,L05,145,157,12,5
2025-01-06,14,M07,P04,L01,198,160,8,1
2025-01-06,14,M08,P05,L01,151,145,19,9
2025-01-06,14,M09,P03,L03,198,139,25,7
2025-01-06,14,M10,P04,L05,138,92,8,8
2025-01-06,15,M01,P05,L05,111,92,23,9
2025-01-06,15,M02,P01,L01,139,197,15,2
2025-01-06,15,M03,P05,L03,189,90,29,6
2025-01-06,15,M04,P02,L05,133,146,7,6
2025-01-06,15,M05,P02,L05,169,120,19,8
2025-01-06,15,M06,P02,L02,179,104,11,6
2025-01-06,15,M07,P05,L01,110,149,28,6
2025-01-06,15,M08,P02,L03,185,163,24,0
2025-01-06,15,M09,P05,L05,148,131,0,5
2025-01-06,15,M10,P05,L02,117,117,21,4
2025-01-06,16,M01,P03,L05,194,143,9,9
2025-01-06,16,M02,P04,L03,181,166,0,5
2025-01-06,16,M03,P02,L03,127,81,29,8
2025-01-06,16,M04,P05,L03,191,132,6,3
2025-01-06,16,M05,P03,L05,193,137,12,9
2025-01-06,16,M06,P05,L02,158,117,4,6
2025-01-06,16,M07,P02,L04,152,94,25,2
2025-01-06,16,M08,P05,L01,153,130,6,3
2025-01-06,16,M09,P05,L03,110,176,5,9
2025-01-06,16,M10,P03,L03,196,100,6,5
2025-01-06,17,M01,P03,L02,135,154,14,1
2025-01-06,17,M02,P01,L03,162,178,2,6
2025-01-06,17,M03,P01,L01,142,181,19,2
2025-01-06,17,M04,P02,L03,181,187,28,9
2025-01-06,17,M05,P01,L05,101,113,27,5
2025-01-06,17,M06,P02,L05,175,115,21,4
2025-01-06,17,M07,P01,L01,102,153,4,9
2025-01-06,17,M08,P05,L05,189,181,11,9
2025-01-06,17,M09,P03,L05,115,80,15,4
2025-01-06,17,M10,P04,L03,146,174,12,7
2025-01-06,18,M01,P05,L03,165,133,26,5
2025-01-06,18,M02,P02,L02,161,181,13,8
2025-01-06,18,M03,P01,L03,170,143,5,4
2025-01-06,18,M04,P05,L03,163,199,19,7
2025-01-06,18,M05,P02,L02,192,191,8,9
2025-01-06,18,M06,P05,L02,179,115,19,5
2025-01-06,18,M07,P01,L05,192,159,5,5
2025-01-06,18,M08,P01,L05,172,170,23,9
2025-01-06,18,M09,P03,L05,148,122,27,7
2025-01-06,18,M10,P05,L05,141,86,9,3
2025-01-06,19,M01,P03,L01,157,125,1,8
2025-01-06,19,M02,P05,L01,126,80,22,9
2025-01-06,19,M03,P04,L02,124,133,28,2
2025-01-06,19,M04,P02,L05,169,132,1,9
2025-01-06,19,M05,P02,L02,186,81,11,5
2025-01-06,19,M06,P04,L05,123,191,19,0
2025-01-06,19,M07,P01,L01,100,196,19,8
2025-01-06,19,M08,P03,L03,187,165,11,9
2025-01-06,19,M09,P01,L05,123,153,2,7
2025-01-06,19,M10,P04,L04,179,183,15,0
2025-01-06,20,M01,P01,L03,197,90,0,9
2025-01-06,20,M02,P04,L03,142,148,2,9
2025-01-06,20,M03,P02,L03,197,182,8,9
2025-01-06,20,M04,P03,L02,138,82,11,6
2025-01-06,20,M05,P02,L01,132,180,15,1
2025-01-06,20,M06,P04,L01,119,193,20,3
2025-01-06,20,M07,P05,L04,100,139,23,2
2025-01-06,20,M08,P01,L04,154,168,15,9
2025-01-06,20,M09,P01,L03,168,130,21,7
2025-01-06,20,M10,P05,L03,152,179,3,3
2025-01-06,21,M01,P04,L04,152,161,17,8
2025-01-06,21,M02,P02,L02,120,179,11,6
2025-01-06,21,M03,P02,L05,184,96,15,2
2025-01-06,21,M04,P01,L01,101,195,15,0
2025-01-06,21,M05,P02,L03,157,190,18,3
2025-01-06,21,M06,P03,L02,140,162,26,4
2025-01-06,21,M07,P04,L02,111,108,6,6
2025-01-06,21,M08,P03,L04,104,160,25,9
2025-01-06,21,M09,P03,L02,180,148,12,9
2025-01-06,21,M10,P01,L01,132,179,3,1
2025-01-06,22,M01,P01,L01,128,193,13,8
2025-01-06,22,M02,P05,L02,178,172,3,1
2025-01-06,22,M03,P01,L02,148,123,6,2
2025-01-06,22,M04,P02,L03,161,185,5,9
2025-01-06,22,M05,P02,L02,119,137,15,8
2025-01-06,22,M06,P05,L01,167,198,13,0
2025-01-06,22,M07,P04,L04,136,87,11,1
2025-01-06,22,M08,P05,L04,168,110,12,8
2025-01-06,22,M09,P01,L02,166,109,17,2
2025-01-06,22,M10,P01,L02,129,88,25,1
2025-01-06,23,M01,P04,L03,124,130,12,6
2025-01-06,23,M02,P03,L04,154,166,8,1
2025-01-06,23,M03,P01,L05,143,143,11,1
2025-01-06,23,M04,P05,L02,168,137,9,9
2025-01-06,23,M05,P01,L03,133,180,29,6
2025-01-06,23,M06,P05,L03,102,105,24,7
2025-01-06,23,M07,P03,L05,159,137,16,9
2025-01-06,23,M08,P01,L04,199,145,10,6
2025-01-06,23,M09,P02,L02,117,164,3,7
2025-01-06,23,M10,P04,L04,121,132,26,1
2025-01-06,24,M01,P05,L03,129,87,1,8
2025-01-06,24,M02,P03,L01,119,183,24,2
2025-01-06,24,M03,P03,L05,178,151,18,6
2025-01-06,24,M04,P02,L03,126,141,18,1
2025-01-06,24,M05,P05,L02,138,139,8,0
2025-01-06,24,M06,P05,L03,182,176,14,6
2025-01-06,24,M07,P04,L02,171,84,9,4
2025-01-06,24,M08,P01,L05,125,84,21,0
2025-01-06,24,M09,P01,L03,117,193,20,9
2025-01-06,24,M10,P01,L05,125,127,0,0
2025-01-07,1,M01,P01,L02,105,125,17,5
2025-01-07,1,M02,P02,L02,126,120,7,9
2025-01-07,1,M03,P05,L01,157,149,13,5
2025-01-07,1,M04,P04,L02,198,93,21,2
2025-01-07,1,M05,P01,L02,112,164,8,9
2025-01-07,1,M06,P03,L05,108,158,19,1
2025-01-07,1,M07,P05,L01,197,130,25,1
2025-01-07,1,M08,P03,L03,158,149,22,0
2025-01-07,1,M09,P03,L03,181,182,8,3
2025-01-07,1,M10,P05,L04,166,90,24,3
2025-01-07,2,M01,P01,L05,190,171,28,1
2025-01-07,2,M02,P05,L04,140,81,4,7
2025-01-07,2,M03,P04,L03,110,198,25,2
2025-01-07,2,M04,P02,L04,142,159,9,0
2025-01-07,2,M05,P02,L03,123,166,1,5
2025-01-07,2,M06,P02,L03,128,146,25,8
2025-01-07,2,M07,P05,L01,166,197,25,1
2025-01-07,2,M08,P05,L01,164,100,26,9
2025-01-07,2,M09,P04,L03,199,107,12,0
2025-01-07,2,M10,P02,L03,102,155,6,1
2025-01-07,3,M01,P01,L05,184,90,4,2
2025-01-07,3,M02,P01,L03,165,167,0,6
2025-01-07,3,M03,P03,L05,191,139,10,6
2025-01-07,3,M04,P02,L01,126,178,1,6
2025-01-07,3,M05,P05,L05,157,84,19,4
2025-01-07,3,M06,P04,L05,160,117,19,1
2025-01-07,3,M07,P02,L01,131,105,5,8
2025-01-07,3,M08,P03,L01,196,80,18,4
2025-01-07,3,M09,P03,L05,111,127,24,8
2025-01-07,3,M10,P03,L03,175,173,4,1
2025-01-07,4,M01,P01,L05,146,133,2,4
2025-01-07,4,M02,P05,L04,187,183,21,0
2025-01-07,4,M03,P04,L02,115,193,19,9
2025-01-07,4,M04,P04,L01,108,183,17,6
2025-01-07,4,M05,P05,L02,159,175,17,3
2025-01-07,4,M06,P05,L01,185,159,8,9
2025-01-07,4,M07,P01,L02,117,86,3,9
2025-01-07,4,M08,P04,L05,154,95,2,9
2025-01-07,4,M09,P05,L02,122,196,13,0
2025-01-07,4,M10,P01,L01,120,96,22,8
2025-01-07,5,M01,P01,L03,157,93,28,3
2025-01-07,5,M02,P05,L03,155,156,17,6
2025-01-07,5,M03,P02,L01,172,112,28,5
2025-01-07,5,M04,P03,L01,190,149,2,7
2025-01-07,5,M05,P02,L05,183,104,3,9
2025-01-07,5,M06,P05,L02,110,170,15,9
2025-01-07,5,M07,P05,L05,193,192,15,6
2025-01-07,5,M08,P02,L03,115,119,29,2
2025-01-07,5,M09,P05,L01,149,122,3,0
2025-01-07,5,M10,P03,L01,119,104,1,8
2025-01-07,6,M01,P05,L04,160,117,2,3
2025-01-07,6,M02,P01,L01,169,124,1,9
2025-01-07,6,M03,P02,L01,153,150,13,9
2025-01-07,6,M04,P05,L03,195,96,13,7
2025-01-07,6,M05,P02,L04,123,188,21,8
2025-01-07,6,M06,P04,L03,181,189,17,4
2025-01-07,6,M07,P01,L02,198,143,7,3
2025-01-07,6,M08,P03,L02,129,132,27,2
2025-01-07,6,M09,P03,L03,130,128,15,6
2025-01-07,6,M10,P03,L04,111,94,10,4
2025-01-07,7,M01,P05,L05,125,187,1,3
2025-01-07,7,M02,P04,L04,185,129,5,6
2025-01-07,7,M03,P02,L03,174,107,23,1
2025-01-07,7,M04,P05,L03,110,180,17,6
2025-01-07,7,M05,P02,L02,198,88,2,2
2025-01-07,7,M06,P04,L05,174,118,24,4
2025-01-07,7,M07,P03,L02,114,162,15,5
2025-01-07,7,M08,P04,L05,195,129,22,4
2025-01-07,7,M09,P04,L04,177,151,8,8
2025-01-07,7,M10,P03,L03,120,137,17,0
2025-01-07,8,M01,P01,L03,180,122,1,5
2025-01-07,8,M02,P04,L03,199,91,12,1
2025-01-07,8,M03,P05,L02,180,175,6,0
2025-01-07,8,M04,P03,L03,181,167,4,7
2025-01-07,8,M05,P03,L02,185,197,23,0
2025-01-07,8,M06,P04,L02,175,136,10,7
2025-01-07,8,M07,P05,L04,133,90,21,9
2025-01-07,8,M08,P04,L03,192,121,27,1
2025-01-07,8,M09,P04,L02,123,87,9,5
2025-01-07,8,M10,P05,L05,171,83,26,3
2025-01-07,9,M01,P01,L05,148,177,29,7
2025-01-07,9,M02,P01,L02,136,177,6,7
2025-01-07,9,M03,P04,L04,177,132,17,5
2025-01-07,9,M04,P02,L04,181,187,15,8
2025-01-07,9,M05,P05,L04,166,187,14,9
2025-01-07,9,M06,P04,L02,182,191,27,7
2025-01-07,9,M07,P05,L03,170,189,1,9
2025-01-07,9,M08,P02,L03,108,127,18,1
2025-01-07,9,M09,P05,L01,124,195,13,8
2025-01-07,9,M10,P03,L03,173,142,3,2
2025-01-07,10,M01,P04,L03,184,190,13,0
2025-01-07,10,M02,P03,L02,129,101,2,4
2025-01-07,10,M03,P02,L01,174,127,1,5
2025-01-07,10,M04,P03,L03,139,187,28,1
2025-01-07,10,M05,P02,L01,192,176,9,1
2025-01-07,10,M06,P05,L04,159,176,14,5
2025-01-07,10,M07,P05,L04,118,175,26,0
2025-01-07,10,M08,P04,L03,132,119,4,0
2025-01-07,10,M09,P02,L01,197,88,23,6
2025-01-07,10,M10,P02,L03,170,158,20,5
2025-01-07,11,M01,P02,L04,124,146,27,6
2025-01-07,11,M02,P03,L02,147,87,6,2
2025-01-07,11,M03,P05,L01,190,171,7,1
2025-01-07,11,M04,P01,L04,132,126,13,3
2025-01-07,11,M05,P01,L05,132,139,16,4
2025-01-07,11,M06,P05,L02,168,89,5,7
2025-01-07,11,M07,P01,L03,112,144,19,8
2025-01-07,11,M08,P01,L02,166,90,11,9
2025-01-07,11,M09,P01,L01,148,168,10,5
2025-01-07,11,M10,P05,L04,189,157,6,7
2025-01-07,12,M01,P04,L01,129,91,23,2
2025-01-07,12,M02,P04,L05,130,181,10,6
2025-01-07,12,M03,P04,L04,179,86,21,7
2025-01-07,12,M04,P02,L01,192,143,26,6
2025-01-07,12,M05,P03,L04,154,182,9,9
2025-01-07,12,M06,P01,L01,197,188,12,6
2025-01-07,12,M07,P01,L04,123,123,16,1
2025-01-07,12,M08,P05,L05,127,139,26,7
2025-01-07,12,M09,P04,L01,141,91,4,8
2025-01-07,12,M10,P01,L03,176,198,20,4
2025-01-07,13,M01,P03,L02,153,84,12,8
2025-01-07,13,M02,P03,L03,146,182,6,5
2025-01-07,13,M03,P05,L03,138,116,22,1
2025-01-07,13,M04,P04,L01,190,112,13,0
2025-01-07,13,M05,P04,L02,126,191,7,6
2025-01-07,13,M06,P02,L04,163,172,17,3
2025-01-07,13,M07,P03,L01,107,117,5,4
2025-01-07,13,M08,P01,L05,199,169,11,6
2025-01-07,13,M09,P01,L01,138,121,15,8
2025-01-07,13,M10,P02,L02,142,195,2,1
2025-01-07,14,M01,P05,L01,181,95,7,8
2025-01-07,14,M02,P04,L02,185,110,10,9
2025-01-07,14,M03,P04,L01,191,149,26,3
2025-01-07,14,M04,P01,L05,157,138,28,5
2025-01-07,14,M05,P04,L03,150,157,6,4
2025-01-07,14,M06,P02,L02,174,197,7,0
2025-01-07,14,M07,P04,L03,133,193,6,9
2025-01-07,14,M08,P01,L01,160,82,26,5
2025-01-07,14,M09,P02,L04,143,187,29,0
2025-01-07,14,M10,P02,L03,198,163,17,0
2025-01-07,15,M01,P02,L04,110,181,5,8
2025-01-07,15,M02,P04,L02,116,183,7,5
2025-01-07,15,M03,P05,L04,139,98,2,1
2025-01-07,15,M04,P03,L05,163,162,14,5
2025-01-07,15,M05,P04,L02,147,122,6,0
2025-01-07,15,M06,P04,L01,109,150,13,6
2025-01-07,15,M07,P01,L01,135,100,4,3
2025-01-07,15,M08,P02,L01,180,172,29,6
2025-01-07,15,M09,P02,L01,123,90,8,2
2025-01-07,15,M10,P04,L04,191,136,12,6
2025-01-07,16,M01,P02,L03,138,167,15,0
2025-01-07,16,M02,P02,L04,170,154,28,1
2025-01-07,16,M03,P03,L01,133,182,3,1
2025-01-07,16,M04,P05,L05,136,160,20,2
2025-01-07,16,M05,P05,L05,165,120,29,7
2025-01-07,16,M06,P02,L05,170,182,18,5
2025-01-07,16,M07,P05,L03,165,98,3,9
2025-01-07,16,M08,P01,L01,136,140,27,6
2025-01-07,16,M09,P01,L01,196,144,18,5
2025-01-07,16,M10,P02,L02,191,90,0,0
2025-01-07,17,M01,P05,L05,183,144,19,2
2025-01-07,17,M02,P01,L02,177,110,26,0
2025-01-07,17,M03,P04,L05,125,132,16,5
2025-01-07,17,M04,P01,L05,101,198,21,4
2025-01-07,17,M05,P04,L04,105,195,20,5
2025-01-07,17,M06,P01,L05,125,134,6,3
2025-01-07,17,M07,P04,L01,180,100,13,7
2025-01-07,17,M08,P05,L04,191,87,23,2
2025-01-07,17,M09,P03,L01,196,145,14,5
2025-01-07,17,M10,P02,L04,181,101,13,0
2025-01-07,18,M01,P05,L03,132,84,25,8
2025-01-07,18,M02,P03,L03,162,192,29,2
2025-01-07,18,M03,P04,L04,143,172,10,0
2025-01-07,18,M04,P05,L01,156,166,19,8
2025-01-07,18,M05,P02,L01,173,153,10,5
2025-01-07,18,M06,P04,L04,142,198,22,9
2025-01-07,18,M07,P05,L01,136,85,0,5
2025-01-07,18,M08,P01,L02,187,104,28,9
2025-01-07,18,M09,P05,L03,169,197,2,9
2025-01-07,18,M10,P04,L01,145,115,25,5
2025-01-07,19,M01,P04,L03,141,193,6,6
2025-01-07,19,M02,P04,L03,151,110,0,1
2025-01-07,19,M03,P02,L01,155,103,8,6
2025-01-07,19,M04,P01,L05,109,139,1,5
2025-01-07,19,M05,P03,L03,130,149,2,7
2025-01-07,19,M06,P05,L03,191,89,5,8
2025-01-07,19,M07,P02,L02,170,94,17,1
2025-01-07,19,M08,P01,L04,187,81,7,3
2025-01-07,19,M09,P03,L02,125,150,5,9
2025-01-07,19,M10,P03,L05,164,113,23,0
2025-01-07,20,M01,P02,L03,184,99,28,6
2025-01-07,20,M02,P04,L05,111,101,19,1
2025-01-07,20,M03,P01,L01,123,93,3,4
2025-01-07,20,M04,P04,L03,194,134,12,7
2025-01-07,20,M05,P02,L05,165,159,5,0
2025-01-07,20,M06,P03,L01,150,114,10,4
2025-01-07,20,M07,P02,L01,153,118,9,2
2025-01-07,20,M08,P02,L04,158,185,13,9
2025-01-07,20,M09,P02,L02,100,135,28,9
2025-01-07,20,M10,P02,L02,180,109,23,6
2025-01-07,21,M01,P03,L04,108,101,1,0
2025-01-07,21,M02,P01,L01,183,132,18,3
2025-01-07,21,M03,P05,L04,167,88,8,5
2025-01-07,21,M04,P04,L02,142,118,8,5
2025-01-07,21,M05,P05,L03,115,80,18,4
2025-01-07,21,M06,P05,L03,180,143,25,5
2025-01-07,21,M07,P05,L05,132,145,29,3
2025-01-07,21,M08,P02,L04,173,103,23,3
2025-01-07,21,M09,P04,L05,176,168,12,1
2025-01-07,21,M10,P03,L05,187,145,15,0
2025-01-07,22,M01,P03,L02,172,107,2,8
2025-01-07,22,M02,P02,L05,164,121,20,8
2025-01-07,22,M03,P03,L04,156,148,8,9
2025-01-07,22,M04,P04,L01,124,170,8,5
2025-01-07,22,M05,P01,L02,159,128,0,2
2025-01-07,22,M06,P05,L04,130,177,8,9
2025-01-07,22,M07,P04,L04,178,87,25,3
2025-01-07,22,M08,P04,L05,167,141,15,5
2025-01-07,22,M09,P03,L04,141,180,28,1
2025-01-07,22,M10,P02,L02,138,161,0,6
2025-01-07,23,M01,P01,L05,114,83,27,3
2025-01-07,23,M02,P01,L02,133,189,15,0
2025-01-07,23,M03,P05,L02,109,133,19,0
2025-01-07,23,M04,P01,L05,104,159,14,0
2025-01-07,23,M05,P05,L04,116,192,1,9
2025-01-07,23,M06,P05,L03,163,110,16,8
2025-01-07,23,M07,P05,L02,176,138,17,4
2025-01-07,23,M08,P03,L01,119,127,8,1
2025-01-07,23,M09,P01,L05,103,179,21,9
2025-01-07,23,M10,P03,L01,108,165,22,9
2025-01-07,24,M01,P03,L02,173,173,21,5
2025-01-07,24,M02,P02,L02,193,145,9,0
2025-01-07,24,M03,P02,L05,112,94,20,7
2025-01-07,24,M04,P05,L02,118,190,5,4
2025-01-07,24,M05,P04,L03,119,100,17,8
2025-01-07,24,M06,P02,L02,197,105,29,8
2025-01-07,24,M07,P02,L03,167,140,28,5
2025-01-07,24,M08,P02,L04,116,98,28,2
2025-01-07,24,M09,P05,L01,174,159,29,8
2025-01-07,24,M10,P02,L03,155,101,24,2
2025-01-08,1,M01,P02,L02,140,179,22,8
2025-01-08,1,M02,P02,L02,115,152,27,2
2025-01-08,1,M03,P05,L01,130,164,21,1
2025-01-08,1,M04,P01,L03,165,181,21,7
2025-01-08,1,M05,P04,L02,136,184,0,8
2025-01-08,1,M06,P04,L02,198,89,14,5
2025-01-08,1,M07,P05,L04,116,159,2,1
2025-01-08,1,M08,P05,L03,140,146,28,1
2025-01-08,1,M09,P02,L04,148,133,25,7
2025-01-08,1,M10,P02,L02,181,109,24,2
2025-01-08,2,M01,P03,L04,166,187,21,0
2025-01-08,2,M02,P01,L04,113,194,8,4
2025-01-08,2,M03,P05,L04,195,90,19,2
2025-01-08,2,M04,P03,L05,151,87,3,7
2025-01-08,2,M05,P03,L04,184,131,19,3
2025-01-08,2,M06,P05,L03,172,83,11,8
2025-01-08,2,M07,P02,L05,176,118,27,9
2025-01-08,2,M08,P03,L03,176,156,25,4
2025-01-08,2,M09,P02,L02,185,156,25,8
2025-01-08,2,M10,P05,L01,183,94,0,0
2025-01-08,3,M01,P03,L05,146,191,15,1
2025-01-08,3,M02,P03,L01,107,195,2,3
2025-01-08,3,M03,P05,L03,148,142,29,0
2025-01-08,3,M04,P01,L03,129,138,11,1
2025-01-08,3,M05,P01,L04,144,141,14,6
2025-01-08,3,M06,P02,L04,145,143,5,7
2025-01-08,3,M07,P04,L01,174,108,29,8
2025-01-08,3,M08,P01,L04,182,145,21,3
2025-01-08,3,M09,P01,L01,145,152,1,8
2025-01-08,3,M10,P05,L05,188,87,15,5
2025-01-08,4,M01,P04,L05,160,94,0,5
2025-01-08,4,M02,P04,L03,181,190,8,1
2025-01-08,4,M03,P02,L03,148,182,14,0
2025-01-08,4,M04,P01,L03,126,154,16,4
2025-01-08,4,M05,P01,L03,192,94,2,4
2025-01-08,4,M06,P04,L04,136,82,8,9
2025-01-08,4,M07,P02,L01,101,102,22,4
2025-01-08,4,M08,P05,L01,127,106,18,3
2025-01-08,4,M09,P04,L01,164,97,18,8
2025-01-08,4,M10,P05,L05,178,122,11,3
2025-01-08,5,M01,P04,L01,109,179,19,8
2025-01-08,5,M02,P04,L05,174,91,29,1
2025-01-08,5,M03,P05,L04,162,163,24,4
2025-01-08,5,M04,P03,L01,163,152,29,1
2025-01-08,5,M05,P03,L01,195,128,13,0
2025-01-08,5,M06,P01,L01,158,151,4,4
2025-01-08,5,M07,P03,L01,118,102,8,5
2025-01-08,5,M08,P01,L02,101,93,13,0
2025-01-08,5,M09,P02,L02,188,95,14,9
2025-01-08,5,M10,P05,L04,123,190,22,2
2025-01-08,6,M01,P02,L02,126,153,2,6
2025-01-08,6,M02,P04,L01,122,147,13,4
2025-01-08,6,M03,P05,L02,164,147,0,0
2025-01-08,6,M04,P01,L02,186,143,19,1
2025-01-08,6,M05,P03,L04,123,188,23,5
2025-01-08,6,M06,P01,L02,126,139,8,3
2025-01-08,6,M07,P01,L04,116,174,11,9
2025-01-08,6,M08,P05,L05,181,126,5,6
2025-01-08,6,M09,P04,L01,152,157,11,6
2025-01-08,6,M10,P04,L02,178,110,6,9
2025-01-08,7,M01,P02,L01,109,191,28,6
2025-01-08,7,M02,P05,L04,166,193,10,4
2025-01-08,7,M03,P05,L04,155,155,3,8
2025-01-08,7,M04,P05,L02,191,102,12,7
2025-01-08,7,M05,P03,L04,157,169,29,0
2025-01-08,7,M06,P01,L01,161,193,10,1
2025-01-08,7,M07,P02,L02,171,149,29,6
2025-01-08,7,M08,P03,L02,156,188,8,6
2025-01-08,7,M09,P05,L01,157,82,2,0
2025-01-08,7,M10,P04,L05,133,175,24,2
2025-01-08,8,M01,P05,L05,196,111,19,2
2025-01-08,8,M02,P04,L01,194,164,21,1
2025-01-08,8,M03,P03,L03,114,85,19,8
2025-01-08,8,M04,P04,L05,197,117,25,1
2025-01-08,8,M05,P05,L04,150,152,26,4
2025-01-08,8,M06,P04,L03,157,167,28,2
2025-01-08,8,M07,P05,L03,190,162,23,9
2025-01-08,8,M08,P04,L05,181,187,3,9
2025-01-08,8,M09,P01,L05,167,123,12,3
2025-01-08,8,M10,P01,L02,194,146,14,1
2025-01-08,9,M01,P01,L01,148,149,25,7
2025-01-08,9,M02,P03,L03,188,97,21,0
2025-01-08,9,M03,P03,L05,167,120,4,2
2025-01-08,9,M04,P03,L02,155,126,25,6
2025-01-08,9,M05,P01,L02,140,162,29,4
2025-01-08,9,M06,P04,L03,187,177,24,6
2025-01-08,9,M07,P01,L05,199,106,10,4
2025-01-08,9,M08,P01,L01,170,170,14,8
2025-01-08,9,M09,P03,L05,189,165,27,7
2025-01-08,9,M10,P01,L05,103,192,13,7
2025-01-08,10,M01,P03,L02,179,112,28,6
2025-01-08,10,M02,P02,L04,172,138,27,8
2025-01-08,10,M03,P02,L03,188,94,1,7
2025-01-08,10,M04,P02,L04,123,106,4,5
2025-01-08,10,M05,P02,L03,164,199,3,8
2025-01-08,10,M06,P03,L01,149,189,21,9
2025-01-08,10,M07,P01,L03,135,135,14,9
2025-01-08,10,M08,P05,L05,108,90,10,5
2025-01-08,10,M09,P05,L01,185,135,21,4
2025-01-08,10,M10,P02,L03,177,126,25,4
2025-01-08,11,M01,P04,L02,131,177,6,9
2025-01-08,11,M02,P02,L02,180,109,20,0
2025-01-08,11,M03,P01,L01,137,104,25,0
2025-01-08,11,M04,P01,L05,129,136,16,7
2025-01-08,11,M05,P01,L01,111,148,23,5
2025-01-08,11,M06,P01,L01,124,80,9,9
2025-01-08,11,M07,P01,L03,118,139,10,1
2025-01-08,11,M08,P01,L02,155,96,27,3
2025-01-08,11,M09,P01,L05,148,155,27,3
2025-01-08,11,M10,P03,L02,142,136,17,3
2025-01-08,12,M01,P02,L01,136,125,9,0
2025-01-08,12,M02,P04,L03,123,143,21,1
2025-01-08,12,M03,P01,L01,185,155,16,8
2025-01-08,12,M04,P05,L04,114,173,18,5
2025-01-08,12,M05,P05,L02,157,110,26,8
2025-01-08,12,M06,P05,L03,198,132,28,4
2025-01-08,12,M07,P04,L02,190,131,22,8
2025-01-08,12,M08,P04,L03,135,133,21,6
2025-01-08,12,M09,P05,L01,174,109,2,8
2025-01-08,12,M10,P03,L05,126,116,13,0
2025-01-08,13,M01,P04,L03,179,159,20,9
2025-01-08,13,M02,P04,L01,118,160,12,9
2025-01-08,13,M03,P04,L02,164,123,3,4
2025-01-08,13,M04,P01,L02,139,117,20,8
2025-01-08,13,M05,P03,L05,160,159,15,1
2025-01-08,13,M06,P04,L02,171,122,29,9
2025-01-08,13,M07,P01,L05,180,182,23,2
2025-01-08,13,M08,P05,L04,118,86,8,2
2025-01-08,13,M09,P02,L05,160,166,1,1
2025-01-08,13,M10,P03,L02,130,112,13,0
2025-01-08,14,M01,P04,L05,152,186,15,2
2025-01-08,14,M02,P03,L01,189,85,10,0
2025-01-08,14,M03,P02,L01,180,174,11,6
2025-01-08,14,M04,P03,L05,199,138,3,2
2025-01-08,14,M05,P01,L02,116,118,25,3
2025-01-08,14,M06,P04,L05,100,100,18,4
2025-01-08,14,M07,P02,L04,142,131,2,0
2025-01-08,14,M08,P02,L04,163,183,14,4
2025-01-08,14,M09,P02,L04,127,132,19,2
2025-01-08,14,M10,P04,L05,178,96,11,2
2025-01-08,15,M01,P02,L02,155,102,17,0
2025-01-08,15,M02,P05,L03,157,174,26,0
2025-01-08,15,M03,P03,L03,136,162,28,8
2025-01-08,15,M04,P04,L01,160,172,25,9
2025-01-08,15,M05,P01,L04,113,193,26,0
2025-01-08,15,M06,P05,L03,122,147,20,4
2025-01-08,15,M07,P05,L03,125,120,25,2
2025-01-08,15,M08,P01,L03,128,190,22,2
2025-01-08,15,M09,P04,L01,160,197,18,0
2025-01-08,15,M10,P01,L01,113,123,15,0
2025-01-08,16,M01,P01,L05,111,134,18,5
2025-01-08,16,M02,P01,L01,128,148,5,8
2025-01-08,16,M03,P05,L01,151,89,23,9
2025-01-08,16,M04,P05,L01,102,138,17,3
2025-01-08,16,M05,P01,L02,127,162,22,0
2025-01-08,16,M06,P01,L02,168,199,2,6
2025-01-08,16,M07,P05,L05,122,109,27,1
2025-01-08,16,M08,P01,L05,168,192,27,7
2025-01-08,16,M09,P04,L04,133,148,0,8
2025-01-08,16,M10,P02,L05,125,80,3,6
2025-01-08,17,M01,P01,L02,132,151,19,4
2025-01-08,17,M02,P02,L05,186,161,29,3
2025-01-08,17,M03,P04,L02,164,185,8,2
2025-01-08,17,M04,P03,L04,189,88,9,2
2025-01-08,17,M05,P05,L02,102,177,0,1
2025-01-08,17,M06,P05,L01,101,150,15,4
2025-01-08,17,M07,P01,L03,146,101,10,0
2025-01-08,17,M08,P04,L05,171,121,4,8
2025-01-08,17,M09,P01,L01,196,81,18,3
2025-01-08,17,M10,P01,L02,192,149,16,8
2025-01-08,18,M01,P04,L04,102,166,18,1
2025-01-08,18,M02,P04,L02,163,87,16,4
2025-01-08,18,M03,P01,L05,196,106,12,3
2025-01-08,18,M04,P03,L02,136,175,6,0
2025-01-08,18,M05,P04,L05,110,167,7,8
2025-01-08,18,M06,P02,L04,118,195,19,7
2025-01-08,18,M07,P02,L01,179,143,29,3
2025-01-08,18,M08,P04,L03,142,159,26,3
2025-01-08,18,M09,P03,L01,120,101,8,8
2025-01-08,18,M10,P03,L01,116,123,24,7
2025-01-08,19,M01,P05,L02,132,80,11,5
2025-01-08,19,M02,P05,L01,158,159,17,0
2025-01-08,19,M03,P01,L02,182,133,28,7
2025-01-08,19,M04,P02,L03,124,148,22,7
2025-01-08,19,M05,P02,L03,149,196,0,1
2025-01-08,19,M06,P01,L05,115,159,14,5
2025-01-08,19,M07,P03,L01,152,142,15,8
2025-01-08,19,M08,P04,L03,128,95,11,0
2025-01-08,19,M09,P03,L05,188,92,7,7
2025-01-08,19,M10,P04,L05,140,82,2,0
2025-01-08,20,M01,P02,L01,155,187,8,8
2025-01-08,20,M02,P02,L02,128,118,26,3
2025-01-08,20,M03,P01,L05,155,177,13,2
2025-01-08,20,M04,P03,L05,122,182,29,1
2025-01-08,20,M05,P05,L05,122,106,21,9
2025-01-08,20,M06,P05,L01,115,120,1,6
2025-01-08,20,M07,P05,L05,185,160,22,5
2025-01-08,20,M08,P01,L04,172,131,1,7
2025-01-08,20,M09,P05,L02,185,122,12,7
2025-01-08,20,M10,P01,L03,180,91,3,4
2025-01-08,21,M01,P05,L05,140,86,22,7
2025-01-08,21,M02,P05,L05,180,109,8,5
2025-01-08,21,M03,P03,L01,179,164,1,9
2025-01-08,21,M04,P05,L05,176,111,12,7
2025-01-08,21,M05,P02,L03,135,105,9,0
2025-01-08,21,M06,P05,L05,176,80,22,7
2025-01-08,21,M07,P03,L03,170,179,2,7
2025-01-08,21,M08,P05,L03,129,182,17,0
2025-01-08,21,M09,P01,L04,128,153,27,8
2025-01-08,21,M10,P03,L03,135,122,14,0
2025-01-08,22,M01,P03,L01,189,159,3,0
2025-01-08,22,M02,P05,L04,132,84,4,6
2025-01-08,22,M03,P04,L04,182,126,21,3
2025-01-08,22,M04,P01,L03,152,156,13,6
2025-01-08,22,M05,P02,L04,194,116,22,5
2025-01-08,22,M06,P02,L02,160,156,18,1
2025-01-08,22,M07,P03,L04,100,119,21,1
2025-01-08,22,M08,P01,L03,154,130,10,7
2025-01-08,22,M09,P03,L04,171,88,25,1
2025-01-08,22,M10,P05,L05,189,138,18,7
2025-01-08,23,M01,P05,L04,155,169,23,2
2025-01-08,23,M02,P01,L02,165,104,19,1
2025-01-08,23,M03,P01,L02,135,155,8,3
2025-01-08,23,M04,P04,L01,137,112,9,5
2025-01-08,23,M05,P05,L01,117,149,17,3
2025-01-08,23,M06,P03,L05,159,136,6,0
2025-01-08,23,M07,P03,L02,156,92,14,6
2025-01-08,23,M08,P01,L05,128,127,4,9
2025-01-08,23,M09,P02,L03,182,180,6,2
2025-01-08,23,M10,P05,L05,109,145,5,7
2025-01-08,24,M01,P01,L04,143,139,14,7
2025-01-08,24,M02,P05,L03,120,80,26,2
2025-01-08,24,M03,P04,L05,132,83,9,2
2025-01-08,24,M04,P04,L03,198,107,5,5
2025-01-08,24,M05,P04,L01,186,176,15,7
2025-01-08,24,M06,P01,L05,176,126,11,4
2025-01-08,24,M07,P04,L05,191,109,17,2
2025-01-08,24,M08,P01,L02,159,97,0,8
2025-01-08,24,M09,P03,L05,101,176,6,1
2025-01-08,24,M10,P02,L01,138,150,9,5
2025-01-09,1,M01,P03,L05,193,155,2,8
2025-01-09,1,M02,P01,L04,147,111,19,1
2025-01-09,1,M03,P05,L04,162,126,0,2
2025-01-09,1,M04,P01,L05,177,184,29,2
2025-01-09,1,M05,P05,L02,134,122,1,7
2025-01-09,1,M06,P03,L05,153,95,17,6
2025-01-09,1,M07,P04,L05,140,173,9,8
2025-01-09,1,M08,P03,L04,136,145,9,6
2025-01-09,1,M09,P01,L05,194,159,9,7
2025-01-09,1,M10,P01,L04,105,171,11,9
2025-01-09,2,M01,P02,L02,167,152,6,1
2025-01-09,2,M02,P01,L03,139,82,16,1
2025-01-09,2,M03,P02,L05,151,101,3,8
2025-01-09,2,M04,P02,L04,110,169,16,7
2025-01-09,2,M05,P03,L04,130,156,21,2
2025-01-09,2,M06,P02,L03,161,191,16,8
2025-01-09,2,M07,P03,L03,144,197,2,6
2025-01-09,2,M08,P01,L05,175,94,20,3
2025-01-09,2,M09,P02,L03,196,130,18,6
2025-01-09,2,M10,P04,L05,164,194,28,7
2025-01-09,3,M01,P04,L01,146,159,10,7
2025-01-09,3,M02,P03,L03,114,80,6,0
2025-01-09,3,M03,P01,L01,128,105,22,3
2025-01-09,3,M04,P04,L01,194,111,21,3
2025-01-09,3,M05,P01,L03,135,146,0,1
2025-01-09,3,M06,P05,L03,139,176,19,3
2025-01-09,3,M07,P05,L05,178,85,0,6
2025-01-09,3,M08,P05,L03,128,140,5,7
2025-01-09,3,M09,P01,L02,140,128,16,0
2025-01-09,3,M10,P05,L04,129,123,13,9
2025-01-09,4,M01,P05,L03,101,115,18,6
2025-01-09,4,M02,P03,L02,179,145,27,6
2025-01-09,4,M03,P02,L03,161,150,3,7
2025-01-09,4,M04,P04,L04,192,123,4,6
2025-01-09,4,M05,P05,L05,125,162,25,4
2025-01-09,4,M06,P03,L03,152,109,2,9
2025-01-09,4,M07,P05,L03,148,152,20,8
2025-01-09,4,M08,P05,L02,178,133,4,2
2025-01-09,4,M09,P03,L03,107,111,19,9
2025-01-09,4,M10,P05,L05,134,140,21,7
2025-01-09,5,M01,P01,L05,129,165,20,1
2025-01-09,5,M02,P01,L02,165,177,2,2
2025-01-09,5,M03,P01,L04,183,104,29,1
2025-01-09,5,M04,P03,L02,192,96,25,7
2025-01-09,5,M05,P04,L01,147,99,12,1
2025-01-09,5,M06,P02,L03,177,83,16,3
2025-01-09,5,M07,P04,L03,171,145,5,5
2025-01-09,5,M08,P04,L02,120,185,9,6
2025-01-09,5,M09,P04,L03,173,108,8,3
2025-01-09,5,M10,P02,L03,183,140,28,7
2025-01-09,6,M01,P04,L03,181,194,9,8
2025-01-09,6,M02,P01,L05,162,100,13,2
2025-01-09,6,M03,P02,L02,126,91,6,0
2025-01-09,6,M04,P02,L01,125,94,18,0
2025-01-09,6,M05,P03,L05,164,151,11,5
2025-01-09,6,M06,P03,L01,124,136,11,0
2025-01-09,6,M07,P04,L03,104,168,21,6
2025-01-09,6,M08,P04,L04,103,126,26,4
2025-01-09,6,M09,P01,L05,165,138,6,0
2025-01-09,6,M10,P04,L01,186,177,10,1
2025-01-09,7,M01,P02,L01,165,142,22,8
2025-01-09,7,M02,P02,L02,178,89,14,9
2025-01-09,7,M03,P01,L05,186,96,27,8
2025-01-09,7,M04,P04,L02,172,159,3,2
2025-01-09,7,M05,P02,L01,179,147,21,5
2025-01-09,7,M06,P04,L05,192,85,25,7
2025-01-09,7,M07,P03,L05,151,153,28,0
2025-01-09,7,M08,P03,L04,189,155,13,8
2025-01-09,7,M09,P04,L03,127,150,9,2
2025-01-09,7,M10,P02,L01,199,145,25,4
2025-01-09,8,M01,P02,L02,115,133,10,9
2025-01-09,8,M02,P04,L01,118,145,6,8
2025-01-09,8,M03,P03,L04,115,133,24,1
2025-01-09,8,M04,P05,L05,110,118,8,3
2025-01-09,8,M05,P05,L01,189,140,3,2
2025-01-09,8,M06,P01,L02,175,81,5,4
2025-01-09,8,M07,P04,L05,185,84,26,3
2025-01-09,8,M08,P01,L05,192,101,26,9
2025-01-09,8,M09,P05,L02,160,130,9,5
2025-01-09,8,M10,P05,L01,169,142,26,7
2025-01-09,9,M01,P01,L03,158,130,17,3
2025-01-09,9,M02,P03,L03,151,178,9,1
2025-01-09,9,M03,P03,L04,115,138,20,2
2025-01-09,9,M04,P01,L02,194,192,8,0
2025-01-09,9,M05,P03,L03,192,138,0,3
2025-01-09,9,M06,P02,L04,125,183,18,6
2025-01-09,9,M07,P01,L04,105,80,7,0
2025-01-09,9,M08,P03,L03,184,167,24,6
2025-01-09,9,M09,P03,L01,182,172,20,9
2025-01-09,9,M10,P01,L04,170,96,28,9
2025-01-09,10,M01,P02,L04,130,139,5,0
2025-01-09,10,M02,P05,L02,181,141,25,0
2025-01-09,10,M03,P05,L05,131,167,15,5
2025-01-09,10,M04,P03,L03,132,97,4,9
2025-01-09,10,M05,P02,L05,180,143,0,8
2025-01-09,10,M06,P02,L02,183,86,23,4
2025-01-09,10,M07,P04,L05,111,96,15,3
2025-01-09,10,M08,P03,L02,111,100,9,9
2025-01-09,10,M09,P02,L05,106,188,2,0
2025-01-09,10,M10,P03,L02,124,185,26,5
2025-01-09,11,M01,P04,L03,178,167,20,6
2025-01-09,11,M02,P05,L01,192,175,20,4
2025-01-09,11,M03,P02,L04,198,160,17,1
2025-01-09,11,M04,P05,L02,161,133,14,4
2025-01-09,11,M05,P05,L03,136,180,2,2
2025-01-09,11,M06,P04,L04,127,173,17,9
2025-01-09,11,M07,P04,L04,132,143,25,7
2025-01-09,11,M08,P01,L01,107,196,23,9
2025-01-09,11,M09,P04,L04,182,142,9,6
2025-01-09,11,M10,P04,L04,147,184,6,3
2025-01-09,12,M01,P03,L02,170,108,9,8
2025-01-09,12,M02,P02,L04,182,135,16,8
2025-01-09,12,M03,P01,L05,133,124,23,8
2025-01-09,12,M04,P02,L03,110,155,28,9
2025-01-09,12,M05,P05,L02,111,164,9,3
2025-01-09,12,M06,P04,L02,191,167,4,4
2025-01-09,12,M07,P04,L05,111,178,28,7
2025-01-09,12,M08,P02,L02,140,124,6,9
2025-01-09,12,M09,P05,L01,175,80,11,5
2025-01-09,12,M10,P03,L03,179,110,18,2
2025-01-09,13,M01,P03,L02,181,105,12,9
2025-01-09,13,M02,P03,L02,186,82,22,8
2025-01-09,13,M03,P02,L03,162,170,19,6
2025-01-09,13,M04,P01,L01,136,173,20,2
2025-01-09,13,M05,P04,L05,120,179,7,6
2025-01-09,13,M06,P05,L05,141,129,28,3
2025-01-09,13,M07,P01,L03,184,136,25,6
2025-01-09,13,M08,P05,L02,132,110,15,5
2025-01-09,13,M09,P02,L04,152,93,15,3
2025-01-09,13,M10,P02,L01,180,91,5,2
2025-01-09,14,M01,P01,L03,152,108,5,8
2025-01-09,14,M02,P01,L01,115,131,15,5
2025-01-09,14,M03,P05,L05,103,177,27,5
2025-01-09,14,M04,P04,L01,180,93,6,5
2025-01-09,14,M05,P01,L03,192,131,29,8
2025-01-09,14,M06,P03,L02,129,177,9,7
2025-01-09,14,M07,P03,L03,117,156,12,7
2025-01-09,14,M08,P04,L03,148,173,27,5
2025-01-09,14,M09,P04,L04,163,156,24,2
2025-01-09,14,M10,P03,L05,182,179,18,8
2025-01-09,15,M01,P04,L03,139,172,23,4
2025-01-09,15,M02,P02,L05,144,169,13,6
2025-01-09,15,M03,P04,L05,105,86,4,4
2025-01-09,15,M04,P04,L02,137,138,0,3
2025-01-09,15,M05,P04,L03,146,114,22,9
2025-01-09,15,M06,P04,L04,107,186,15,8
2025-01-09,15,M07,P05,L03,183,93,27,9
2025-01-09,15,M08,P02,L03,199,119,18,4
2025-01-09,15,M09,P01,L05,176,133,10,4
2025-01-09,15,M10,P04,L01,177,188,2,3
2025-01-09,16,M01,P04,L03,178,141,26,4
2025-01-09,16,M02,P01,L05,191,104,9,0
2025-01-09,16,M03,P02,L01,106,158,23,0
2025-01-09,16,M04,P05,L03,172,135,23,8
2025-01-09,16,M05,P03,L02,187,176,15,7
2025-01-09,16,M06,P05,L05,194,119,16,5
2025-01-09,16,M07,P05,L03,193,132,6,2
2025-01-09,16,M08,P04,L01,117,95,11,3
2025-01-09,16,M09,P03,L05,192,173,25,5
2025-01-09,16,M10,P02,L01,146,108,21,8
2025-01-09,17,M01,P05,L04,190,123,4,6
2025-01-09,17,M02,P01,L05,177,155,3,3
2025-01-09,17,M03,P01,L05,139,196,28,0
2025-01-09,17,M04,P02,L04,167,167,20,0
2025-01-09,17,M05,P01,L01,102,187,18,5
2025-01-09,17,M06,P05,L02,158,85,28,0
2025-01-09,17,M07,P04,L05,121,103,28,0
2025-01-09,17,M08,P03,L05,149,90,23,6
2025-01-09,17,M09,P05,L02,147,136,20,1
2025-01-09,17,M10,P04,L03,114,148,12,2
2025-01-09,18,M01,P05,L04,136,85,6,9
2025-01-09,18,M02,P01,L02,190,83,20,4
2025-01-09,18,M03,P05,L01,134,128,10,8
2025-01-09,18,M04,P01,L05,141,126,27,3
2025-01-09,18,M05,P04,L05,133,155,0,7
2025-01-09,18,M06,P05,L04,129,167,10,7
2025-01-09,18,M07,P04,L04,114,125,22,0
2025-01-09,18,M08,P02,L05,179,94,9,3
2025-01-09,18,M09,P05,L03,152,131,8,4
2025-01-09,18,M10,P04,L01,142,86,20,9
2025-01-09,19,M01,P05,L04,104,154,8,8
2025-01-09,19,M02,P02,L04,166,193,20,5
2025-01-09,19,M03,P05,L03,181,187,4,8
2025-01-09,19,M04,P04,L04,125,161,18,2
2025-01-09,19,M05,P04,L01,194,128,16,6
2025-01-09,19,M06,P01,L02,168,94,14,2
2025-01-09,19,M07,P04,L03,102,181,3,7
2025-01-09,19,M08,P03,L05,144,154,4,0
2025-01-09,19,M09,P01,L01,164,82,14,9
2025-01-09,19,M10,P02,L05,122,109,9,7
2025-01-09,20,M01,P01,L04,163,101,14,8
2025-01-09,20,M02,P02,L01,119,184,14,6
2025-01-09,20,M03,P05,L05,100,81,25,2
2025-01-09,20,M04,P02,L04,126,108,14,4
2025-01-09,20,M05,P01,L05,159,186,27,8
2025-01-09,20,M06,P03,L03,117,131,27,1
2025-01-09,20,M07,P01,L05,159,105,6,7
2025-01-09,20,M08,P02,L03,121,172,0,5
2025-01-09,20,M09,P03,L05,166,162,9,9
2025-01-09,20,M10,P05,L03,195,180,3,8
2025-01-09,21,M01,P01,L01,197,199,4,6
2025-01-09,21,M02,P04,L01,111,100,10,2
2025-01-09,21,M03,P04,L02,143,157,1,1
2025-01-09,21,M04,P05,L01,103,143,19,6
2025-01-09,21,M05,P02,L02,165,114,18,5
2025-01-09,21,M06,P03,L03,152,195,18,7
2025-01-09,21,M07,P03,L02,137,108,14,6
2025-01-09,21,M08,P03,L02,127,105,9,3
2025-01-09,21,M09,P03,L02,106,134,15,9
2025-01-09,21,M10,P04,L03,180,107,18,4
2025-01-09,22,M01,P05,L04,176,122,10,0
2025-01-09,22,M02,P04,L02,182,83,21,5
2025-01-09,22,M03,P02,L05,196,123,9,7
2025-01-09,22,M04,P04,L01,101,107,9,5
2025-01-09,22,M05,P02,L01,166,150,11,7
2025-01-09,22,M06,P04,L04,198,160,27,8
2025-01-09,22,M07,P01,L02,196,165,11,4
2025-01-09,22,M08,P03,L05,163,158,21,7
2025-01-09,22,M09,P02,L05,159,177,25,4
2025-01-09,22,M10,P02,L03,118,151,6,0
2025-01-09,23,M01,P05,L04,191,116,15,8
2025-01-09,23,M02,P01,L04,187,100,1,0
2025-01-09,23,M03,P04,L04,111,130,24,0
2025-01-09,23,M04,P02,L04,159,90,12,7
2025-01-09,23,M05,P04,L02,171,152,6,1
2025-01-09,23,M06,P03,L01,107,92,20,2
2025-01-09,23,M07,P05,L02,175,143,24,3
2025-01-09,23,M08,P03,L04,168,146,24,2
2025-01-09,23,M09,P04,L02,163,197,16,5
2025-01-09,23,M10,P03,L02,135,181,23,8
2025-01-09,24,M01,P04,L05,130,195,25,5
2025-01-09,24,M02,P01,L05,136,156,20,8
2025-01-09,24,M03,P05,L01,194,182,26,5
2025-01-09,24,M04,P05,L04,115,169,4,8
2025-01-09,24,M05,P02,L04,193,131,19,9
2025-01-09,24,M06,P05,L05,128,98,14,7
2025-01-09,24,M07,P02,L05,134,174,20,2
2025-01-09,24,M08,P05,L02,115,96,5,9
2025-01-09,24,M09,P04,L04,165,163,14,1
2025-01-09,24,M10,P02,L01,192,172,18,7
2025-01-10,1,M01,P02,L04,171,167,19,5
2025-01-10,1,M02,P01,L05,139,113,27,6
2025-01-10,1,M03,P04,L03,132,112,11,3
2025-01-10,1,M04,P04,L05,106,111,15,2
2025-01-10,1,M05,P02,L05,179,154,12,5
2025-01-10,1,M06,P05,L01,150,155,23,5
2025-01-10,1,M07,P05,L02,163,198,12,4
2025-01-10,1,M08,P01,L05,140,195,12,1
2025-01-10,1,M09,P05,L04,124,145,3,1
2025-01-10,1,M10,P03,L05,141,97,29,8
2025-01-10,2,M01,P02,L05,136,128,21,6
2025-01-10,2,M02,P01,L01,187,123,13,7
2025-01-10,2,M03,P03,L05,162,171,13,8
2025-01-10,2,M04,P02,L03,125,183,13,5
2025-01-10,2,M05,P03,L04,113,164,7,2
2025-01-10,2,M06,P05,L04,128,166,17,2
2025-01-10,2,M07,P04,L05,146,193,4,6
2025-01-10,2,M08,P02,L03,158,154,26,9
2025-01-10,2,M09,P01,L05,188,112,0,9
2025-01-10,2,M10,P01,L04,114,83,23,3
2025-01-10,3,M01,P03,L02,194,135,11,6
2025-01-10,3,M02,P01,L04,162,184,7,0
2025-01-10,3,M03,P04,L05,156,81,12,3
2025-01-10,3,M04,P02,L04,147,157,29,7
2025-01-10,3,M05,P01,L04,125,129,1,6
2025-01-10,3,M06,P01,L02,188,140,11,0
2025-01-10,3,M07,P03,L05,143,191,24,4
2025-01-10,3,M08,P01,L01,137,122,16,9
2025-01-10,3,M09,P04,L01,111,92,3,6
2025-01-10,3,M10,P02,L02,151,119,7,7
2025-01-10,4,M01,P02,L01,178,179,27,8
2025-01-10,4,M02,P05,L03,154,130,21,4
2025-01-10,4,M03,P04,L05,183,176,15,6
2025-01-10,4,M04,P05,L02,167,177,9,5
2025-01-10,4,M05,P02,L05,186,197,27,8
2025-01-10,4,M06,P02,L03,152,104,24,0
2025-01-10,4,M07,P01,L05,137,101,10,6
2025-01-10,4,M08,P04,L01,192,94,0,5
2025-01-10,4,M09,P04,L05,132,184,11,3
2025-01-10,4,M10,P05,L04,106,87,27,8
2025-01-10,5,M01,P02,L01,110,110,11,2
2025-01-10,5,M02,P02,L04,116,114,0,2
2025-01-10,5,M03,P04,L05,186,107,15,4
2025-01-10,5,M04,P05,L05,116,119,12,3
2025-01-10,5,M05,P05,L02,178,155,28,0
2025-01-10,5,M06,P02,L01,169,96,15,0
2025-01-10,5,M07,P04,L01,172,138,4,6
2025-01-10,5,M08,P01,L01,156,162,0,0
2025-01-10,5,M09,P03,L05,169,138,5,0
2025-01-10,5,M10,P02,L03,150,98,18,6
2025-01-10,6,M01,P04,L04,182,121,26,8
2025-01-10,6,M02,P04,L02,137,141,6,6
2025-01-10,6,M03,P04,L02,125,105,21,2
2025-01-10,6,M04,P05,L01,119,185,12,1
2025-01-10,6,M05,P05,L01,111,89,0,7
2025-01-10,6,M06,P02,L05,165,127,11,8
2025-01-10,6,M07,P02,L03,184,173,27,3
2025-01-10,6,M08,P02,L02,107,89,15,6
2025-01-10,6,M09,P02,L03,153,157,7,6
2025-01-10,6,M10,P05,L01,117,175,5,6
2025-01-10,7,M01,P05,L03,187,143,27,7
2025-01-10,7,M02,P05,L02,146,88,1,0
2025-01-10,7,M03,P05,L03,136,122,21,2
2025-01-10,7,M04,P04,L02,122,158,0,8
2025-01-10,7,M05,P05,L05,198,144,14,9
2025-01-10,7,M06,P05,L05,176,197,4,2
2025-01-10,7,M07,P04,L05,117,100,21,9
2025-01-10,7,M08,P01,L05,159,136,26,6
2025-01-10,7,M09,P02,L04,169,107,2,6
2025-01-10,7,M10,P02,L02,123,96,12,0
2025-01-10,8,M01,P01,L05,159,198,17,6
2025-01-10,8,M02,P01,L03,126,127,23,2
2025-01-10,8,M03,P04,L03,146,81,28,0
2025-01-10,8,M04,P01,L05,137,156,10,9
2025-01-10,8,M05,P02,L03,154,99,16,0
2025-01-10,8,M06,P05,L04,159,102,13,3
2025-01-10,8,M07,P04,L02,196,122,25,6
2025-01-10,8,M08,P05,L02,126,97,7,9
2025-01-10,8,M09,P02,L02,168,153,17,4
2025-01-10,8,M10,P01,L03,101,145,6,0
2025-01-10,9,M01,P04,L02,133,121,19,0
2025-01-10,9,M02,P05,L04,174,121,14,4
2025-01-10,9,M03,P01,L01,136,113,8,5
2025-01-10,9,M04,P03,L02,177,119,16,2
2025-01-10,9,M05,P02,L05,180,186,7,0
2025-01-10,9,M06,P05,L05,199,86,13,4
2025-01-10,9,M07,P03,L04,116,180,19,2
2025-01-10,9,M08,P02,L05,114,130,15,7
2025-01-10,9,M09,P03,L05,164,152,8,5
2025-01-10,9,M10,P01,L02,155,113,8,7
2025-01-10,10,M01,P05,L03,168,120,12,0
2025-01-10,10,M02,P04,L01,199,142,19,9
2025-01-10,10,M03,P01,L04,105,106,23,3
2025-01-10,10,M04,P01,L03,173,174,14,6
2025-01-10,10,M05,P03,L04,166,165,18,2
2025-01-10,10,M06,P05,L04,109,184,0,2
2025-01-10,10,M07,P03,L03,123,114,18,5
2025-01-10,10,M08,P04,L05,161,185,2,3
2025-01-10,10,M09,P05,L01,155,115,21,2
2025-01-10,10,M10,P04,L03,110,149,11,8
2025-01-10,11,M01,P02,L01,102,82,19,6
2025-01-10,11,M02,P02,L03,187,186,7,5
2025-01-10,11,M03,P03,L04,195,106,20,1
2025-01-10,11,M04,P03,L05,146,165,27,4
2025-01-10,11,M05,P04,L02,136,100,13,8
2025-01-10,11,M06,P04,L03,122,174,14,2
2025-01-10,11,M07,P04,L02,137,162,26,8
2025-01-10,11,M08,P05,L04,114,138,2,9
2025-01-10,11,M09,P03,L01,110,127,4,4
2025-01-10,11,M10,P02,L02,125,151,4,6
2025-01-10,12,M01,P01,L05,103,179,15,7
2025-01-10,12,M02,P04,L01,169,159,28,3
2025-01-10,12,M03,P01,L05,147,89,8,3
2025-01-10,12,M04,P04,L05,143,135,9,3
2025-01-10,12,M05,P05,L02,112,125,17,0
2025-01-10,12,M06,P01,L05,168,149,5,2
2025-01-10,12,M07,P04,L04,132,115,0,4
2025-01-10,12,M08,P03,L03,171,199,4,9
2025-01-10,12,M09,P04,L02,121,96,6,3
2025-01-10,12,M10,P03,L05,100,104,9,3
2025-01-10,13,M01,P03,L05,155,142,16,7
2025-01-10,13,M02,P05,L03,126,131,17,5
2025-01-10,13,M03,P05,L02,181,82,26,5
2025-01-10,13,M04,P03,L01,106,129,13,5
2025-01-10,13,M05,P03,L01,190,108,24,4
2025-01-10,13,M06,P05,L05,195,139,20,5
2025-01-10,13,M07,P03,L02,103,135,28,8
2025-01-10,13,M08,P03,L01,189,127,10,3
2025-01-10,13,M09,P01,L01,152,197,15,2
2025-01-10,13,M10,P02,L03,154,80,25,4
2025-01-10,14,M01,P01,L02,159,138,11,5
2025-01-10,14,M02,P01,L02,141,106,6,2
2025-01-10,14,M03,P05,L01,123,103,27,2
2025-01-10,14,M04,P02,L02,113,132,9,6
2025-01-10,14,M05,P05,L02,175,87,14,9
2025-01-10,14,M06,P03,L04,150,189,26,1
2025-01-10,14,M07,P04,L05,162,128,18,8
2025-01-10,14,M08,P02,L01,170,195,6,7
2025-01-10,14,M09,P05,L03,109,193,6,4
2025-01-10,14,M10,P05,L05,194,166,24,7
2025-01-10,15,M01,P03,L01,153,192,3,7
2025-01-10,15,M02,P02,L03,102,170,2,0
2025-01-10,15,M03,P01,L02,185,173,29,0
2025-01-10,15,M04,P04,L05,152,166,5,8
2025-01-10,15,M05,P04,L01,148,185,6,2
2025-01-10,15,M06,P05,L02,170,84,23,6
2025-01-10,15,M07,P01,L02,112,109,24,4
2025-01-10,15,M08,P03,L04,184,107,15,9
2025-01-10,15,M09,P02,L04,104,161,27,6
2025-01-10,15,M10,P01,L03,156,154,21,0
2025-01-10,16,M01,P05,L05,183,127,27,5
2025-01-10,16,M02,P04,L02,112,126,11,8
2025-01-10,16,M03,P02,L02,152,93,19,8
2025-01-10,16,M04,P03,L04,159,139,9,8
2025-01-10,16,M05,P03,L05,180,112,17,9
2025-01-10,16,M06,P05,L02,135,144,3,3
2025-01-10,16,M07,P04,L02,108,109,18,3
2025-01-10,16,M08,P05,L05,122,95,21,4
2025-01-10,16,M09,P04,L01,179,84,15,6
2025-01-10,16,M10,P01,L03,108,161,12,9
2025-01-10,17,M01,P04,L03,109,152,12,2
2025-01-10,17,M02,P04,L01,115,132,7,3
2025-01-10,17,M03,P05,L04,144,85,27,4
2025-01-10,17,M04,P02,L01,138,197,20,7
2025-01-10,17,M05,P03,L05,181,133,15,0
2025-01-10,17,M06,P02,L05,164,181,2,4
2025-01-10,17,M07,P03,L04,176,127,17,0
2025-01-10,17,M08,P05,L01,174,163,9,1
2025-01-10,17,M09,P04,L01,112,123,14,6
2025-01-10,17,M10,P05,L03,189,171,12,1
2025-01-10,18,M01,P01,L05,156,113,22,9
2025-01-10,18,M02,P05,L04,128,114,10,0
2025-01-10,18,M03,P03,L03,172,157,8,6
2025-01-10,18,M04,P05,L03,182,115,6,6
2025-01-10,18,M05,P04,L04,181,139,4,6
2025-01-10,18,M06,P02,L02,175,119,18,0
2025-01-10,18,M07,P03,L03,117,129,29,1
2025-01-10,18,M08,P05,L05,196,121,19,9
2025-01-10,18,M09,P02,L05,184,137,14,3
2025-01-10,18,M10,P04,L01,120,173,29,9
2025-01-10,19,M01,P02,L01,189,179,7,0
2025-01-10,19,M02,P02,L03,100,90,22,1
2025-01-10,19,M03,P04,L01,115,197,21,9
2025-01-10,19,M04,P01,L02,129,89,2,9
2025-01-10,19,M05,P03,L05,140,122,20,1
2025-01-10,19,M06,P04,L02,187,106,21,3
2025-01-10,19,M07,P02,L05,165,119,5,1
2025-01-10,19,M08,P05,L01,186,189,29,9
2025-01-10,19,M09,P02,L05,112,155,8,3
2025-01-10,19,M10,P02,L05,160,120,4,1
2025-01-10,20,M01,P03,L04,151,118,25,7
2025-01-10,20,M02,P05,L01,187,196,27,6
2025-01-10,20,M03,P03,L03,164,113,16,4
2025-01-10,20,M04,P01,L02,123,118,27,4
2025-01-10,20,M05,P01,L03,112,180,2,2
2025-01-10,20,M06,P01,L03,167,124,7,2
2025-01-10,20,M07,P02,L05,178,145,10,6
2025-01-10,20,M08,P03,L02,168,82,5,9
2025-01-10,20,M09,P02,L03,134,103,23,0
2025-01-10,20,M10,P02,L02,143,102,5,1
2025-01-10,21,M01,P03,L05,128,86,28,4
2025-01-10,21,M02,P01,L05,107,155,13,9
2025-01-10,21,M03,P02,L05,146,185,20,6
2025-01-10,21,M04,P03,L02,165,85,20,8
2025-01-10,21,M05,P04,L02,102,184,23,5
2025-01-10,21,M06,P02,L01,144,123,26,0
2025-01-10,21,M07,P05,L04,182,162,5,2
2025-01-10,21,M08,P03,L05,125,165,20,3
2025-01-10,21,M09,P04,L02,129,106,6,3
2025-01-10,21,M10,P05,L02,180,83,24,3
2025-01-10,22,M01,P05,L04,102,169,25,1
2025-01-10,22,M02,P01,L03,189,103,16,2
2025-01-10,22,M03,P05,L03,146,129,13,4
2025-01-10,22,M04,P03,L02,150,119,3,3
2025-01-10,22,M05,P03,L03,100,183,14,0
2025-01-10,22,M06,P04,L05,151,199,10,5
2025-01-10,22,M07,P01,L04,109,103,28,1
2025-01-10,22,M08,P01,L01,157,92,17,4
2025-01-10,22,M09,P03,L05,135,150,3,8
2025-01-10,22,M10,P04,L03,113,188,28,9
2025-01-10,23,M01,P05,L02,171,189,4,9
2025-01-10,23,M02,P01,L04,125,85,15,3
2025-01-10,23,M03,P03,L04,102,142,11,4
2025-01-10,23,M04,P02,L03,179,166,10,4
2025-01-10,23,M05,P03,L01,171,117,3,8
2025-01-10,23,M06,P02,L05,163,133,13,8
2025-01-10,23,M07,P05,L04,103,81,2,9
2025-01-10,23,M08,P03,L04,167,181,11,2
2025-01-10,23,M09,P01,L02,116,95,8,8
2025-01-10,23,M10,P01,L05,158,198,8,6
2025-01-10,24,M01,P02,L01,174,90,7,6
2025-01-10,24,M02,P04,L05,138,178,7,1
2025-01-10,24,M03,P03,L01,133,136,20,7
2025-01-10,24,M04,P02,L03,139,93,6,4
2025-01-10,24,M05,P03,L04,199,160,4,8
2025-01-10,24,M06,P04,L02,191,129,19,8
2025-01-10,24,M07,P05,L04,126,151,0,0
2025-01-10,24,M08,P01,L01,183,124,1,8
2025-01-10,24,M09,P04,L04,100,84,2,3
2025-01-10,24,M10,P01,L01,193,103,3,1
2025-01-11,1,M01,P04,L01,124,153,2,6
2025-01-11,1,M02,P05,L02,167,193,10,8
2025-01-11,1,M03,P02,L04,171,175,26,9
2025-01-11,1,M04,P04,L05,124,146,25,3
2025-01-11,1,M05,P04,L02,178,175,28,9
2025-01-11,1,M06,P03,L05,128,195,18,1
2025-01-11,1,M07,P04,L02,115,144,15,1
2025-01-11,1,M08,P01,L04,104,185,21,4
2025-01-11,1,M09,P05,L04,164,95,22,8
2025-01-11,1,M10,P02,L03,145,131,9,4
2025-01-11,2,M01,P04,L04,164,196,16,8
2025-01-11,2,M02,P01,L03,191,150,8,5
2025-01-11,2,M03,P05,L02,111,150,13,5
2025-01-11,2,M04,P02,L05,171,188,22,5
2025-01-11,2,M05,P05,L05,132,184,5,3
2025-01-11,2,M06,P01,L02,136,93,4,7
2025-01-11,2,M07,P05,L05,139,186,27,9
2025-01-11,2,M08,P01,L02,182,117,21,1
2025-01-11,2,M09,P05,L04,186,104,27,9
2025-01-11,2,M10,P01,L03,187,145,29,0
2025-01-11,3,M01,P05,L02,147,119,18,9
2025-01-11,3,M02,P05,L04,111,157,23,1
2025-01-11,3,M03,P04,L03,181,159,19,9
2025-01-11,3,M04,P01,L05,125,107,8,3
2025-01-11,3,M05,P03,L01,175,196,25,8
2025-01-11,3,M06,P02,L03,156,133,19,3
2025-01-11,3,M07,P03,L01,129,137,1,5
2025-01-11,3,M08,P01,L04,114,193,15,4
2025-01-11,3,M09,P01,L01,156,137,26,2
2025-01-11,3,M10,P02,L04,100,120,15,3
2025-01-11,4,M01,P01,L04,132,182,17,6
2025-01-11,4,M02,P02,L04,129,168,12,6
2025-01-11,4,M03,P01,L05,111,172,23,7
2025-01-11,4,M04,P05,L04,119,158,23,4
2025-01-11,4,M05,P02,L04,127,129,1,8
2025-01-11,4,M06,P03,L02,146,105,19,9
2025-01-11,4,M07,P04,L04,174,153,28,6
2025-01-11,4,M08,P01,L05,151,162,12,1
2025-01-11,4,M09,P03,L01,105,153,1,7
2025-01-11,4,M10,P04,L04,165,140,13,4
2025-01-11,5,M01,P03,L02,173,122,26,1
2025-01-11,5,M02,P05,L01,170,99,1,2
2025-01-11,5,M03,P05,L02,185,110,22,2
2025-01-11,5,M04,P04,L04,138,171,21,6
2025-01-11,5,M05,P03,L01,147,114,14,6
2025-01-11,5,M06,P03,L01,193,96,9,5
2025-01-11,5,M07,P01,L04,180,93,23,8
2025-01-11,5,M08,P01,L02,160,183,6,6
2025-01-11,5,M09,P02,L04,136,191,13,2
2025-01-11,5,M10,P01,L01,182,123,3,8
2025-01-11,6,M01,P04,L03,180,151,13,1
2025-01-11,6,M02,P03,L03,155,117,20,4
2025-01-11,6,M03,P02,L02,190,87,6,7
2025-01-11,6,M04,P02,L04,115,184,12,6
2025-01-11,6,M05,P03,L04,121,175,24,0
2025-01-11,6,M06,P02,L03,196,105,27,2
2025-01-11,6,M07,P05,L03,196,163,29,7
2025-01-11,6,M08,P01,L05,164,146,13,9
2025-01-11,6,M09,P03,L03,145,151,28,2
2025-01-11,6,M10,P03,L04,103,159,12,3
2025-01-11,7,M01,P05,L03,154,180,19,7
2025-01-11,7,M02,P02,L04,153,113,18,0
2025-01-11,7,M03,P01,L05,117,134,20,1
2025-01-11,7,M04,P05,L03,112,95,21,3
2025-01-11,7,M05,P04,L05,165,178,14,6
2025-01-11,7,M06,P05,L03,136,133,5,3
2025-01-11,7,M07,P04,L03,133,106,6,2
2025-01-11,7,M08,P02,L01,179,104,27,7
2025-01-11,7,M09,P02,L01,119,194,29,0
2025-01-11,7,M10,P04,L04,172,106,13,3
2025-01-11,8,M01,P02,L01,162,96,16,0
2025-01-11,8,M02,P01,L04,181,195,22,1
2025-01-11,8,M03,P01,L05,161,133,19,5
2025-01-11,8,M04,P01,L04,134,146,1,0
2025-01-11,8,M05,P05,L01,118,173,22,8
2025-01-11,8,M06,P01,L02,117,149,26,4
2025-01-11,8,M07,P03,L04,101,176,15,6
2025-01-11,8,M08,P05,L03,155,145,13,7
2025-01-11,8,M09,P04,L01,163,150,17,7
2025-01-11,8,M10,P04,L01,140,179,11,3
2025-01-11,9,M01,P04,L01,145,135,23,6
2025-01-11,9,M02,P05,L02,153,87,22,4
2025-01-11,9,M03,P05,L04,192,99,13,1
2025-01-11,9,M04,P01,L03,151,147,20,1
2025-01-11,9,M05,P04,L05,187,151,27,4
2025-01-11,9,M06,P03,L04,116,152,24,2
2025-01-11,9,M07,P05,L04,181,91,18,5
2025-01-11,9,M08,P01,L03,151,158,0,1
2025-01-11,9,M09,P02,L01,172,152,12,5
2025-01-11,9,M10,P05,L03,114,129,6,9
2025-01-11,10,M01,P02,L03,138,153,11,0
2025-01-11,10,M02,P03,L04,150,126,3,8
2025-01-11,10,M03,P05,L01,117,100,15,0
2025-01-11,10,M04,P02,L04,107,195,15,4
2025-01-11,10,M05,P04,L03,152,196,20,2
2025-01-11,10,M06,P02,L03,150,122,2,7
2025-01-11,10,M07,P03,L04,168,195,8,7
2025-01-11,10,M08,P05,L03,184,131,22,0
2025-01-11,10,M09,P05,L02,161,166,28,5
2025-01-11,10,M10,P05,L05,183,112,28,1
2025-01-11,11,M01,P03,L02,192,124,7,5
2025-01-11,11,M02,P05,L05,101,184,16,1
2025-01-11,11,M03,P01,L05,119,131,20,4
2025-01-11,11,M04,P03,L03,198,85,27,2
2025-01-11,11,M05,P02,L05,164,104,26,6
2025-01-11,11,M06,P02,L04,128,174,11,3
2025-01-11,11,M07,P01,L03,130,88,19,9
2025-01-11,11,M08,P03,L05,112,120,1,1
2025-01-11,11,M09,P01,L05,123,196,11,9
2025-01-11,11,M10,P04,L02,108,81,22,7
2025-01-11,12,M01,P03,L03,180,179,12,6
2025-01-11,12,M02,P05,L01,164,90,5,3
2025-01-11,12,M03,P04,L03,162,180,8,9
2025-01-11,12,M04,P04,L02,161,173,27,9
2025-01-11,12,M05,P05,L03,157,84,8,9
2025-01-11,12,M06,P04,L03,148,185,20,0
2025-01-11,12,M07,P02,L04,157,158,22,0
2025-01-11,12,M08,P04,L02,124,156,0,8
2025-01-11,12,M09,P04,L05,129,157,21,6
2025-01-11,12,M10,P03,L03,176,91,21,1
2025-01-11,13,M01,P03,L05,135,96,27,5
2025-01-11,13,M02,P03,L03,129,149,25,1
2025-01-11,13,M03,P01,L05,181,130,11,9
2025-01-11,13,M04,P04,L04,181,88,16,4
2025-01-11,13,M05,P05,L01,155,119,10,7
2025-01-11,13,M06,P04,L02,132,102,12,5
2025-01-11,13,M07,P01,L05,177,157,15,0
2025-01-11,13,M08,P04,L02,189,169,0,8
2025-01-11,13,M09,P05,L04,117,173,27,9
2025-01-11,13,M10,P02,L05,182,190,11,8
2025-01-11,14,M01,P04,L02,183,166,29,5
2025-01-11,14,M02,P01,L02,193,136,25,3
2025-01-11,14,M03,P02,L01,115,167,13,9
2025-01-11,14,M04,P04,L02,164,134,19,7
2025-01-11,14,M05,P04,L01,124,82,4,5
2025-01-11,14,M06,P04,L02,106,173,29,7
2025-01-11,14,M07,P03,L03,132,112,13,5
2025-01-11,14,M08,P01,L02,127,157,3,5
2025-01-11,14,M09,P05,L04,191,176,5,8
2025-01-11,14,M10,P03,L04,142,126,2,1
2025-01-11,15,M01,P04,L05,125,194,11,1
2025-01-11,15,M02,P03,L01,109,191,21,8
2025-01-11,15,M03,P05,L03,114,114,15,4
2025-01-11,15,M04,P05,L05,159,123,22,4
2025-01-11,15,M05,P05,L01,117,100,7,3
2025-01-11,15,M06,P02,L02,150,120,24,7
2025-01-11,15,M07,P04,L01,156,199,18,0
2025-01-11,15,M08,P03,L02,194,161,22,5
2025-01-11,15,M09,P02,L03,139,126,8,6
2025-01-11,15,M10,P05,L04,164,195,3,7
2025-01-11,16,M01,P04,L04,144,81,27,9
2025-01-11,16,M02,P03,L04,105,114,6,5
2025-01-11,16,M03,P04,L03,173,173,20,8
2025-01-11,16,M04,P04,L05,158,122,6,1
2025-01-11,16,M05,P05,L04,167,179,26,8
2025-01-11,16,M06,P05,L03,133,165,13,7
2025-01-11,16,M07,P02,L03,142,115,6,9
2025-01-11,16,M08,P02,L03,155,87,29,6
2025-01-11,16,M09,P01,L03,145,120,14,8
2025-01-11,16,M10,P04,L02,186,130,12,6
2025-01-11,17,M01,P02,L01,193,153,1,5
2025-01-11,17,M02,P01,L05,108,142,12,4
2025-01-11,17,M03,P01,L05,171,118,7,5
2025-01-11,17,M04,P01,L03,195,150,18,1
2025-01-11,17,M05,P01,L02,182,130,21,9
2025-01-11,17,M06,P04,L01,118,106,15,3
2025-01-11,17,M07,P03,L01,196,130,6,6
2025-01-11,17,M08,P05,L03,193,192,10,7
2025-01-11,17,M09,P02,L02,175,121,12,9
2025-01-11,17,M10,P02,L02,150,195,16,3
2025-01-11,18,M01,P03,L05,190,158,25,1
2025-01-11,18,M02,P03,L05,161,192,3,2
2025-01-11,18,M03,P01,L01,122,190,27,8
2025-01-11,18,M04,P01,L05,154,196,15,7
2025-01-11,18,M05,P02,L01,148,142,12,8
2025-01-11,18,M06,P01,L01,168,135,8,5
2025-01-11,18,M07,P05,L04,125,107,7,5
2025-01-11,18,M08,P04,L03,174,164,29,1
2025-01-11,18,M09,P03,L03,161,91,26,4
2025-01-11,18,M10,P05,L05,159,117,7,1
2025-01-11,19,M01,P05,L04,159,100,16,8
2025-01-11,19,M02,P02,L03,156,198,4,5
2025-01-11,19,M03,P03,L04,183,152,0,9
2025-01-11,19,M04,P05,L03,122,88,21,2
2025-01-11,19,M05,P04,L05,118,141,22,6
2025-01-11,19,M06,P04,L04,126,125,1,0
2025-01-11,19,M07,P02,L04,119,119,2,9
2025-01-11,19,M08,P01,L05,108,195,8,5
2025-01-11,19,M09,P02,L02,113,117,1,7
2025-01-11,19,M10,P05,L04,155,125,10,7
2025-01-11,20,M01,P04,L04,147,149,19,0
2025-01-11,20,M02,P01,L04,101,96,19,4
2025-01-11,20,M03,P04,L02,180,196,5,2
2025-01-11,20,M04,P04,L04,150,180,2,9
2025-01-11,20,M05,P01,L01,105,92,26,5
2025-01-11,20,M06,P04,L04,199,81,25,3
2025-01-11,20,M07,P02,L05,108,144,12,1
2025-01-11,20,M08,P03,L02,194,157,21,6
2025-01-11,20,M09,P03,L05,190,88,4,4
2025-01-11,20,M10,P04,L03,151,136,23,3
2025-01-11,21,M01,P02,L04,188,114,3,6
2025-01-11,21,M02,P04,L02,114,86,25,0
2025-01-11,21,M03,P02,L04,155,125,14,4
2025-01-11,21,M04,P02,L05,191,184,21,8
2025-01-11,21,M05,P03,L04,164,129,28,0
2025-01-11,21,M06,P02,L01,127,165,17,5
2025-01-11,21,M07,P04,L01,118,168,17,4
2025-01-11,21,M08,P02,L03,138,153,14,8
2025-01-11,21,M09,P05,L04,151,139,19,9
2025-01-11,21,M10,P05,L02,189,189,25,9
2025-01-11,22,M01,P01,L02,177,81,15,8
2025-01-11,22,M02,P01,L02,185,102,6,8
2025-01-11,22,M03,P05,L03,180,163,6,7
2025-01-11,22,M04,P03,L04,162,163,11,6
2025-01-11,22,M05,P01,L01,158,92,6,7
2025-01-11,22,M06,P01,L01,185,177,29,7
2025-01-11,22,M07,P05,L01,117,167,27,5
2025-01-11,22,M08,P02,L04,101,145,26,6
2025-01-11,22,M09,P05,L05,155,91,27,6
2025-01-11,22,M10,P01,L04,103,169,3,1
2025-01-11,23,M01,P01,L03,116,150,29,4
2025-01-11,23,M02,P02,L03,198,128,15,7
2025-01-11,23,M03,P03,L02,149,168,25,7
2025-01-11,23,M04,P04,L01,103,190,14,1
2025-01-11,23,M05,P01,L02,160,99,9,9
2025-01-11,23,M06,P02,L03,160,171,26,7
2025-01-11,23,M07,P01,L01,167,150,8,4
2025-01-11,23,M08,P04,L02,122,122,17,8
2025-01-11,23,M09,P03,L01,112,103,10,3
2025-01-11,23,M10,P01,L03,136,92,29,3
2025-01-11,24,M01,P02,L01,195,87,23,7
2025-01-11,24,M02,P04,L03,159,182,15,8
2025-01-11,24,M03,P01,L05,185,121,9,9
2025-01-11,24,M04,P05,L04,179,144,16,9
2025-01-11,24,M05,P05,L05,118,132,20,0
2025-01-11,24,M06,P05,L05,163,124,16,2
2025-01-11,24,M07,P01,L04,164,116,24,5
2025-01-11,24,M08,P02,L02,158,175,24,5
2025-01-11,24,M09,P05,L05,130,155,2,5
2025-01-11,24,M10,P04,L05,176,123,9,1
2025-01-12,1,M01,P03,L05,108,154,10,8
2025-01-12,1,M02,P02,L02,145,152,19,4
2025-01-12,1,M03,P05,L02,162,152,28,4
2025-01-12,1,M04,P01,L03,164,141,21,6
2025-01-12,1,M05,P05,L04,121,169,20,5
2025-01-12,1,M06,P02,L03,138,198,1,2
2025-01-12,1,M07,P03,L04,165,131,4,9
2025-01-12,1,M08,P03,L01,134,101,4,5
2025-01-12,1,M09,P03,L03,194,188,20,7
2025-01-12,1,M10,P02,L04,197,83,17,2
2025-01-12,2,M01,P04,L04,108,159,25,5
2025-01-12,2,M02,P04,L01,140,138,12,8
2025-01-12,2,M03,P03,L05,113,100,14,2
2025-01-12,2,M04,P05,L05,145,95,13,8
2025-01-12,2,M05,P04,L05,171,113,7,0
2025-01-12,2,M06,P01,L02,168,173,21,3
2025-01-12,2,M07,P02,L02,101,126,13,1
2025-01-12,2,M08,P01,L05,113,84,10,7
2025-01-12,2,M09,P05,L05,174,84,16,5
2025-01-12,2,M10,P03,L04,163,101,1,7
2025-01-12,3,M01,P04,L01,188,135,16,9
2025-01-12,3,M02,P01,L04,181,194,17,7
2025-01-12,3,M03,P02,L02,117,159,16,6
2025-01-12,3,M04,P02,L04,109,148,20,2
2025-01-12,3,M05,P05,L03,143,178,5,3
2025-01-12,3,M06,P03,L05,117,172,2,3
2025-01-12,3,M07,P03,L04,143,130,18,7
2025-01-12,3,M08,P01,L04,165,92,29,9
2025-01-12,3,M09,P05,L05,129,177,29,2
2025-01-12,3,M10,P01,L04,173,161,18,6
2025-01-12,4,M01,P03,L01,187,158,8,9
2025-01-12,4,M02,P04,L04,103,181,3,4
2025-01-12,4,M03,P04,L01,186,183,20,4
2025-01-12,4,M04,P03,L05,154,154,12,7
2025-01-12,4,M05,P02,L01,143,187,17,9
2025-01-12,4,M06,P02,L04,143,93,14,1
2025-01-12,4,M07,P04,L02,176,99,16,1
2025-01-12,4,M08,P02,L03,196,181,2,2
2025-01-12,4,M09,P05,L04,183,134,2,7
2025-01-12,4,M10,P05,L03,106,81,20,5
2025-01-12,5,M01,P02,L04,135,111,12,9
2025-01-12,5,M02,P01,L05,174,166,17,0
2025-01-12,5,M03,P03,L02,110,129,26,2
2025-01-12,5,M04,P03,L02,174,110,27,8
2025-01-12,5,M05,P04,L04,124,154,18,0
2025-01-12,5,M06,P05,L03,173,121,13,1
2025-01-12,5,M07,P02,L04,117,156,18,4
2025-01-12,5,M08,P02,L04,174,141,29,9
2025-01-12,5,M09,P04,L02,173,165,22,0
2025-01-12,5,M10,P03,L03,180,167,3,9
2025-01-12,6,M01,P03,L02,151,115,27,9
2025-01-12,6,M02,P01,L04,120,143,11,9
2025-01-12,6,M03,P03,L04,157,104,4,5
2025-01-12,6,M04,P03,L05,190,87,8,3
2025-01-12,6,M05,P01,L01,106,175,7,2
2025-01-12,6,M06,P03,L05,138,85,26,2
2025-01-12,6,M07,P04,L01,180,185,18,9
2025-01-12,6,M08,P03,L03,161,82,17,8
2025-01-12,6,M09,P04,L03,157,172,21,1
2025-01-12,6,M10,P02,L01,120,198,29,3
2025-01-12,7,M01,P02,L05,112,126,22,1
2025-01-12,7,M02,P04,L04,166,164,20,1
2025-01-12,7,M03,P01,L04,178,136,0,5
2025-01-12,7,M04,P04,L03,162,144,6,2
2025-01-12,7,M05,P02,L05,143,91,21,5
2025-01-12,7,M06,P04,L04,190,117,26,9
2025-01-12,7,M07,P05,L04,133,118,8,8
2025-01-12,7,M08,P05,L04,164,197,14,7
2025-01-12,7,M09,P02,L01,144,172,0,4
2025-01-12,7,M10,P02,L02,173,115,0,6
2025-01-12,8,M01,P02,L05,123,96,6,0
2025-01-12,8,M02,P05,L04,121,94,4,1
2025-01-12,8,M03,P01,L02,152,100,22,5
2025-01-12,8,M04,P03,L02,131,100,3,2
2025-01-12,8,M05,P02,L02,197,93,14,3
2025-01-12,8,M06,P04,L02,182,88,6,2
2025-01-12,8,M07,P01,L05,186,197,3,4
2025-01-12,8,M08,P02,L03,118,107,22,7
2025-01-12,8,M09,P05,L01,106,184,11,2
2025-01-12,8,M10,P04,L03,107,148,29,2
2025-01-12,9,M01,P04,L04,123,85,22,8
2025-01-12,9,M02,P05,L03,166,154,2,9
2025-01-12,9,M03,P01,L02,147,159,26,9
2025-01-12,9,M04,P04,L01,166,148,11,8
2025-01-12,9,M05,P05,L04,123,123,24,4
2025-01-12,9,M06,P05,L04,175,130,20,2
2025-01-12,9,M07,P03,L05,105,152,0,9
2025-01-12,9,M08,P02,L01,155,154,2,9
2025-01-12,9,M09,P05,L04,101,169,25,7
2025-01-12,9,M10,P02,L02,169,102,27,0
2025-01-12,10,M01,P01,L05,133,184,11,2
2025-01-12,10,M02,P05,L01,115,99,10,1
2025-01-12,10,M03,P05,L03,110,158,28,1
2025-01-12,10,M04,P04,L05,135,127,22,2
2025-01-12,10,M05,P01,L02,184,130,15,9
2025-01-12,10,M06,P04,L01,109,189,9,9
2025-01-12,10,M07,P05,L04,194,90,21,8
2025-01-12,10,M08,P01,L03,199,132,6,5
2025-01-12,10,M09,P03,L02,147,109,25,5
2025-01-12,10,M10,P02,L01,161,187,15,3
2025-01-12,11,M01,P01,L05,191,149,14,3
2025-01-12,11,M02,P03,L05,104,129,23,1
2025-01-12,11,M03,P04,L04,176,84,29,0
2025-01-12,11,M04,P05,L02,130,149,26,7
2025-01-12,11,M05,P05,L01,127,95,21,4
2025-01-12,11,M06,P04,L04,181,113,22,4
2025-01-12,11,M07,P03,L05,116,127,20,1
2025-01-12,11,M08,P01,L03,160,129,25,9
2025-01-12,11,M09,P02,L04,144,151,18,5
2025-01-12,11,M10,P02,L05,190,128,0,6
2025-01-12,12,M01,P03,L05,144,146,18,4
2025-01-12,12,M02,P02,L03,198,85,2,4
2025-01-12,12,M03,P04,L01,182,171,26,5
2025-01-12,12,M04,P05,L03,120,170,29,5
2025-01-12,12,M05,P03,L01,180,199,6,6
2025-01-12,12,M06,P01,L05,188,111,26,8
2025-01-12,12,M07,P03,L05,107,192,18,6
2025-01-12,12,M08,P04,L04,126,156,13,4
2025-01-12,12,M09,P02,L05,115,123,6,6
2025-01-12,12,M10,P05,L03,134,158,27,2
2025-01-12,13,M01,P02,L02,150,125,19,5
2025-01-12,13,M02,P02,L05,157,118,19,1
2025-01-12,13,M03,P04,L02,185,194,21,4
2025-01-12,13,M04,P02,L05,142,161,22,8
2025-01-12,13,M05,P01,L01,106,120,21,0
2025-01-12,13,M06,P04,L02,177,111,3,1
2025-01-12,13,M07,P03,L02,163,93,19,8
2025-01-12,13,M08,P01,L02,107,171,13,4
2025-01-12,13,M09,P02,L05,126,183,8,1
2025-01-12,13,M10,P01,L03,151,94,20,0
2025-01-12,14,M01,P01,L02,130,140,4,8
2025-01-12,14,M02,P02,L01,133,194,22,2
2025-01-12,14,M03,P03,L01,100,191,28,3
2025-01-12,14,M04,P01,L05,116,107,17,9
2025-01-12,14,M05,P03,L02,117,174,26,9
2025-01-12,14,M06,P04,L02,121,95,11,3
2025-01-12,14,M07,P01,L03,126,146,11,8
2025-01-12,14,M08,P05,L05,153,116,0,9
2025-01-12,14,M09,P04,L01,163,158,18,7
2025-01-12,14,M10,P04,L04,186,158,26,6
2025-01-12,15,M01,P02,L02,181,83,14,5
2025-01-12,15,M02,P03,L03,146,117,0,0
2025-01-12,15,M03,P01,L05,125,87,17,5
2025-01-12,15,M04,P02,L02,136,105,27,3
2025-01-12,15,M05,P03,L01,128,91,19,1
2025-01-12,15,M06,P02,L04,101,138,16,9
2025-01-12,15,M07,P03,L02,157,132,0,7
2025-01-12,15,M08,P04,L05,188,179,29,1
2025-01-12,15,M09,P05,L03,175,153,12,5
2025-01-12,15,M10,P02,L04,102,166,19,7
2025-01-12,16,M01,P02,L01,140,149,26,3
2025-01-12,16,M02,P02,L05,104,182,29,8
2025-01-12,16,M03,P04,L01,109,141,25,3
2025-01-12,16,M04,P01,L01,116,188,23,6
2025-01-12,16,M05,P03,L01,198,91,20,2
2025-01-12,16,M06,P02,L05,132,125,26,3
2025-01-12,16,M07,P05,L02,139,176,28,3
2025-01-12,16,M08,P04,L03,128,180,29,3
2025-01-12,16,M09,P05,L01,181,192,24,0
2025-01-12,16,M10,P04,L02,136,143,26,5
2025-01-12,17,M01,P05,L03,133,118,2,0
2025-01-12,17,M02,P05,L03,170,168,23,2
2025-01-12,17,M03,P02,L05,128,153,22,6
2025-01-12,17,M04,P05,L01,113,147,19,1
2025-01-12,17,M05,P01,L05,138,107,24,8
2025-01-12,17,M06,P02,L04,194,96,20,6
2025-01-12,17,M07,P02,L05,179,85,15,9
2025-01-12,17,M08,P03,L04,191,120,14,9
2025-01-12,17,M09,P05,L04,180,150,27,5
2025-01-12,17,M10,P04,L05,180,94,3,4
2025-01-12,18,M01,P04,L03,198,177,19,9
2025-01-12,18,M02,P04,L05,128,132,28,6
2025-01-12,18,M03,P02,L01,120,191,10,9
2025-01-12,18,M04,P04,L01,129,130,0,1
2025-01-12,18,M05,P01,L05,114,115,14,5
2025-01-12,18,M06,P01,L02,138,102,10,6
2025-01-12,18,M07,P02,L02,137,198,18,3
2025-01-12,18,M08,P03,L04,170,115,28,6
2025-01-12,18,M09,P01,L05,199,166,12,1
2025-01-12,18,M10,P01,L02,181,141,7,7
2025-01-12,19,M01,P01,L01,143,89,19,5
2025-01-12,19,M02,P02,L05,195,130,21,9
2025-01-12,19,M03,P04,L04,138,163,23,7
2025-01-12,19,M04,P01,L02,135,150,9,9
2025-01-12,19,M05,P01,L04,149,104,15,4
2025-01-12,19,M06,P04,L03,105,105,16,6
2025-01-12,19,M07,P05,L01,113,191,22,8
2025-01-12,19,M08,P02,L05,183,151,14,4
2025-01-12,19,M09,P01,L01,118,172,25,5
2025-01-12,19,M10,P03,L04,192,121,2,0
2025-01-12,20,M01,P05,L04,145,137,6,0
2025-01-12,20,M02,P04,L03,102,109,2,9
2025-01-12,20,M03,P05,L01,149,141,19,5
2025-01-12,20,M04,P04,L03,157,109,25,6
2025-01-12,20,M05,P03,L05,151,93,28,3
2025-01-12,20,M06,P05,L03,152,188,21,7
2025-01-12,20,M07,P05,L01,163,83,10,1
2025-01-12,20,M08,P01,L02,129,94,5,6
2025-01-12,20,M09,P01,L05,133,106,12,3
2025-01-12,20,M10,P01,L03,168,194,21,2
2025-01-12,21,M01,P03,L05,105,171,9,4
2025-01-12,21,M02,P03,L01,185,167,6,5
2025-01-12,21,M03,P01,L02,162,104,3,7
2025-01-12,21,M04,P05,L02,109,166,17,0
2025-01-12,21,M05,P04,L04,115,95,17,7
2025-01-12,21,M06,P03,L02,169,80,29,8
2025-01-12,21,M07,P05,L04,157,160,0,7
2025-01-12,21,M08,P02,L03,173,115,24,1
2025-01-12,21,M09,P01,L03,173,162,13,1
2025-01-12,21,M10,P04,L05,149,108,16,9
2025-01-12,22,M01,P05,L03,114,139,11,4
2025-01-12,22,M02,P03,L04,157,120,13,9
2025-01-12,22,M03,P04,L03,151,160,18,2
2025-01-12,22,M04,P01,L05,176,184,26,0
2025-01-12,22,M05,P01,L01,149,177,13,5
2025-01-12,22,M06,P01,L03,102,177,7,8
2025-01-12,22,M07,P02,L05,133,169,8,3
2025-01-12,22,M08,P05,L05,124,181,25,8
2025-01-12,22,M09,P04,L01,125,136,4,4
2025-01-12,22,M10,P02,L04,119,88,22,6
2025-01-12,23,M01,P03,L05,119,166,10,4
2025-01-12,23,M02,P03,L04,170,101,9,6
2025-01-12,23,M03,P05,L02,103,161,23,6
2025-01-12,23,M04,P02,L01,133,179,2,0
2025-01-12,23,M05,P02,L04,174,136,12,0
2025-01-12,23,M06,P02,L01,197,196,28,4
2025-01-12,23,M07,P04,L04,125,140,27,2
2025-01-12,23,M08,P02,L04,151,97,20,4
2025-01-12,23,M09,P03,L05,130,170,9,0
2025-01-12,23,M10,P02,L03,183,142,20,4
2025-01-12,24,M01,P02,L05,120,98,3,1
2025-01-12,24,M02,P05,L04,124,135,12,2
2025-01-12,24,M03,P01,L01,137,162,19,0
2025-01-12,24,M04,P05,L01,185,94,17,6
2025-01-12,24,M05,P04,L01,144,111,3,4
2025-01-12,24,M06,P01,L01,170,152,0,1
2025-01-12,24,M07,P01,L02,167,188,22,5
2025-01-12,24,M08,P05,L03,142,130,7,6
2025-01-12,24,M09,P03,L01,116,97,27,0
2025-01-12,24,M10,P05,L03,179,94,9,1
2025-01-13,1,M01,P02,L03,104,195,15,4
2025-01-13,1,M02,P04,L02,122,141,12,8
2025-01-13,1,M03,P04,L01,191,187,24,4
2025-01-13,1,M04,P01,L04,119,139,15,8
2025-01-13,1,M05,P01,L05,116,179,13,2
2025-01-13,1,M06,P03,L03,196,123,14,9
2025-01-13,1,M07,P02,L02,167,96,16,7
2025-01-13,1,M08,P04,L05,137,142,28,2
2025-01-13,1,M09,P05,L03,199,114,19,5
2025-01-13,1,M10,P04,L03,147,131,7,6
2025-01-13,2,M01,P05,L02,139,164,19,3
2025-01-13,2,M02,P04,L05,137,170,3,6
2025-01-13,2,M03,P05,L05,136,126,25,7
2025-01-13,2,M04,P02,L02,117,189,9,6
2025-01-13,2,M05,P05,L02,164,125,17,8
2025-01-13,2,M06,P01,L02,178,158,24,7
2025-01-13,2,M07,P04,L03,114,178,5,8
2025-01-13,2,M08,P02,L05,151,158,17,7
2025-01-13,2,M09,P03,L04,169,141,23,8
2025-01-13,2,M10,P01,L05,188,145,29,0
2025-01-13,3,M01,P04,L03,187,102,28,1
2025-01-13,3,M02,P02,L05,119,95,2,0
2025-01-13,3,M03,P02,L05,143,104,22,0
2025-01-13,3,M04,P01,L01,197,160,19,9
2025-01-13,3,M05,P04,L01,103,156,3,6
2025-01-13,3,M06,P01,L03,186,112,0,3
2025-01-13,3,M07,P01,L04,133,170,20,7
2025-01-13,3,M08,P01,L03,154,88,16,4
2025-01-13,3,M09,P05,L04,102,147,3,6
2025-01-13,3,M10,P03,L02,123,186,9,4
2025-01-13,4,M01,P05,L05,143,185,6,2
2025-01-13,4,M02,P03,L03,175,131,21,4
2025-01-13,4,M03,P05,L04,120,154,27,4
2025-01-13,4,M04,P02,L02,158,170,4,6
2025-01-13,4,M05,P05,L02,186,132,24,3
2025-01-13,4,M06,P02,L05,148,157,23,7
2025-01-13,4,M07,P03,L02,188,160,23,7
2025-01-13,4,M08,P03,L05,168,179,25,9
2025-01-13,4,M09,P02,L05,125,165,11,0
2025-01-13,4,M10,P05,L05,151,99,6,8
2025-01-13,5,M01,P05,L03,113,123,7,4
2025-01-13,5,M02,P05,L02,142,95,13,2
2025-01-13,5,M03,P02,L05,102,147,21,4
2025-01-13,5,M04,P04,L02,128,175,1,4
2025-01-13,5,M05,P03,L05,186,112,3,4
2025-01-13,5,M06,P04,L04,187,128,20,9
2025-01-13,5,M07,P01,L01,165,174,24,3
2025-01-13,5,M08,P03,L03,116,187,1,5
2025-01-13,5,M09,P05,L01,183,108,20,8
2025-01-13,5,M10,P05,L04,171,174,19,7
2025-01-13,6,M01,P05,L05,127,166,5,2
2025-01-13,6,M02,P01,L05,106,139,3,6
2025-01-13,6,M03,P03,L05,114,143,1,5
2025-01-13,6,M04,P01,L02,127,197,19,6
2025-01-13,6,M05,P05,L03,164,94,25,2
2025-01-13,6,M06,P01,L01,197,195,4,2
2025-01-13,6,M07,P03,L05,100,101,29,9
2025-01-13,6,M08,P01,L02,100,186,8,6
2025-01-13,6,M09,P05,L03,101,93,5,7
2025-01-13,6,M10,P05,L02,192,187,10,5
2025-01-13,7,M01,P04,L03,165,175,10,5
2025-01-13,7,M02,P02,L03,130,112,29,7
2025-01-13,7,M03,P04,L01,114,116,26,5
2025-01-13,7,M04,P04,L03,111,146,29,6
2025-01-13,7,M05,P02,L02,131,196,6,2
2025-01-13,7,M06,P04,L03,180,191,2,8
2025-01-13,7,M07,P05,L02,162,190,7,1
2025-01-13,7,M08,P02,L03,151,152,13,6
2025-01-13,7,M09,P04,L03,196,179,25,5
2025-01-13,7,M10,P05,L02,134,145,2,8
2025-01-13,8,M01,P03,L03,117,122,11,2
2025-01-13,8,M02,P01,L02,105,161,12,5
2025-01-13,8,M03,P03,L03,108,178,22,3
2025-01-13,8,M04,P01,L02,176,119,21,9
2025-01-13,8,M05,P01,L01,149,103,1,2
2025-01-13,8,M06,P04,L05,182,112,20,4
2025-01-13,8,M07,P05,L02,145,124,8,5
2025-01-13,8,M08,P05,L03,134,161,20,2
2025-01-13,8,M09,P01,L05,110,153,16,3
2025-01-13,8,M10,P05,L02,117,139,17,0
2025-01-13,9,M01,P03,L02,178,139,1,3
2025-01-13,9,M02,P03,L01,184,121,0,3
2025-01-13,9,M03,P01,L04,149,124,9,7
2025-01-13,9,M04,P02,L03,113,125,26,3
2025-01-13,9,M05,P05,L03,161,176,18,6
2025-01-13,9,M06,P03,L02,161,186,4,2
2025-01-13,9,M07,P02,L05,121,147,24,9
2025-01-13,9,M08,P01,L02,137,186,26,9
2025-01-13,9,M09,P01,L05,197,146,8,4
2025-01-13,9,M10,P02,L02,111,161,25,4
2025-01-13,10,M01,P01,L05,102,148,24,9
2025-01-13,10,M02,P01,L01,172,111,5,0
2025-01-13,10,M03,P03,L05,107,152,27,1
2025-01-13,10,M04,P02,L02,109,197,17,0
2025-01-13,10,M05,P04,L03,145,140,3,5
2025-01-13,10,M06,P04,L05,188,117,5,1
2025-01-13,10,M07,P02,L01,158,156,11,2
2025-01-13,10,M08,P01,L02,107,83,20,5
2025-01-13,10,M09,P05,L03,157,116,16,2
2025-01-13,10,M10,P01,L03,128,166,0,6
2025-01-13,11,M01,P01,L04,122,84,6,8
2025-01-13,11,M02,P01,L02,121,192,12,3
2025-01-13,11,M03,P05,L05,144,169,10,7
2025-01-13,11,M04,P05,L01,192,84,27,4
2025-01-13,11,M05,P05,L01,108,81,18,3
2025-01-13,11,M06,P02,L01,102,130,18,7
2025-01-13,11,M07,P02,L01,160,189,17,9
2025-01-13,11,M08,P01,L02,193,136,5,8
2025-01-13,11,M09,P01,L02,161,135,2,0
2025-01-13,11,M10,P01,L04,139,160,24,8
2025-01-13,12,M01,P05,L04,188,194,3,4
2025-01-13,12,M02,P05,L01,110,139,3,5
2025-01-13,12,M03,P01,L05,165,151,3,9
2025-01-13,12,M04,P01,L04,103,108,23,5
2025-01-13,12,M05,P01,L01,162,136,2,0
2025-01-13,12,M06,P05,L01,129,175,0,5
2025-01-13,12,M07,P04,L04,188,91,16,4
2025-01-13,12,M08,P03,L02,151,172,11,0
2025-01-13,12,M09,P02,L01,117,126,1,0
2025-01-13,12,M10,P02,L02,108,100,19,5
2025-01-13,13,M01,P01,L01,174,199,22,2
2025-01-13,13,M02,P03,L02,135,195,21,6
2025-01-13,13,M03,P04,L04,163,153,5,8
2025-01-13,13,M04,P01,L03,173,196,9,9
2025-01-13,13,M05,P02,L03,114,96,26,1
2025-01-13,13,M06,P03,L03,175,167,4,7
2025-01-13,13,M07,P03,L03,143,177,26,3
2025-01-13,13,M08,P04,L01,104,132,25,7
2025-01-13,13,M09,P05,L02,115,158,4,2
2025-01-13,13,M10,P02,L05,104,102,14,1
2025-01-13,14,M01,P05,L01,101,101,7,6
2025-01-13,14,M02,P03,L04,186,161,29,4
2025-01-13,14,M03,P01,L05,151,126,17,5
2025-01-13,14,M04,P01,L04,106,194,27,0
2025-01-13,14,M05,P03,L02,130,156,24,7
2025-01-13,14,M06,P03,L05,164,112,26,1
2025-01-13,14,M07,P03,L01,191,180,8,8
2025-01-13,14,M08,P03,L02,196,98,21,8
2025-01-13,14,M09,P02,L02,170,110,19,1
2025-01-13,14,M10,P02,L03,107,169,29,8
2025-01-13,15,M01,P04,L04,119,88,7,1
2025-01-13,15,M02,P01,L01,162,183,26,4
2025-01-13,15,M03,P05,L05,134,164,3,0
2025-01-13,15,M04,P02,L01,161,195,2,5
2025-01-13,15,M05,P05,L01,179,190,6,1
2025-01-13,15,M06,P01,L02,114,85,1,7
2025-01-13,15,M07,P04,L01,100,144,27,3
2025-01-13,15,M08,P01,L04,189,130,10,0
2025-01-13,15,M09,P02,L01,175,120,6,7
2025-01-13,15,M10,P05,L01,113,113,15,0
2025-01-13,16,M01,P01,L03,158,193,17,3
2025-01-13,16,M02,P03,L04,141,148,18,6
2025-01-13,16,M03,P04,L05,111,162,14,3
2025-01-13,16,M04,P02,L04,150,191,10,1
2025-01-13,16,M05,P01,L01,117,140,24,4
2025-01-13,16,M06,P05,L01,163,138,5,0
2025-01-13,16,M07,P05,L02,196,166,25,7
2025-01-13,16,M08,P05,L02,119,196,9,8
2025-01-13,16,M09,P04,L04,161,85,4,1
2025-01-13,16,M10,P02,L04,103,102,12,0
2025-01-13,17,M01,P02,L01,191,80,14,4
2025-01-13,17,M02,P04,L02,165,115,14,5
2025-01-13,17,M03,P05,L04,149,175,26,3
2025-01-13,17,M04,P01,L04,114,141,17,2
2025-01-13,17,M05,P03,L05,104,135,21,2
2025-01-13,17,M06,P01,L02,182,86,3,3
2025-01-13,17,M07,P03,L01,160,108,17,8
2025-01-13,17,M08,P04,L03,164,120,26,5
2025-01-13,17,M09,P02,L02,179,81,3,3
2025-01-13,17,M10,P02,L03,198,105,24,4
2025-01-13,18,M01,P03,L02,155,163,29,1
2025-01-13,18,M02,P04,L02,149,104,19,8
2025-01-13,18,M03,P04,L05,142,186,29,6
2025-01-13,18,M04,P05,L04,162,81,21,6
2025-01-13,18,M05,P05,L03,137,124,29,2
2025-01-13,18,M06,P03,L02,129,116,24,4
2025-01-13,18,M07,P05,L03,179,129,20,6
2025-01-13,18,M08,P01,L04,153,140,14,2
2025-01-13,18,M09,P05,L03,199,174,12,1
2025-01-13,18,M10,P05,L04,146,109,22,8
2025-01-13,19,M01,P05,L04,140,124,9,3
2025-01-13,19,M02,P05,L05,144,158,19,3
2025-01-13,19,M03,P03,L05,104,197,21,5
2025-01-13,19,M04,P05,L02,112,172,4,8
2025-01-13,19,M05,P04,L05,171,139,8,4
2025-01-13,19,M06,P05,L03,183,158,25,5
2025-01-13,19,M07,P03,L02,136,184,28,2
2025-01-13,19,M08,P05,L02,186,132,0,2
2025-01-13,19,M09,P04,L03,113,131,29,9
2025-01-13,19,M10,P01,L05,114,117,13,8
2025-01-13,20,M01,P01,L03,107,151,18,8
2025-01-13,20,M02,P05,L03,112,106,23,2
2025-01-13,20,M03,P05,L02,150,116,15,8
2025-01-13,20,M04,P04,L04,153,82,18,4
2025-01-13,20,M05,P05,L03,142,108,7,2
2025-01-13,20,M06,P05,L02,162,105,17,9
2025-01-13,20,M07,P01,L02,106,191,5,6
2025-01-13,20,M08,P01,L04,102,181,3,3
2025-01-13,20,M09,P02,L04,108,183,18,0
2025-01-13,20,M10,P01,L01,119,93,21,3
2025-01-13,21,M01,P03,L03,102,167,29,7
2025-01-13,21,M02,P04,L01,109,192,28,7
2025-01-13,21,M03,P04,L01,120,182,23,8
2025-01-13,21,M04,P04,L04,125,88,19,7
2025-01-13,21,M05,P04,L03,135,197,8,5
2025-01-13,21,M06,P05,L01,172,116,5,2
2025-01-13,21,M07,P03,L02,195,92,19,3
2025-01-13,21,M08,P04,L03,136,173,9,8
2025-01-13,21,M09,P05,L05,140,152,9,9
2025-01-13,21,M10,P04,L02,107,175,28,0
2025-01-13,22,M01,P05,L05,123,129,17,7
2025-01-13,22,M02,P04,L02,156,198,23,4
2025-01-13,22,M03,P04,L01,194,97,2,2
2025-01-13,22,M04,P05,L01,194,89,14,3
2025-01-13,22,M05,P03,L02,166,189,6,7
2025-01-13,22,M06,P03,L05,128,101,19,5
2025-01-13,22,M07,P03,L05,148,108,9,7
2025-01-13,22,M08,P05,L01,133,117,24,4
2025-01-13,22,M09,P02,L04,111,114,5,7
2025-01-13,22,M10,P05,L05,160,114,15,6
2025-01-13,23,M01,P01,L05,167,101,26,5
2025-01-13,23,M02,P04,L03,143,194,21,9
2025-01-13,23,M03,P01,L04,108,113,3,8
2025-01-13,23,M04,P04,L05,171,137,27,2
2025-01-13,23,M05,P01,L03,115,154,9,7
2025-01-13,23,M06,P02,L01,117,114,29,1
2025-01-13,23,M07,P03,L03,158,107,13,5
2025-01-13,23,M08,P05,L02,180,130,28,0
2025-01-13,23,M09,P02,L04,175,104,28,8
2025-01-13,23,M10,P04,L05,156,110,2,4
2025-01-13,24,M01,P02,L03,149,96,27,9
2025-01-13,24,M02,P03,L02,123,178,22,6
2025-01-13,24,M03,P01,L02,118,145,27,2
2025-01-13,24,M04,P05,L02,134,148,10,7
2025-01-13,24,M05,P01,L05,157,128,16,9
2025-01-13,24,M06,P01,L04,178,174,24,0
2025-01-13,24,M07,P03,L04,168,84,3,0
2025-01-13,24,M08,P04,L05,113,108,7,1
2025-01-13,24,M09,P05,L01,135,130,4,4
2025-01-13,24,M10,P04,L05,151,167,18,3
2025-01-14,1,M01,P01,L01,197,122,6,0
2025-01-14,1,M02,P03,L03,128,101,5,5
2025-01-14,1,M03,P05,L03,149,197,9,4
2025-01-14,1,M04,P02,L05,146,100,19,6
2025-01-14,1,M05,P05,L04,120,80,14,0
2025-01-14,1,M06,P03,L03,182,129,27,1
2025-01-14,1,M07,P01,L05,105,196,21,4
2025-01-14,1,M08,P05,L01,150,197,0,6
2025-01-14,1,M09,P03,L04,157,168,0,7
2025-01-14,1,M10,P05,L01,177,180,25,7
2025-01-14,2,M01,P05,L03,153,106,5,4
2025-01-14,2,M02,P02,L05,186,110,3,0
2025-01-14,2,M03,P05,L05,166,115,22,4
2025-01-14,2,M04,P01,L04,105,89,21,6
2025-01-14,2,M05,P04,L01,143,120,14,9
2025-01-14,2,M06,P04,L02,169,147,25,6
2025-01-14,2,M07,P05,L04,182,197,12,3
2025-01-14,2,M08,P04,L03,166,157,17,2
2025-01-14,2,M09,P04,L05,173,128,14,2
2025-01-14,2,M10,P04,L01,114,130,15,7
2025-01-14,3,M01,P05,L01,100,86,20,1
2025-01-14,3,M02,P01,L04,106,171,16,2
2025-01-14,3,M03,P03,L03,193,170,16,6
2025-01-14,3,M04,P05,L02,160,132,25,2
2025-01-14,3,M05,P04,L03,107,100,28,4
2025-01-14,3,M06,P03,L03,126,152,24,0
2025-01-14,3,M07,P02,L01,191,123,10,4
2025-01-14,3,M08,P04,L01,175,96,14,1
2025-01-14,3,M09,P04,L02,171,177,13,8
2025-01-14,3,M10,P01,L04,101,96,25,9
2025-01-14,4,M01,P02,L01,187,141,18,0
2025-01-14,4,M02,P01,L03,173,193,22,5
2025-01-14,4,M03,P03,L04,149,144,27,2
2025-01-14,4,M04,P02,L04,120,116,14,6
2025-01-14,4,M05,P01,L02,143,118,4,8
2025-01-14,4,M06,P01,L02,189,143,7,5
2025-01-14,4,M07,P01,L04,175,88,9,9
2025-01-14,4,M08,P02,L01,198,170,27,2
2025-01-14,4,M09,P05,L03,146,124,21,4
2025-01-14,4,M10,P02,L05,161,102,11,3
2025-01-14,5,M01,P04,L03,146,170,19,7
2025-01-14,5,M02,P01,L01,145,143,22,1
2025-01-14,5,M03,P04,L03,185,135,26,4
2025-01-14,5,M04,P02,L04,171,181,27,8
2025-01-14,5,M05,P01,L04,124,181,11,8
2025-01-14,5,M06,P05,L03,133,188,12,7
2025-01-14,5,M07,P05,L03,199,149,5,4
2025-01-14,5,M08,P04,L04,106,169,14,7
2025-01-14,5,M09,P02,L01,122,131,5,8
2025-01-14,5,M10,P05,L05,117,99,13,1
2025-01-14,6,M01,P05,L03,148,80,8,5
2025-01-14,6,M02,P04,L05,184,124,5,5
2025-01-14,6,M03,P05,L01,103,82,16,1
2025-01-14,6,M04,P04,L03,186,133,26,7
2025-01-14,6,M05,P04,L01,165,136,24,3
2025-01-14,6,M06,P03,L04,173,93,26,5
2025-01-14,6,M07,P01,L03,151,80,1,2
2025-01-14,6,M08,P04,L02,135,156,25,8
2025-01-14,6,M09,P03,L02,119,153,23,9
2025-01-14,6,M10,P03,L02,174,168,9,7
2025-01-14,7,M01,P05,L01,166,83,29,4
2025-01-14,7,M02,P01,L01,118,182,15,5
2025-01-14,7,M03,P05,L04,130,153,17,6
2025-01-14,7,M04,P02,L04,110,165,26,1
2025-01-14,7,M05,P02,L02,186,144,22,9
2025-01-14,7,M06,P01,L05,137,182,16,8
2025-01-14,7,M07,P03,L01,151,97,0,3
2025-01-14,7,M08,P04,L03,108,143,29,7
2025-01-14,7,M09,P04,L05,162,80,14,8
2025-01-14,7,M10,P02,L02,145,132,25,7
2025-01-14,8,M01,P03,L03,153,101,25,2
2025-01-14,8,M02,P04,L04,159,118,26,3
2025-01-14,8,M03,P01,L05,147,105,12,3
2025-01-14,8,M04,P02,L01,120,97,14,5
2025-01-14,8,M05,P04,L03,107,108,20,0
2025-01-14,8,M06,P01,L01,187,137,27,1
2025-01-14,8,M07,P05,L04,130,126,1,1
2025-01-14,8,M08,P03,L02,193,151,19,6
2025-01-14,8,M09,P02,L04,118,169,27,2
2025-01-14,8,M10,P05,L02,153,85,16,6
2025-01-14,9,M01,P04,L04,176,170,27,2
2025-01-14,9,M02,P05,L05,155,81,8,7
2025-01-14,9,M03,P03,L05,167,193,1,3
2025-01-14,9,M04,P01,L05,131,140,9,0
2025-01-14,9,M05,P03,L03,170,124,12,0
2025-01-14,9,M06,P05,L01,102,189,23,0
2025-01-14,9,M07,P05,L02,199,152,13,3
2025-01-14,9,M08,P03,L02,154,142,6,9
2025-01-14,9,M09,P02,L03,178,152,14,0
2025-01-14,9,M10,P02,L04,178,97,23,6
2025-01-14,10,M01,P05,L04,163,169,7,1
2025-01-14,10,M02,P05,L02,130,176,21,3
2025-01-14,10,M03,P03,L05,171,182,12,0
2025-01-14,10,M04,P04,L03,197,166,15,0
2025-01-14,10,M05,P04,L03,143,180,16,5
2025-01-14,10,M06,P02,L02,190,185,5,7
2025-01-14,10,M07,P04,L04,156,191,21,7
2025-01-14,10,M08,P02,L03,163,188,14,9
2025-01-14,10,M09,P02,L02,191,185,12,1
2025-01-14,10,M10,P05,L03,123,136,29,7
2025-01-14,11,M01,P03,L05,118,134,12,4
2025-01-14,11,M02,P01,L04,139,105,12,4
2025-01-14,11,M03,P01,L05,102,171,5,8
2025-01-14,11,M04,P05,L04,169,144,24,3
2025-01-14,11,M05,P01,L02,102,146,4,0
2025-01-14,11,M06,P01,L05,137,142,0,6
2025-01-14,11,M07,P03,L02,151,197,29,6
2025-01-14,11,M08,P04,L05,189,106,24,8
2025-01-14,11,M09,P04,L01,109,85,17,1
2025-01-14,11,M10,P04,L03,140,162,5,1
2025-01-14,12,M01,P04,L01,184,151,9,9
2025-01-14,12,M02,P02,L02,172,107,23,2
2025-01-14,12,M03,P04,L01,155,146,9,1
2025-01-14,12,M04,P05,L04,197,121,1,8
2025-01-14,12,M05,P02,L03,133,119,23,0
2025-01-14,12,M06,P05,L01,199,129,11,0
2025-01-14,12,M07,P05,L01,182,125,13,0
2025-01-14,12,M08,P05,L02,153,191,15,0
2025-01-14,12,M09,P04,L03,107,151,22,1
2025-01-14,12,M10,P04,L04,149,135,19,8
2025-01-14,13,M01,P03,L03,171,177,24,3
2025-01-14,13,M02,P03,L03,182,122,28,9
2025-01-14,13,M03,P04,L04,181,167,8,7
2025-01-14,13,M04,P03,L02,122,154,9,1
2025-01-14,13,M05,P04,L04,112,108,5,4
2025-01-14,13,M06,P01,L05,189,163,4,3
2025-01-14,13,M07,P05,L05,123,158,18,0
2025-01-14,13,M08,P02,L02,150,183,2,6
2025-01-14,13,M09,P02,L02,171,192,22,6
2025-01-14,13,M10,P05,L02,109,136,24,7
2025-01-14,14,M01,P05,L01,146,133,13,3
2025-01-14,14,M02,P02,L04,192,122,29,3
2025-01-14,14,M03,P05,L05,184,191,20,3
2025-01-14,14,M04,P02,L01,101,88,22,8
2025-01-14,14,M05,P02,L05,147,121,8,8
2025-01-14,14,M06,P05,L02,157,179,9,2
2025-01-14,14,M07,P03,L03,140,178,17,7
2025-01-14,14,M08,P03,L05,116,144,12,9
2025-01-14,14,M09,P05,L05,140,121,5,4
2025-01-14,14,M10,P03,L02,172,181,7,8
2025-01-14,15,M01,P04,L01,157,183,2,2
2025-01-14,15,M02,P01,L02,179,179,17,1
2025-01-14,15,M03,P03,L05,158,132,19,0
2025-01-14,15,M04,P04,L01,104,86,17,7
2025-01-14,15,M05,P02,L03,190,169,4,1
2025-01-14,15,M06,P04,L02,167,156,23,5
2025-01-14,15,M07,P05,L02,192,137,3,1
2025-01-14,15,M08,P02,L01,148,87,25,8
2025-01-14,15,M09,P02,L01,169,172,26,4
2025-01-14,15,M10,P02,L01,117,143,9,9
2025-01-14,16,M01,P04,L03,116,138,12,3
2025-01-14,16,M02,P02,L04,190,143,20,1
2025-01-14,16,M03,P01,L02,111,188,11,2
2025-01-14,16,M04,P02,L01,116,129,7,6
2025-01-14,16,M05,P02,L01,111,158,14,3
2025-01-14,16,M06,P01,L04,197,126,16,6
2025-01-14,16,M07,P03,L04,196,164,25,3
2025-01-14,16,M08,P01,L05,100,132,5,4
2025-01-14,16,M09,P01,L02,168,169,8,2
2025-01-14,16,M10,P05,L05,175,148,1,3
2025-01-14,17,M01,P03,L03,109,92,11,1
2025-01-14,17,M02,P01,L02,109,101,7,8
2025-01-14,17,M03,P05,L05,184,101,13,0
2025-01-14,17,M04,P03,L05,139,193,21,8
2025-01-14,17,M05,P03,L05,181,121,4,8
2025-01-14,17,M06,P02,L05,177,94,9,9
2025-01-14,17,M07,P04,L05,131,182,27,6
2025-01-14,17,M08,P05,L03,178,97,6,5
2025-01-14,17,M09,P04,L03,196,119,7,2
2025-01-14,17,M10,P05,L03,198,190,13,4
2025-01-14,18,M01,P02,L01,197,91,15,3
2025-01-14,18,M02,P02,L01,191,125,10,8
2025-01-14,18,M03,P01,L02,124,107,3,1
2025-01-14,18,M04,P03,L02,171,174,15,2
2025-01-14,18,M05,P03,L02,147,144,11,2
2025-01-14,18,M06,P01,L03,170,189,4,1
2025-01-14,18,M07,P05,L01,106,88,3,8
2025-01-14,18,M08,P04,L01,105,161,7,4
2025-01-14,18,M09,P02,L03,155,198,8,7
2025-01-14,18,M10,P04,L03,131,145,13,1
2025-01-14,19,M01,P03,L02,159,197,6,5
2025-01-14,19,M02,P04,L02,118,170,12,3
2025-01-14,19,M03,P01,L05,194,106,1,7
2025-01-14,19,M04,P01,L03,125,107,3,2
2025-01-14,19,M05,P02,L02,172,118,3,2
2025-01-14,19,M06,P04,L02,118,143,27,2
2025-01-14,19,M07,P05,L04,124,179,24,9
2025-01-14,19,M08,P05,L05,180,97,10,4
2025-01-14,19,M09,P02,L02,105,129,15,1
2025-01-14,19,M10,P01,L03,156,109,25,3
2025-01-14,20,M01,P01,L05,118,125,2,1
2025-01-14,20,M02,P01,L05,191,161,0,5
2025-01-14,20,M03,P03,L01,154,180,27,2
2025-01-14,20,M04,P04,L04,173,163,24,4
2025-01-14,20,M05,P02,L05,174,198,6,0
2025-01-14,20,M06,P04,L02,137,154,11,9
2025-01-14,20,M07,P03,L03,150,154,15,6
2025-01-14,20,M08,P03,L04,175,119,2,1
2025-01-14,20,M09,P04,L04,123,172,14,1
2025-01-14,20,M10,P02,L04,177,161,1,0
2025-01-14,21,M01,P02,L04,140,120,15,6
2025-01-14,21,M02,P03,L04,161,91,29,6
2025-01-14,21,M03,P01,L01,119,197,5,2
2025-01-14,21,M04,P05,L04,109,130,28,5
2025-01-14,21,M05,P01,L01,180,162,0,4
2025-01-14,21,M06,P02,L03,134,120,26,7
2025-01-14,21,M07,P03,L05,158,129,20,0
2025-01-14,21,M08,P01,L04,120,139,19,5
2025-01-14,21,M09,P01,L01,163,179,21,9
2025-01-14,21,M10,P04,L02,146,87,21,8
2025-01-14,22,M01,P05,L03,194,127,14,7
2025-01-14,22,M02,P04,L04,162,95,9,9
2025-01-14,22,M03,P05,L05,110,108,12,5
2025-01-14,22,M04,P04,L03,133,139,27,1
2025-01-14,22,M05,P03,L04,197,128,13,7
2025-01-14,22,M06,P05,L04,173,128,12,8
2025-01-14,22,M07,P05,L04,159,108,25,6
2025-01-14,22,M08,P03,L03,106,128,21,3
2025-01-14,22,M09,P02,L02,173,138,11,1
2025-01-14,22,M10,P01,L02,107,132,13,6
2025-01-14,23,M01,P03,L01,177,96,17,5
2025-01-14,23,M02,P02,L02,127,188,13,8
2025-01-14,23,M03,P02,L03,101,154,16,1
2025-01-14,23,M04,P02,L03,112,84,17,6
2025-01-14,23,M05,P05,L02,171,105,14,8
2025-01-14,23,M06,P04,L01,161,126,13,9
2025-01-14,23,M07,P03,L02,130,149,29,0
2025-01-14,23,M08,P05,L05,178,94,19,4
2025-01-14,23,M09,P01,L04,110,122,5,6
2025-01-14,23,M10,P01,L02,146,183,29,3
2025-01-14,24,M01,P01,L05,164,138,5,7
2025-01-14,24,M02,P03,L03,151,97,26,1
2025-01-14,24,M03,P01,L02,131,196,15,5
2025-01-14,24,M04,P04,L04,184,125,4,8
2025-01-14,24,M05,P05,L01,145,130,29,2
2025-01-14,24,M06,P02,L01,144,197,3,7
2025-01-14,24,M07,P03,L02,133,102,28,4
2025-01-14,24,M08,P01,L05,170,175,6,9
2025-01-14,24,M09,P04,L04,163,92,23,1
2025-01-14,24,M10,P02,L02,100,122,17,9
2025-01-15,1,M01,P04,L02,100,130,15,9
2025-01-15,1,M02,P01,L05,186,132,8,1
2025-01-15,1,M03,P01,L01,105,110,4,7
2025-01-15,1,M04,P04,L05,106,188,12,0
2025-01-15,1,M05,P02,L04,102,91,0,1
2025-01-15,1,M06,P01,L05,171,111,19,2
2025-01-15,1,M07,P02,L01,134,178,5,9
2025-01-15,1,M08,P02,L02,145,127,6,0
2025-01-15,1,M09,P01,L01,126,80,20,0
2025-01-15,1,M10,P04,L02,124,163,24,1
2025-01-15,2,M01,P05,L04,113,193,1,1
2025-01-15,2,M02,P05,L03,124,191,21,8
2025-01-15,2,M03,P05,L02,152,191,10,5
2025-01-15,2,M04,P04,L02,171,127,2,1
2025-01-15,2,M05,P01,L03,115,110,21,9
2025-01-15,2,M06,P04,L04,109,130,12,1
2025-01-15,2,M07,P01,L04,135,108,15,4
2025-01-15,2,M08,P04,L02,158,189,2,5
2025-01-15,2,M09,P04,L04,130,112,22,8
2025-01-15,2,M10,P01,L01,164,121,22,8
2025-01-15,3,M01,P01,L03,102,139,11,2
2025-01-15,3,M02,P02,L01,131,86,18,6
2025-01-15,3,M03,P02,L05,139,164,15,2
2025-01-15,3,M04,P05,L01,186,154,9,8
2025-01-15,3,M05,P03,L05,140,176,19,0
2025-01-15,3,M06,P02,L03,161,179,26,2
2025-01-15,3,M07,P05,L03,162,172,23,9
2025-01-15,3,M08,P05,L03,192,84,25,9
2025-01-15,3,M09,P04,L03,158,156,21,7
2025-01-15,3,M10,P01,L05,137,186,12,4
2025-01-15,4,M01,P01,L04,110,137,10,7
2025-01-15,4,M02,P04,L03,143,85,27,6
2025-01-15,4,M03,P02,L05,153,191,11,0
2025-01-15,4,M04,P02,L01,183,157,13,9
2025-01-15,4,M05,P01,L05,161,170,24,3
2025-01-15,4,M06,P01,L02,102,166,10,9
2025-01-15,4,M07,P01,L02,143,172,26,1
2025-01-15,4,M08,P05,L05,192,169,7,2
2025-01-15,4,M09,P01,L02,118,119,1,2
2025-01-15,4,M10,P03,L01,153,124,22,3
2025-01-15,5,M01,P03,L01,168,117,3,0
2025-01-15,5,M02,P05,L05,152,191,15,5
2025-01-15,5,M03,P02,L03,114,193,28,9
2025-01-15,5,M04,P05,L05,127,110,5,9
2025-01-15,5,M05,P02,L01,137,120,6,1
2025-01-15,5,M06,P03,L03,163,168,3,8
2025-01-15,5,M07,P05,L02,158,180,26,1
2025-01-15,5,M08,P01,L03,112,109,4,1
2025-01-15,5,M09,P02,L05,170,195,16,2
2025-01-15,5,M10,P04,L03,132,132,28,7
2025-01-15,6,M01,P01,L01,118,164,8,4
2025-01-15,6,M02,P02,L01,122,154,0,3
2025-01-15,6,M03,P02,L01,151,91,0,9
2025-01-15,6,M04,P03,L04,105,170,4,4
2025-01-15,6,M05,P04,L02,134,165,1,3
2025-01-15,6,M06,P01,L02,125,185,21,0
2025-01-15,6,M07,P03,L05,177,174,9,2
2025-01-15,6,M08,P02,L05,186,168,6,2
2025-01-15,6,M09,P05,L01,176,82,20,5
2025-01-15,6,M10,P04,L03,166,143,3,4
2025-01-15,7,M01,P02,L02,188,89,7,5
2025-01-15,7,M02,P03,L02,166,170,17,6
2025-01-15,7,M03,P01,L02,177,197,22,8
2025-01-15,7,M04,P03,L04,117,100,12,9
2025-01-15,7,M05,P05,L01,137,120,9,8
2025-01-15,7,M06,P02,L03,129,113,13,5
2025-01-15,7,M07,P05,L05,160,162,18,5
2025-01-15,7,M08,P02,L04,160,185,22,0
2025-01-15,7,M09,P04,L03,132,185,2,4
2025-01-15,7,M10,P03,L01,141,141,25,8
2025-01-15,8,M01,P01,L01,159,148,26,9
2025-01-15,8,M02,P05,L02,196,104,9,9
2025-01-15,8,M03,P03,L01,172,146,14,3
2025-01-15,8,M04,P04,L05,122,116,29,7
2025-01-15,8,M05,P05,L01,144,176,0,6
2025-01-15,8,M06,P05,L05,188,96,23,1
2025-01-15,8,M07,P02,L02,159,162,19,6
2025-01-15,8,M08,P03,L05,187,154,8,6
2025-01-15,8,M09,P05,L01,143,142,1,4
2025-01-15,8,M10,P01,L02,151,195,8,2
2025-01-15,9,M01,P03,L04,117,163,29,7
2025-01-15,9,M02,P03,L01,193,169,9,5
2025-01-15,9,M03,P05,L05,167,188,16,0
2025-01-15,9,M04,P04,L05,187,160,17,6
2025-01-15,9,M05,P03,L04,110,91,12,7
2025-01-15,9,M06,P01,L01,191,81,13,1
2025-01-15,9,M07,P04,L04,147,153,2,3
2025-01-15,9,M08,P02,L05,102,89,10,2
2025-01-15,9,M09,P04,L05,142,107,20,3
2025-01-15,9,M10,P03,L01,144,197,9,5
2025-01-15,10,M01,P01,L02,142,110,15,2
2025-01-15,10,M02,P04,L05,122,115,7,6
2025-01-15,10,M03,P01,L02,180,94,4,3
2025-01-15,10,M04,P01,L01,177,157,16,7
2025-01-15,10,M05,P02,L02,193,165,15,5
2025-01-15,10,M06,P03,L04,105,147,17,5
2025-01-15,10,M07,P05,L02,190,120,10,5
2025-01-15,10,M08,P03,L03,152,94,25,7
2025-01-15,10,M09,P03,L01,156,130,23,9
2025-01-15,10,M10,P04,L01,109,142,8,2
2025-01-15,11,M01,P02,L03,162,98,16,3
2025-01-15,11,M02,P02,L05,116,97,16,1
2025-01-15,11,M03,P01,L03,142,136,9,4
2025-01-15,11,M04,P04,L05,135,110,22,5
2025-01-15,11,M05,P01,L03,189,94,15,8
2025-01-15,11,M06,P01,L05,154,131,3,7
2025-01-15,11,M07,P02,L01,193,182,6,3
2025-01-15,11,M08,P04,L03,119,128,26,6
2025-01-15,11,M09,P02,L01,125,115,10,2
2025-01-15,11,M10,P03,L03,175,112,3,0
2025-01-15,12,M01,P05,L05,187,94,16,5
2025-01-15,12,M02,P04,L02,167,189,18,8
2025-01-15,12,M03,P03,L02,127,181,8,2
2025-01-15,12,M04,P03,L03,182,99,24,7
2025-01-15,12,M05,P05,L01,154,114,13,6
2025-01-15,12,M06,P03,L01,166,113,25,0
2025-01-15,12,M07,P03,L01,120,120,26,4
2025-01-15,12,M08,P01,L02,182,121,3,9
2025-01-15,12,M09,P05,L03,138,86,3,5
2025-01-15,12,M10,P01,L04,134,151,6,3
2025-01-15,13,M01,P05,L02,118,141,6,9
2025-01-15,13,M02,P04,L01,198,137,24,7
2025-01-15,13,M03,P03,L04,139,155,19,5
2025-01-15,13,M04,P02,L04,165,199,12,8
2025-01-15,13,M05,P02,L03,135,128,15,2
2025-01-15,13,M06,P03,L03,106,170,12,2
2025-01-15,13,M07,P02,L01,121,92,28,6
2025-01-15,13,M08,P01,L01,113,190,10,7
2025-01-15,13,M09,P01,L02,180,147,19,2
2025-01-15,13,M10,P01,L01,144,167,1,1
2025-01-15,14,M01,P01,L03,112,150,8,2
2025-01-15,14,M02,P01,L02,113,175,18,9
2025-01-15,14,M03,P05,L01,166,128,17,9
2025-01-15,14,M04,P03,L05,156,165,17,1
2025-01-15,14,M05,P05,L05,179,151,10,7
2025-01-15,14,M06,P01,L02,130,155,8,4
2025-01-15,14,M07,P02,L01,193,175,7,6
2025-01-15,14,M08,P04,L03,118,179,19,9
2025-01-15,14,M09,P05,L02,145,132,1,3
2025-01-15,14,M10,P01,L03,147,156,23,7
2025-01-15,15,M01,P03,L02,184,187,22,8
2025-01-15,15,M02,P03,L01,105,157,22,5
2025-01-15,15,M03,P04,L01,107,169,14,3
2025-01-15,15,M04,P03,L03,155,176,3,7
2025-01-15,15,M05,P04,L02,149,113,3,3
2025-01-15,15,M06,P03,L02,182,119,23,0
2025-01-15,15,M07,P05,L03,149,91,11,4
2025-01-15,15,M08,P02,L03,182,142,8,0
2025-01-15,15,M09,P02,L04,153,126,24,2
2025-01-15,15,M10,P04,L03,152,198,29,4
2025-01-15,16,M01,P05,L03,137,109,25,1
2025-01-15,16,M02,P03,L03,158,99,4,8
2025-01-15,16,M03,P03,L01,154,119,6,4
2025-01-15,16,M04,P01,L02,106,90,8,0
2025-01-15,16,M05,P03,L01,185,119,18,3
2025-01-15,16,M06,P04,L04,188,188,2,7
2025-01-15,16,M07,P04,L05,138,147,28,0
2025-01-15,16,M08,P01,L01,101,85,11,9
2025-01-15,16,M09,P05,L03,142,161,7,8
2025-01-15,16,M10,P04,L04,140,195,28,6
2025-01-15,17,M01,P05,L05,150,191,8,9
2025-01-15,17,M02,P03,L05,109,86,8,8
2025-01-15,17,M03,P02,L05,145,169,20,6
2025-01-15,17,M04,P04,L05,191,140,18,5
2025-01-15,17,M05,P05,L04,165,133,6,6
2025-01-15,17,M06,P01,L03,147,162,10,1
2025-01-15,17,M07,P01,L03,167,193,18,3
2025-01-15,17,M08,P05,L02,153,180,2,9
2025-01-15,17,M09,P01,L03,120,144,5,6
2025-01-15,17,M10,P05,L04,165,84,8,3
2025-01-15,18,M01,P05,L02,162,165,7,1
2025-01-15,18,M02,P05,L01,181,170,15,4
2025-01-15,18,M03,P05,L05,146,180,10,5
2025-01-15,18,M04,P03,L01,134,167,9,5
2025-01-15,18,M05,P02,L04,102,113,12,1
2025-01-15,18,M06,P05,L02,114,139,20,0
2025-01-15,18,M07,P02,L02,151,102,2,4
2025-01-15,18,M08,P01,L03,156,176,24,4
2025-01-15,18,M09,P04,L05,197,98,26,8
2025-01-15,18,M10,P05,L05,188,105,18,3
2025-01-15,19,M01,P05,L02,130,80,2,8
2025-01-15,19,M02,P01,L05,161,86,6,7
2025-01-15,19,M03,P01,L03,110,190,8,0
2025-01-15,19,M04,P01,L03,161,193,19,1
2025-01-15,19,M05,P02,L04,191,176,10,2
2025-01-15,19,M06,P04,L05,184,101,21,4
2025-01-15,19,M07,P03,L04,143,165,8,4
2025-01-15,19,M08,P04,L05,160,146,12,5
2025-01-15,19,M09,P03,L03,184,195,20,6
2025-01-15,19,M10,P01,L01,174,156,0,1
2025-01-15,20,M01,P05,L01,136,109,8,4
2025-01-15,20,M02,P03,L02,199,125,26,5
2025-01-15,20,M03,P04,L03,195,80,1,8
2025-01-15,20,M04,P02,L04,109,129,11,5
2025-01-15,20,M05,P05,L01,194,190,25,8
2025-01-15,20,M06,P02,L02,111,114,6,8
2025-01-15,20,M07,P01,L01,179,139,15,3
2025-01-15,20,M08,P04,L05,121,87,0,1
2025-01-15,20,M09,P05,L02,185,141,13,6
2025-01-15,20,M10,P05,L02,185,179,16,2
2025-01-15,21,M01,P01,L02,192,85,17,8
2025-01-15,21,M02,P03,L04,173,198,27,2
2025-01-15,21,M03,P02,L04,158,100,0,7
2025-01-15,21,M04,P01,L03,183,136,15,8
2025-01-15,21,M05,P03,L01,130,143,15,6
2025-01-15,21,M06,P03,L02,197,91,27,3
2025-01-15,21,M07,P05,L04,126,91,12,7
2025-01-15,21,M08,P05,L05,134,139,28,2
2025-01-15,21,M09,P02,L05,132,151,29,8
2025-01-15,21,M10,P03,L01,139,196,16,8
2025-01-15,22,M01,P05,L04,184,133,11,6
2025-01-15,22,M02,P03,L02,191,93,16,7
2025-01-15,22,M03,P02,L05,162,113,18,5
2025-01-15,22,M04,P05,L02,136,86,25,4
2025-01-15,22,M05,P04,L01,139,188,4,3
2025-01-15,22,M06,P04,L04,189,88,0,2
2025-01-15,22,M07,P04,L04,169,185,9,0
2025-01-15,22,M08,P03,L04,130,145,17,9
2025-01-15,22,M09,P04,L04,167,144,14,9
2025-01-15,22,M10,P05,L02,157,126,1,3
2025-01-15,23,M01,P01,L04,138,166,25,9
2025-01-15,23,M02,P01,L02,174,167,9,6
2025-01-15,23,M03,P04,L03,199,106,23,1
2025-01-15,23,M04,P03,L03,161,150,11,2
2025-01-15,23,M05,P05,L05,199,150,6,1
2025-01-15,23,M06,P04,L02,173,93,8,5
2025-01-15,23,M07,P01,L05,164,136,29,3
2025-01-15,23,M08,P03,L01,125,123,2,5
2025-01-15,23,M09,P05,L03,144,90,7,9
2025-01-15,23,M10,P05,L02,180,111,10,1
2025-01-15,24,M01,P05,L05,147,191,25,1
2025-01-15,24,M02,P05,L01,171,108,19,8
2025-01-15,24,M03,P02,L02,166,173,17,4
2025-01-15,24,M04,P05,L02,128,88,1,8
2025-01-15,24,M05,P02,L05,181,128,8,4
2025-01-15,24,M06,P02,L02,103,123,26,7
2025-01-15,24,M07,P03,L05,163,119,7,2
2025-01-15,24,M08,P01,L01,143,138,14,3
2025-01-15,24,M09,P02,L05,122,156,14,0
2025-01-15,24,M10,P03,L01,151,101,4,2
2025-01-16,1,M01,P05,L03,177,191,12,1
2025-01-16,1,M02,P05,L04,113,152,9,6
2025-01-16,1,M03,P01,L04,145,107,1,0
2025-01-16,1,M04,P04,L03,103,156,17,2
2025-01-16,1,M05,P05,L03,196,184,23,7
2025-01-16,1,M06,P02,L03,132,155,21,9
2025-01-16,1,M07,P03,L01,168,138,8,3
2025-01-16,1,M08,P04,L03,120,122,8,6
2025-01-16,1,M09,P01,L02,168,85,18,0
2025-01-16,1,M10,P04,L03,117,167,12,0
2025-01-16,2,M01,P05,L02,195,124,21,7
2025-01-16,2,M02,P03,L04,182,166,1,7
2025-01-16,2,M03,P04,L05,127,119,15,1
2025-01-16,2,M04,P04,L03,167,171,24,4
2025-01-16,2,M05,P04,L01,161,163,25,7
2025-01-16,2,M06,P01,L02,168,160,16,1
2025-01-16,2,M07,P05,L02,106,179,12,3
2025-01-16,2,M08,P02,L03,166,138,1,2
2025-01-16,2,M09,P04,L01,106,191,4,1
2025-01-16,2,M10,P05,L01,115,180,2,8
2025-01-16,3,M01,P02,L03,184,120,7,5
2025-01-16,3,M02,P05,L03,116,180,13,6
2025-01-16,3,M03,P04,L01,194,160,2,7
2025-01-16,3,M04,P05,L05,192,89,17,2
2025-01-16,3,M05,P02,L04,148,150,29,2
2025-01-16,3,M06,P01,L04,120,105,24,6
2025-01-16,3,M07,P03,L01,128,99,19,9
2025-01-16,3,M08,P01,L04,124,104,20,3
2025-01-16,3,M09,P01,L04,114,199,25,9
2025-01-16,3,M10,P04,L04,198,131,8,7
2025-01-16,4,M01,P04,L04,196,175,18,9
2025-01-16,4,M02,P02,L02,112,172,23,5
2025-01-16,4,M03,P04,L04,159,172,21,3
2025-01-16,4,M04,P03,L01,154,119,1,1
2025-01-16,4,M05,P04,L01,129,196,19,3
2025-01-16,4,M06,P02,L02,128,102,1,3
2025-01-16,4,M07,P05,L01,116,143,19,8
2025-01-16,4,M08,P04,L05,187,197,14,7
2025-01-16,4,M09,P04,L05,120,140,13,9
2025-01-16,4,M10,P03,L04,185,108,24,9
2025-01-16,5,M01,P05,L02,166,109,17,5
2025-01-16,5,M02,P05,L04,152,162,15,3
2025-01-16,5,M03,P01,L03,115,197,19,0
2025-01-16,5,M04,P05,L01,168,137,6,3
2025-01-16,5,M05,P04,L01,186,100,20,5
2025-01-16,5,M06,P03,L05,175,157,17,7
2025-01-16,5,M07,P04,L03,139,120,4,4
2025-01-16,5,M08,P05,L03,132,122,25,4
2025-01-16,5,M09,P01,L04,116,172,7,9
2025-01-16,5,M10,P02,L04,189,92,11,4
2025-01-16,6,M01,P01,L05,161,102,21,4
2025-01-16,6,M02,P04,L03,196,190,11,8
2025-01-16,6,M03,P05,L03,123,86,7,0
2025-01-16,6,M04,P01,L01,102,183,27,0
2025-01-16,6,M05,P05,L01,190,181,2,9
2025-01-16,6,M06,P02,L04,153,177,23,5
2025-01-16,6,M07,P05,L05,199,179,29,6
2025-01-16,6,M08,P03,L03,182,165,24,0
2025-01-16,6,M09,P01,L05,132,194,18,3
2025-01-16,6,M10,P04,L03,114,179,23,0
2025-01-16,7,M01,P01,L03,174,192,22,0
2025-01-16,7,M02,P05,L01,130,144,1,1
2025-01-16,7,M03,P04,L02,139,144,14,9
2025-01-16,7,M04,P02,L04,168,88,4,2
2025-01-16,7,M05,P04,L03,173,182,0,5
2025-01-16,7,M06,P01,L01,118,81,22,2
2025-01-16,7,M07,P02,L01,160,82,21,2
2025-01-16,7,M08,P01,L05,165,80,6,3
2025-01-16,7,M09,P04,L03,120,130,13,2
2025-01-16,7,M10,P02,L04,167,186,15,2
2025-01-16,8,M01,P01,L02,157,80,5,2
2025-01-16,8,M02,P05,L05,191,97,23,9
2025-01-16,8,M03,P01,L05,173,152,16,0
2025-01-16,8,M04,P04,L01,127,166,20,6
2025-01-16,8,M05,P04,L02,133,167,17,8
2025-01-16,8,M06,P01,L05,124,87,23,3
2025-01-16,8,M07,P02,L04,167,127,3,5
2025-01-16,8,M08,P02,L03,117,135,22,2
2025-01-16,8,M09,P05,L02,160,167,14,4
2025-01-16,8,M10,P05,L03,134,105,22,9
2025-01-16,9,M01,P05,L03,165,143,27,6
2025-01-16,9,M02,P01,L04,105,90,5,5
2025-01-16,9,M03,P01,L02,166,187,13,1
2025-01-16,9,M04,P04,L05,153,172,4,9
2025-01-16,9,M05,P05,L02,108,164,12,9
2025-01-16,9,M06,P04,L03,157,189,29,0
2025-01-16,9,M07,P02,L04,134,182,6,0
2025-01-16,9,M08,P02,L01,107,194,9,6
2025-01-16,9,M09,P05,L05,195,154,25,1
2025-01-16,9,M10,P05,L02,116,157,24,7
2025-01-16,10,M01,P05,L01,111,117,17,9
2025-01-16,10,M02,P01,L05,178,121,16,9
2025-01-16,10,M03,P04,L03,140,126,13,0
2025-01-16,10,M04,P01,L01,154,172,20,5
2025-01-16,10,M05,P05,L05,179,145,12,1
2025-01-16,10,M06,P05,L03,118,156,18,3
2025-01-16,10,M07,P02,L03,124,117,18,8
2025-01-16,10,M08,P04,L04,155,118,6,9
2025-01-16,10,M09,P03,L02,147,84,14,6
2025-01-16,10,M10,P01,L04,144,171,18,6
2025-01-16,11,M01,P02,L04,180,145,15,6
2025-01-16,11,M02,P02,L05,100,142,2,4
2025-01-16,11,M03,P03,L04,121,190,28,8
2025-01-16,11,M04,P03,L01,129,167,12,3
2025-01-16,11,M05,P02,L04,130,108,26,3
2025-01-16,11,M06,P01,L05,172,198,20,2
2025-01-16,11,M07,P01,L03,188,155,28,3
2025-01-16,11,M08,P01,L03,125,132,13,7
2025-01-16,11,M09,P04,L02,109,105,19,8
2025-01-16,11,M10,P02,L01,123,91,27,3
2025-01-16,12,M01,P03,L05,134,122,22,4
2025-01-16,12,M02,P03,L04,183,87,25,2
2025-01-16,12,M03,P05,L02,169,190,15,4
2025-01-16,12,M04,P05,L05,150,177,5,0
2025-01-16,12,M05,P04,L05,189,191,16,3
2025-01-16,12,M06,P05,L03,186,156,0,4
2025-01-16,12,M07,P02,L02,190,94,26,1
2025-01-16,12,M08,P02,L01,102,179,14,4
2025-01-16,12,M09,P04,L04,104,89,15,8
2025-01-16,12,M10,P01,L04,129,93,21,2
2025-01-16,13,M01,P04,L02,198,165,14,5
2025-01-16,13,M02,P01,L02,123,149,16,1
2025-01-16,13,M03,P01,L04,109,100,25,1
2025-01-16,13,M04,P03,L05,142,90,0,9
2025-01-16,13,M05,P01,L05,120,141,22,8
2025-01-16,13,M06,P01,L01,120,101,21,3
2025-01-16,13,M07,P03,L01,173,142,14,3
2025-01-16,13,M08,P05,L04,151,125,4,8
2025-01-16,13,M09,P01,L04,140,144,4,8
2025-01-16,13,M10,P05,L04,135,172,15,1
2025-01-16,14,M01,P02,L02,101,159,28,0
2025-01-16,14,M02,P03,L03,180,83,16,3
2025-01-16,14,M03,P01,L03,132,157,23,8
2025-01-16,14,M04,P01,L04,135,89,16,3
2025-01-16,14,M05,P02,L03,105,171,6,5
2025-01-16,14,M06,P04,L01,140,193,1,8
2025-01-16,14,M07,P05,L01,132,166,8,5
2025-01-16,14,M08,P01,L02,166,95,24,7
2025-01-16,14,M09,P04,L05,154,119,25,5
2025-01-16,14,M10,P04,L03,158,185,13,4
2025-01-16,15,M01,P03,L02,118,145,14,0
2025-01-16,15,M02,P05,L02,143,103,29,5
2025-01-16,15,M03,P04,L01,122,153,24,6
2025-01-16,15,M04,P01,L04,100,151,2,0
2025-01-16,15,M05,P05,L02,150,184,7,2
2025-01-16,15,M06,P05,L02,178,95,24,0
2025-01-16,15,M07,P03,L02,166,115,3,8
2025-01-16,15,M08,P04,L01,195,159,8,5
2025-01-16,15,M09,P01,L03,190,155,21,7
2025-01-16,15,M10,P05,L05,132,160,23,4
2025-01-16,16,M01,P02,L02,146,195,12,9
2025-01-16,16,M02,P05,L01,102,101,26,6
2025-01-16,16,M03,P01,L03,101,154,13,9
2025-01-16,16,M04,P01,L04,157,86,14,9
2025-01-16,16,M05,P03,L03,106,80,9,4
2025-01-16,16,M06,P03,L03,154,94,3,5
2025-01-16,16,M07,P02,L01,149,191,17,5
2025-01-16,16,M08,P01,L03,149,109,12,6
2025-01-16,16,M09,P04,L04,197,138,11,7
2025-01-16,16,M10,P04,L04,147,93,16,0
2025-01-16,17,M01,P05,L03,108,100,8,7
2025-01-16,17,M02,P03,L01,127,130,23,8
2025-01-16,17,M03,P04,L04,137,163,12,8
2025-01-16,17,M04,P03,L02,192,146,9,3
2025-01-16,17,M05,P03,L02,131,135,9,7
2025-01-16,17,M06,P02,L01,196,85,6,1
2025-01-16,17,M07,P01,L01,194,121,28,3
2025-01-16,17,M08,P04,L04,139,144,7,6
2025-01-16,17,M09,P01,L04,146,92,15,9
2025-01-16,17,M10,P01,L02,180,95,22,4
2025-01-16,18,M01,P05,L04,109,117,11,9
2025-01-16,18,M02,P02,L01,150,131,5,8
2025-01-16,18,M03,P02,L04,156,129,24,6
2025-01-16,18,M04,P02,L01,107,185,8,7
2025-01-16,18,M05,P03,L02,102,152,12,8
2025-01-16,18,M06,P04,L01,161,198,12,7
2025-01-16,18,M07,P05,L05,152,188,16,8
2025-01-16,18,M08,P03,L03,145,173,9,0
2025-01-16,18,M09,P02,L05,111,128,22,8
2025-01-16,18,M10,P01,L01,108,91,10,0
2025-01-16,19,M01,P02,L04,188,126,3,1
2025-01-16,19,M02,P01,L03,159,151,2,4
2025-01-16,19,M03,P03,L02,116,179,20,1
2025-01-16,19,M04,P04,L03,185,149,14,6
2025-01-16,19,M05,P01,L04,119,116,10,1
2025-01-16,19,M06,P05,L04,163,86,5,7
2025-01-16,19,M07,P05,L02,145,163,27,6
2025-01-16,19,M08,P01,L03,128,88,8,5
2025-01-16,19,M09,P02,L02,169,134,12,0
2025-01-16,19,M10,P01,L03,173,144,27,0
2025-01-16,20,M01,P05,L04,154,86,11,4
2025-01-16,20,M02,P02,L04,106,125,24,5
2025-01-16,20,M03,P02,L04,103,146,24,6
2025-01-16,20,M04,P05,L03,137,111,22,7
2025-01-16,20,M05,P03,L05,198,92,1,7
2025-01-16,20,M06,P04,L01,107,162,8,1
2025-01-16,20,M07,P01,L02,169,112,4,9
2025-01-16,20,M08,P05,L01,153,166,3,0
2025-01-16,20,M09,P02,L05,155,179,16,9
2025-01-16,20,M10,P03,L04,101,178,13,8
2025-01-16,21,M01,P01,L05,101,98,15,8
2025-01-16,21,M02,P02,L01,126,81,25,2
2025-01-16,21,M03,P03,L02,179,92,15,1
2025-01-16,21,M04,P05,L02,188,138,6,4
2025-01-16,21,M05,P02,L01,140,172,5,1
2025-01-16,21,M06,P04,L01,134,170,4,6
2025-01-16,21,M07,P02,L02,150,136,25,3
2025-01-16,21,M08,P02,L02,198,196,2,4
2025-01-16,21,M09,P05,L04,174,188,18,5
2025-01-16,21,M10,P04,L05,167,136,21,4
2025-01-16,22,M01,P05,L03,113,174,27,3
2025-01-16,22,M02,P03,L04,141,80,22,6
2025-01-16,22,M03,P04,L04,140,139,17,0
2025-01-16,22,M04,P01,L03,181,85,18,4
2025-01-16,22,M05,P01,L04,198,144,4,0
2025-01-16,22,M06,P02,L03,172,84,22,3
2025-01-16,22,M07,P05,L04,100,173,23,0
2025-01-16,22,M08,P02,L03,124,127,19,3
2025-01-16,22,M09,P01,L02,109,150,26,9
2025-01-16,22,M10,P04,L03,108,133,29,0
2025-01-16,23,M01,P01,L01,123,118,10,7
2025-01-16,23,M02,P02,L01,109,196,23,2
2025-01-16,23,M03,P03,L03,105,149,6,2
2025-01-16,23,M04,P03,L01,137,160,2,1
2025-01-16,23,M05,P02,L04,110,191,26,7
2025-01-16,23,M06,P03,L02,153,134,23,8
2025-01-16,23,M07,P03,L05,133,199,0,9
2025-01-16,23,M08,P03,L02,123,80,5,2
2025-01-16,23,M09,P03,L03,107,148,19,8
2025-01-16,23,M10,P04,L05,145,83,23,7
2025-01-16,24,M01,P05,L04,116,113,19,9
2025-01-16,24,M02,P03,L02,109,173,29,2
2025-01-16,24,M03,P01,L01,162,186,8,6
2025-01-16,24,M04,P01,L04,102,190,13,7
2025-01-16,24,M05,P02,L04,109,113,13,7
2025-01-16,24,M06,P02,L03,156,193,14,4
2025-01-16,24,M07,P02,L05,163,174,1,9
2025-01-16,24,M08,P05,L04,126,164,8,3
2025-01-16,24,M09,P02,L03,178,167,16,8
2025-01-16,24,M10,P03,L04,107,146,18,8
2025-01-17,1,M01,P04,L03,188,139,3,2
2025-01-17,1,M02,P02,L01,123,96,15,3
2025-01-17,1,M03,P04,L03,104,84,19,5
2025-01-17,1,M04,P02,L02,196,109,23,6
2025-01-17,1,M05,P03,L01,199,127,6,5
2025-01-17,1,M06,P02,L05,179,191,1,9
2025-01-17,1,M07,P03,L01,178,175,27,8
2025-01-17,1,M08,P02,L03,198,160,22,7
2025-01-17,1,M09,P01,L02,151,137,26,8
2025-01-17,1,M10,P03,L05,107,138,1,2
2025-01-17,2,M01,P05,L01,119,108,16,9
2025-01-17,2,M02,P03,L01,197,110,29,6
2025-01-17,2,M03,P04,L04,162,95,24,5
2025-01-17,2,M04,P04,L03,117,124,14,3
2025-01-17,2,M05,P01,L04,132,165,17,5
2025-01-17,2,M06,P03,L01,182,191,13,8
2025-01-17,2,M07,P04,L02,153,166,4,3
2025-01-17,2,M08,P05,L04,138,149,12,3
2025-01-17,2,M09,P04,L05,173,195,0,4
2025-01-17,2,M10,P03,L05,130,170,16,6
2025-01-17,3,M01,P03,L05,150,99,13,4
2025-01-17,3,M02,P04,L05,123,198,8,2
2025-01-17,3,M03,P02,L03,164,128,27,9
2025-01-17,3,M04,P01,L05,101,145,6,8
2025-01-17,3,M05,P02,L04,182,116,8,7
2025-01-17,3,M06,P04,L05,193,162,8,9
2025-01-17,3,M07,P02,L03,177,119,15,0
2025-01-17,3,M08,P04,L04,159,193,6,4
2025-01-17,3,M09,P03,L02,113,149,29,5
2025-01-17,3,M10,P04,L02,107,153,15,3
2025-01-17,4,M01,P01,L02,144,172,19,0
2025-01-17,4,M02,P01,L03,164,195,28,0
2025-01-17,4,M03,P05,L05,197,170,13,0
2025-01-17,4,M04,P05,L05,182,125,23,4
2025-01-17,4,M05,P05,L05,152,167,1,1
2025-01-17,4,M06,P01,L04,190,107,9,9
2025-01-17,4,M07,P04,L02,107,97,19,9
2025-01-17,4,M08,P05,L05,148,127,17,6
2025-01-17,4,M09,P04,L01,132,129,3,6
2025-01-17,4,M10,P05,L04,135,174,5,2
2025-01-17,5,M01,P05,L05,199,144,5,7
2025-01-17,5,M02,P05,L05,150,179,23,5
2025-01-17,5,M03,P05,L05,195,104,9,2
2025-01-17,5,M04,P03,L01,144,175,26,3
2025-01-17,5,M05,P02,L02,166,96,8,0
2025-01-17,5,M06,P01,L02,152,163,24,8
2025-01-17,5,M07,P03,L02,127,191,2,4
2025-01-17,5,M08,P03,L05,141,133,17,5
2025-01-17,5,M09,P04,L02,176,189,20,6
2025-01-17,5,M10,P04,L05,152,112,27,8
2025-01-17,6,M01,P02,L03,125,133,7,1
2025-01-17,6,M02,P02,L04,191,171,24,9
2025-01-17,6,M03,P02,L05,141,113,29,4
2025-01-17,6,M04,P05,L04,143,166,0,1
2025-01-17,6,M05,P03,L03,185,177,15,3
2025-01-17,6,M06,P05,L02,122,121,4,7
2025-01-17,6,M07,P04,L05,121,85,21,0
2025-01-17,6,M08,P05,L01,122,128,28,0
2025-01-17,6,M09,P05,L05,131,165,6,5
2025-01-17,6,M10,P05,L05,113,95,2,8
2025-01-17,7,M01,P02,L05,193,173,27,9
2025-01-17,7,M02,P03,L02,100,146,24,4
2025-01-17,7,M03,P04,L03,148,146,22,3
2025-01-17,7,M04,P05,L02,163,110,20,1
2025-01-17,7,M05,P02,L03,193,176,18,8
2025-01-17,7,M06,P05,L02,145,80,24,8
2025-01-17,7,M07,P05,L01,176,181,6,1
2025-01-17,7,M08,P01,L02,166,161,17,5
2025-01-17,7,M09,P03,L03,104,103,21,1
2025-01-17,7,M10,P04,L04,147,128,1,3
2025-01-17,8,M01,P02,L02,191,182,1,2
2025-01-17,8,M02,P05,L01,167,93,4,8
2025-01-17,8,M03,P03,L03,158,90,19,6
2025-01-17,8,M04,P02,L04,113,137,5,8
2025-01-17,8,M05,P01,L02,164,80,18,4
2025-01-17,8,M06,P04,L05,124,170,9,1
2025-01-17,8,M07,P04,L04,131,112,7,9
2025-01-17,8,M08,P02,L02,149,140,8,8
2025-01-17,8,M09,P03,L02,197,149,22,5
2025-01-17,8,M10,P04,L03,178,98,11,1
2025-01-17,9,M01,P03,L02,143,180,26,7
2025-01-17,9,M02,P03,L01,120,121,3,8
2025-01-17,9,M03,P02,L04,158,189,4,0
2025-01-17,9,M04,P05,L05,128,97,28,5
2025-01-17,9,M05,P02,L05,131,121,14,7
2025-01-17,9,M06,P02,L03,191,106,18,8
2025-01-17,9,M07,P03,L05,158,141,19,2
2025-01-17,9,M08,P05,L04,178,109,7,6
2025-01-17,9,M09,P01,L01,128,196,29,7
2025-01-17,9,M10,P03,L02,150,87,18,3
2025-01-17,10,M01,P03,L02,135,191,23,3
2025-01-17,10,M02,P04,L01,160,141,19,4
2025-01-17,10,M03,P01,L01,163,139,24,0
2025-01-17,10,M04,P04,L03,155,142,3,7
2025-01-17,10,M05,P01,L04,153,80,12,9
2025-01-17,10,M06,P02,L02,122,130,16,7
2025-01-17,10,M07,P05,L05,157,189,26,9
2025-01-17,10,M08,P01,L02,113,178,12,1
2025-01-17,10,M09,P05,L01,195,146,25,7
2025-01-17,10,M10,P01,L02,131,90,21,1
2025-01-17,11,M01,P02,L01,118,133,17,4
2025-01-17,11,M02,P04,L02,103,190,10,2
2025-01-17,11,M03,P05,L05,186,185,23,8
2025-01-17,11,M04,P04,L04,195,123,14,9
2025-01-17,11,M05,P03,L02,172,90,1,5
2025-01-17,11,M06,P02,L02,171,100,20,7
2025-01-17,11,M07,P02,L01,112,152,27,5
2025-01-17,11,M08,P04,L04,157,96,8,5
2025-01-17,11,M09,P04,L03,175,197,5,8
2025-01-17,11,M10,P05,L04,102,177,7,9
2025-01-17,12,M01,P02,L01,142,88,13,4
2025-01-17,12,M02,P01,L03,195,83,1,2
2025-01-17,12,M03,P05,L01,100,187,10,0
2025-01-17,12,M04,P03,L03,106,145,14,7
2025-01-17,12,M05,P01,L04,146,169,7,9
2025-01-17,12,M06,P03,L03,140,164,27,8
2025-01-17,12,M07,P04,L03,173,142,22,3
2025-01-17,12,M08,P01,L04,186,84,20,7
2025-01-17,12,M09,P01,L01,188,103,21,0
2025-01-17,12,M10,P02,L02,182,105,27,2
2025-01-17,13,M01,P04,L02,101,101,6,3
2025-01-17,13,M02,P04,L01,169,152,19,9
2025-01-17,13,M03,P02,L04,127,84,18,9
2025-01-17,13,M04,P01,L02,196,84,4,7
2025-01-17,13,M05,P01,L04,150,124,25,5
2025-01-17,13,M06,P02,L05,180,148,17,0
2025-01-17,13,M07,P01,L04,139,119,10,8
2025-01-17,13,M08,P03,L03,172,102,19,0
2025-01-17,13,M09,P03,L02,129,143,20,2
2025-01-17,13,M10,P02,L05,105,113,23,8
2025-01-17,14,M01,P05,L03,162,181,5,1
2025-01-17,14,M02,P05,L02,174,90,23,7
2025-01-17,14,M03,P03,L04,184,198,4,5
2025-01-17,14,M04,P05,L02,148,177,10,3
2025-01-17,14,M05,P01,L03,169,199,1,9
2025-01-17,14,M06,P04,L05,111,188,16,3
2025-01-17,14,M07,P01,L02,142,191,10,8
2025-01-17,14,M08,P03,L02,193,193,28,3
2025-01-17,14,M09,P04,L01,134,102,21,9
2025-01-17,14,M10,P05,L02,156,166,6,2
2025-01-17,15,M01,P05,L01,187,164,25,2
2025-01-17,15,M02,P02,L01,135,105,0,3
2025-01-17,15,M03,P01,L04,107,145,28,6
2025-01-17,15,M04,P04,L03,120,101,8,1
2025-01-17,15,M05,P01,L03,125,80,3,4
2025-01-17,15,M06,P04,L01,147,145,15,4
2025-01-17,15,M07,P01,L03,178,143,23,3
2025-01-17,15,M08,P01,L02,170,193,12,3
2025-01-17,15,M09,P05,L04,173,144,1,0
2025-01-17,15,M10,P03,L05,180,155,23,3
2025-01-17,16,M01,P02,L02,149,197,5,6
2025-01-17,16,M02,P01,L04,129,91,16,1
2025-01-17,16,M03,P02,L03,196,154,1,5
2025-01-17,16,M04,P04,L03,132,164,19,7
2025-01-17,16,M05,P02,L03,196,141,28,9
2025-01-17,16,M06,P01,L05,110,132,8,4
2025-01-17,16,M07,P05,L02,162,161,25,8
2025-01-17,16,M08,P05,L04,158,135,9,3
2025-01-17,16,M09,P04,L02,111,154,3,8
2025-01-17,16,M10,P03,L02,105,94,9,5
2025-01-17,17,M01,P01,L05,128,100,27,5
2025-01-17,17,M02,P05,L04,199,134,25,5
2025-01-17,17,M03,P05,L04,159,183,10,2
2025-01-17,17,M04,P02,L05,121,135,16,5
2025-01-17,17,M05,P05,L01,157,169,17,0
2025-01-17,17,M06,P05,L02,137,80,6,3
2025-01-17,17,M07,P01,L01,151,161,21,3
2025-01-17,17,M08,P03,L01,196,170,28,0
2025-01-17,17,M09,P01,L04,108,84,14,1
2025-01-17,17,M10,P05,L01,191,156,23,9
2025-01-17,18,M01,P04,L02,185,116,19,6
2025-01-17,18,M02,P02,L04,173,169,24,4
2025-01-17,18,M03,P05,L04,114,139,27,5
2025-01-17,18,M04,P04,L04,118,175,10,5
2025-01-17,18,M05,P02,L01,154,94,3,4
2025-01-17,18,M06,P02,L03,116,177,19,7
2025-01-17,18,M07,P04,L02,129,146,18,4
2025-01-17,18,M08,P05,L03,127,187,13,6
2025-01-17,18,M09,P05,L03,171,155,14,2
2025-01-17,18,M10,P02,L04,187,85,25,2
2025-01-17,19,M01,P03,L04,148,197,18,9
2025-01-17,19,M02,P04,L02,150,117,10,3
2025-01-17,19,M03,P04,L05,109,105,15,1
2025-01-17,19,M04,P03,L04,111,195,26,6
2025-01-17,19,M05,P02,L05,108,167,24,0
2025-01-17,19,M06,P05,L02,159,146,20,8
2025-01-17,19,M07,P02,L02,194,154,5,3
2025-01-17,19,M08,P05,L05,144,83,19,3
2025-01-17,19,M09,P02,L03,164,187,17,6
2025-01-17,19,M10,P01,L04,199,97,14,2
2025-01-17,20,M01,P02,L01,112,134,23,4
2025-01-17,20,M02,P03,L05,103,150,27,5
2025-01-17,20,M03,P03,L04,157,110,3,4
2025-01-17,20,M04,P03,L01,109,160,18,9
2025-01-17,20,M05,P02,L04,182,158,6,5
2025-01-17,20,M06,P02,L05,153,109,19,9
2025-01-17,20,M07,P05,L01,149,120,29,6
2025-01-17,20,M08,P03,L01,156,185,4,6
2025-01-17,20,M09,P03,L05,107,135,8,5
2025-01-17,20,M10,P03,L02,176,90,27,9
2025-01-17,21,M01,P01,L03,145,193,23,7
2025-01-17,21,M02,P02,L03,160,111,15,5
2025-01-17,21,M03,P02,L01,105,120,6,8
2025-01-17,21,M04,P03,L02,140,150,24,5
2025-01-17,21,M05,P05,L02,169,192,0,1
2025-01-17,21,M06,P04,L03,126,152,22,5
2025-01-17,21,M07,P05,L01,159,140,3,4
2025-01-17,21,M08,P01,L03,127,95,2,3
2025-01-17,21,M09,P05,L03,118,136,20,9
2025-01-17,21,M10,P03,L01,198,159,9,8
2025-01-17,22,M01,P05,L01,191,154,9,6
2025-01-17,22,M02,P01,L01,156,123,3,2
2025-01-17,22,M03,P04,L02,179,124,27,8
2025-01-17,22,M04,P03,L02,151,104,20,6
2025-01-17,22,M05,P03,L03,175,194,7,5
2025-01-17,22,M06,P01,L01,180,117,3,3
2025-01-17,22,M07,P04,L03,156,145,16,9
2025-01-17,22,M08,P05,L03,162,195,3,5
2025-01-17,22,M09,P01,L01,181,83,22,5
2025-01-17,22,M10,P01,L03,163,198,27,4
2025-01-17,23,M01,P01,L02,180,138,24,5
2025-01-17,23,M02,P04,L04,175,95,4,0
2025-01-17,23,M03,P05,L05,139,170,20,1
2025-01-17,23,M04,P02,L02,156,83,10,8
2025-01-17,23,M05,P03,L04,162,122,2,9
2025-01-17,23,M06,P02,L02,150,189,23,7
2025-01-17,23,M07,P03,L02,101,81,9,6
2025-01-17,23,M08,P03,L04,116,161,13,0
2025-01-17,23,M09,P03,L04,115,111,22,5
2025-01-17,23,M10,P02,L02,115,113,7,6
2025-01-17,24,M01,P04,L01,142,143,19,6
2025-01-17,24,M02,P04,L02,160,154,10,3
2025-01-17,24,M03,P01,L03,197,193,15,9
2025-01-17,24,M04,P03,L04,107,170,21,5
2025-01-17,24,M05,P02,L01,194,165,0,8
2025-01-17,24,M06,P04,L04,102,84,0,5
2025-01-17,24,M07,P01,L03,153,173,11,9
2025-01-17,24,M08,P05,L02,114,127,10,1
2025-01-17,24,M09,P03,L04,172,161,18,6
2025-01-17,24,M10,P03,L04,132,175,15,5
2025-01-18,1,M01,P02,L04,122,142,25,4
2025-01-18,1,M02,P04,L01,197,91,21,8
2025-01-18,1,M03,P04,L04,128,123,28,5
2025-01-18,1,M04,P05,L01,151,188,28,9
2025-01-18,1,M05,P02,L02,101,166,10,3
2025-01-18,1,M06,P03,L01,149,191,9,8
2025-01-18,1,M07,P05,L03,144,181,5,2
2025-01-18,1,M08,P03,L03,173,102,14,6
2025-01-18,1,M09,P02,L05,115,142,12,2
2025-01-18,1,M10,P05,L01,116,165,6,8
2025-01-18,2,M01,P04,L02,176,129,9,0
2025-01-18,2,M02,P02,L05,118,177,26,3
2025-01-18,2,M03,P03,L03,140,89,27,1
2025-01-18,2,M04,P03,L03,155,131,13,3
2025-01-18,2,M05,P03,L01,102,102,16,6
2025-01-18,2,M06,P03,L02,117,189,13,5
2025-01-18,2,M07,P01,L05,134,160,27,3
2025-01-18,2,M08,P05,L04,123,153,25,6
2025-01-18,2,M09,P04,L02,117,120,21,1
2025-01-18,2,M10,P03,L01,164,160,3,3
2025-01-18,3,M01,P01,L04,144,139,27,0
2025-01-18,3,M02,P03,L03,107,193,5,3
2025-01-18,3,M03,P02,L05,169,172,4,8
2025-01-18,3,M04,P01,L01,182,96,21,2
2025-01-18,3,M05,P05,L01,111,167,29,1
2025-01-18,3,M06,P05,L04,147,87,27,9
2025-01-18,3,M07,P04,L04,189,158,3,5
2025-01-18,3,M08,P01,L04,172,178,22,4
2025-01-18,3,M09,P01,L04,101,146,25,4
2025-01-18,3,M10,P05,L04,173,107,14,6
2025-01-18,4,M01,P01,L05,129,160,2,0
2025-01-18,4,M02,P02,L01,187,127,16,8
2025-01-18,4,M03,P01,L02,113,182,24,2
2025-01-18,4,M04,P01,L01,130,89,5,6
2025-01-18,4,M05,P05,L01,163,109,1,1
2025-01-18,4,M06,P03,L01,157,106,22,6
2025-01-18,4,M07,P03,L05,122,182,15,1
2025-01-18,4,M08,P03,L03,183,107,24,9
2025-01-18,4,M09,P04,L01,142,163,28,0
2025-01-18,4,M10,P05,L03,159,145,22,9
2025-01-18,5,M01,P04,L02,173,148,14,9
2025-01-18,5,M02,P04,L01,119,186,7,1
2025-01-18,5,M03,P05,L01,127,156,28,7
2025-01-18,5,M04,P05,L03,117,129,24,0
2025-01-18,5,M05,P05,L05,198,172,20,7
2025-01-18,5,M06,P04,L05,135,103,26,9
2025-01-18,5,M07,P02,L03,104,95,10,5
2025-01-18,5,M08,P03,L03,141,166,22,1
2025-01-18,5,M09,P02,L01,181,187,7,9
2025-01-18,5,M10,P03,L03,187,82,5,1
2025-01-18,6,M01,P01,L03,172,115,21,6
2025-01-18,6,M02,P04,L02,172,189,25,1
2025-01-18,6,M03,P02,L05,126,116,6,5
2025-01-18,6,M04,P02,L04,122,123,9,8
2025-01-18,6,M05,P03,L01,178,175,13,8
2025-01-18,6,M06,P05,L05,154,190,25,6
2025-01-18,6,M07,P05,L04,149,183,11,0
2025-01-18,6,M08,P04,L02,134,118,5,6
2025-01-18,6,M09,P05,L03,129,83,14,6
2025-01-18,6,M10,P05,L03,173,134,1,7
2025-01-18,7,M01,P04,L04,131,174,18,2
2025-01-18,7,M02,P03,L05,169,111,1,7
2025-01-18,7,M03,P03,L05,190,152,12,6
2025-01-18,7,M04,P03,L03,177,159,9,3
2025-01-18,7,M05,P02,L04,133,159,13,4
2025-01-18,7,M06,P02,L04,125,181,6,1
2025-01-18,7,M07,P05,L01,170,176,2,3
2025-01-18,7,M08,P05,L02,127,175,11,7
2025-01-18,7,M09,P04,L02,114,134,10,1
2025-01-18,7,M10,P04,L01,199,110,9,4
2025-01-18,8,M01,P01,L02,109,131,10,8
2025-01-18,8,M02,P01,L03,132,86,3,6
2025-01-18,8,M03,P04,L02,103,199,22,3
2025-01-18,8,M04,P01,L03,197,175,19,5
2025-01-18,8,M05,P02,L01,152,179,4,4
2025-01-18,8,M06,P02,L02,106,91,29,8
2025-01-18,8,M07,P03,L04,176,126,16,5
2025-01-18,8,M08,P03,L02,171,85,10,9
2025-01-18,8,M09,P02,L01,168,150,21,4
2025-01-18,8,M10,P03,L04,196,80,21,8
2025-01-18,9,M01,P02,L04,140,87,29,8
2025-01-18,9,M02,P01,L04,197,140,0,8
2025-01-18,9,M03,P05,L02,143,192,29,8
2025-01-18,9,M04,P02,L04,158,136,11,8
2025-01-18,9,M05,P04,L05,133,163,6,0
2025-01-18,9,M06,P03,L01,192,195,11,4
2025-01-18,9,M07,P05,L04,134,163,4,0
2025-01-18,9,M08,P02,L01,160,153,12,3
2025-01-18,9,M09,P01,L05,167,125,16,4
2025-01-18,9,M10,P01,L05,102,116,15,2
2025-01-18,10,M01,P03,L04,116,161,17,8
2025-01-18,10,M02,P01,L02,128,130,9,1
2025-01-18,10,M03,P01,L04,130,171,10,3
2025-01-18,10,M04,P03,L04,150,163,15,1
2025-01-18,10,M05,P04,L02,141,130,23,1
2025-01-18,10,M06,P01,L03,118,163,28,9
2025-01-18,10,M07,P03,L02,166,135,7,5
2025-01-18,10,M08,P01,L04,151,103,5,1
2025-01-18,10,M09,P04,L03,106,154,10,3
2025-01-18,10,M10,P05,L04,187,109,29,6
2025-01-18,11,M01,P05,L01,196,163,21,5
2025-01-18,11,M02,P02,L01,160,100,4,5
2025-01-18,11,M03,P03,L03,137,183,27,5
2025-01-18,11,M04,P03,L04,102,128,20,5
2025-01-18,11,M05,P04,L03,118,81,7,6
2025-01-18,11,M06,P05,L03,153,106,14,6
2025-01-18,11,M07,P02,L01,183,89,18,1
2025-01-18,11,M08,P02,L01,165,181,2,2
2025-01-18,11,M09,P03,L05,109,176,10,6
2025-01-18,11,M10,P05,L05,101,162,18,2
2025-01-18,12,M01,P01,L02,101,130,25,5
2025-01-18,12,M02,P04,L04,134,154,7,8
2025-01-18,12,M03,P01,L02,187,100,16,3
2025-01-18,12,M04,P02,L05,162,172,15,5
2025-01-18,12,M05,P04,L02,101,168,17,1
2025-01-18,12,M06,P04,L05,117,160,12,2
2025-01-18,12,M07,P05,L01,120,80,3,9
2025-01-18,12,M08,P05,L01,145,126,16,6
2025-01-18,12,M09,P03,L03,149,105,3,9
2025-01-18,12,M10,P04,L03,154,107,11,0
2025-01-18,13,M01,P05,L02,198,185,6,1
2025-01-18,13,M02,P03,L05,195,119,12,0
2025-01-18,13,M03,P03,L01,115,194,12,6
2025-01-18,13,M04,P03,L04,149,193,9,0
2025-01-18,13,M05,P01,L05,129,150,9,2
2025-01-18,13,M06,P03,L02,138,116,27,2
2025-01-18,13,M07,P02,L01,185,117,13,6
2025-01-18,13,M08,P03,L02,152,82,8,7
2025-01-18,13,M09,P03,L02,162,144,14,3
2025-01-18,13,M10,P04,L04,109,154,17,6
2025-01-18,14,M01,P03,L05,116,101,19,7
2025-01-18,14,M02,P04,L03,132,121,1,6
2025-01-18,14,M03,P04,L03,114,86,12,8
2025-01-18,14,M04,P01,L02,105,199,24,6
2025-01-18,14,M05,P04,L04,153,189,26,3
2025-01-18,14,M06,P02,L03,113,89,17,1
2025-01-18,14,M07,P04,L02,168,131,4,3
2025-01-18,14,M08,P01,L02,161,156,16,1
2025-01-18,14,M09,P01,L05,114,169,11,9
2025-01-18,14,M10,P03,L05,134,101,9,5
2025-01-18,15,M01,P05,L01,106,197,11,6
2025-01-18,15,M02,P04,L02,100,141,22,8
2025-01-18,15,M03,P04,L02,106,194,21,2
2025-01-18,15,M04,P02,L05,160,138,26,4
2025-01-18,15,M05,P01,L02,155,176,7,1
2025-01-18,15,M06,P04,L02,122,95,4,7
2025-01-18,15,M07,P05,L04,100,130,9,8
2025-01-18,15,M08,P05,L01,198,117,4,0
2025-01-18,15,M09,P04,L02,168,152,11,3
2025-01-18,15,M10,P03,L01,164,197,14,9
2025-01-18,16,M01,P02,L04,136,131,15,2
2025-01-18,16,M02,P05,L01,105,137,4,0
2025-01-18,16,M03,P02,L05,196,173,20,9
2025-01-18,16,M04,P03,L01,102,139,28,1
2025-01-18,16,M05,P01,L05,199,113,4,9
2025-01-18,16,M06,P04,L01,189,80,26,9
2025-01-18,16,M07,P02,L04,133,80,20,5
2025-01-18,16,M08,P02,L05,115,107,27,6
2025-01-18,16,M09,P02,L01,165,150,20,0
2025-01-18,16,M10,P04,L03,101,86,16,2
2025-01-18,17,M01,P01,L04,126,157,1,4
2025-01-18,17,M02,P04,L04,184,191,21,0
2025-01-18,17,M03,P01,L02,182,183,23,3
2025-01-18,17,M04,P01,L04,186,193,26,1
2025-01-18,17,M05,P02,L03,162,168,28,2
2025-01-18,17,M06,P04,L01,175,105,15,7
2025-01-18,17,M07,P03,L05,141,178,26,6
2025-01-18,17,M08,P04,L01,118,127,20,6
2025-01-18,17,M09,P04,L05,135,97,9,1
2025-01-18,17,M10,P03,L04,171,176,13,6
2025-01-18,18,M01,P01,L02,104,177,18,6
2025-01-18,18,M02,P01,L02,162,169,13,3
2025-01-18,18,M03,P03,L03,123,103,23,0
2025-01-18,18,M04,P04,L02,140,166,23,1
2025-01-18,18,M05,P01,L04,123,140,22,3
2025-01-18,18,M06,P02,L01,171,153,0,4
2025-01-18,18,M07,P05,L01,160,125,13,9
2025-01-18,18,M08,P03,L04,172,163,15,3
2025-01-18,18,M09,P03,L03,184,181,14,2
2025-01-18,18,M10,P02,L05,145,159,12,8
2025-01-18,19,M01,P04,L03,102,145,20,3
2025-01-18,19,M02,P05,L05,153,126,2,0
2025-01-18,19,M03,P02,L04,149,112,8,2
2025-01-18,19,M04,P04,L02,115,133,0,8
2025-01-18,19,M05,P04,L01,181,95,7,6
2025-01-18,19,M06,P04,L04,102,94,5,0
2025-01-18,19,M07,P03,L02,102,109,12,0
2025-01-18,19,M08,P02,L02,157,175,13,8
2025-01-18,19,M09,P04,L02,111,87,15,8
2025-01-18,19,M10,P05,L02,115,84,4,3
2025-01-18,20,M01,P02,L05,104,186,12,2
2025-01-18,20,M02,P01,L01,149,93,11,9
2025-01-18,20,M03,P04,L02,133,150,14,9
2025-01-18,20,M04,P03,L01,197,170,20,1
2025-01-18,20,M05,P04,L01,140,138,27,0
2025-01-18,20,M06,P01,L01,161,191,19,8
2025-01-18,20,M07,P03,L01,156,94,8,4
2025-01-18,20,M08,P05,L04,195,101,10,5
2025-01-18,20,M09,P04,L02,180,84,28,0
2025-01-18,20,M10,P03,L01,104,180,6,1
2025-01-18,21,M01,P05,L02,141,196,19,9
2025-01-18,21,M02,P02,L05,139,135,21,2
2025-01-18,21,M03,P01,L04,179,136,9,4
2025-01-18,21,M04,P04,L03,151,127,23,8
2025-01-18,21,M05,P01,L03,181,179,18,7
2025-01-18,21,M06,P01,L04,196,80,19,2
2025-01-18,21,M07,P02,L03,111,97,13,9
2025-01-18,21,M08,P02,L02,123,80,29,7
2025-01-18,21,M09,P03,L02,181,184,15,4
2025-01-18,21,M10,P05,L05,151,150,15,6
2025-01-18,22,M01,P01,L03,185,191,12,0
2025-01-18,22,M02,P04,L01,112,169,8,4
2025-01-18,22,M03,P04,L01,191,105,3,4
2025-01-18,22,M04,P02,L04,154,114,24,7
2025-01-18,22,M05,P05,L01,117,193,25,8
2025-01-18,22,M06,P01,L04,156,176,22,2
2025-01-18,22,M07,P01,L03,166,192,24,9
2025-01-18,22,M08,P03,L01,121,181,13,9
2025-01-18,22,M09,P02,L04,176,185,5,9
2025-01-18,22,M10,P05,L05,105,118,10,8
2025-01-18,23,M01,P04,L04,193,134,19,9
2025-01-18,23,M02,P05,L05,169,172,8,4
2025-01-18,23,M03,P02,L05,118,123,1,9
2025-01-18,23,M04,P04,L02,145,161,18,5
2025-01-18,23,M05,P03,L05,177,124,20,1
2025-01-18,23,M06,P04,L02,196,162,27,6
2025-01-18,23,M07,P05,L03,170,191,24,5
2025-01-18,23,M08,P01,L02,132,175,25,8
2025-01-18,23,M09,P04,L04,161,161,9,2
2025-01-18,23,M10,P01,L03,164,161,14,8
2025-01-18,24,M01,P04,L05,116,136,10,8
2025-01-18,24,M02,P01,L04,141,124,16,4
2025-01-18,24,M03,P04,L01,179,191,27,4
2025-01-18,24,M04,P03,L03,197,149,10,2
2025-01-18,24,M05,P01,L02,174,124,4,1
2025-01-18,24,M06,P04,L02,151,143,19,6
2025-01-18,24,M07,P05,L01,139,171,12,9
2025-01-18,24,M08,P02,L01,128,189,5,3
2025-01-18,24,M09,P03,L02,148,132,23,7
2025-01-18,24,M10,P02,L04,135,89,5,6
2025-01-19,1,M01,P03,L05,171,82,7,4
2025-01-19,1,M02,P05,L01,153,129,14,6
2025-01-19,1,M03,P03,L01,129,157,19,3
2025-01-19,1,M04,P03,L04,104,104,10,7
2025-01-19,1,M05,P02,L02,127,191,24,9
2025-01-19,1,M06,P05,L02,162,140,6,4
2025-01-19,1,M07,P01,L04,174,124,11,0
2025-01-19,1,M08,P01,L05,166,169,14,8
2025-01-19,1,M09,P04,L05,153,199,7,5
2025-01-19,1,M10,P04,L04,151,85,0,1
2025-01-19,2,M01,P01,L03,172,171,21,6
2025-01-19,2,M02,P01,L04,147,123,11,4
2025-01-19,2,M03,P05,L05,116,138,8,5
2025-01-19,2,M04,P01,L05,158,159,3,1
2025-01-19,2,M05,P05,L05,182,91,3,9
2025-01-19,2,M06,P03,L04,105,83,29,6
2025-01-19,2,M07,P05,L03,184,116,8,2
2025-01-19,2,M08,P04,L02,120,96,22,7
2025-01-19,2,M09,P03,L01,149,116,12,8
2025-01-19,2,M10,P01,L03,148,114,25,2
2025-01-19,3,M01,P04,L05,153,155,7,7
2025-01-19,3,M02,P04,L03,132,172,15,6
2025-01-19,3,M03,P04,L05,185,183,21,2
2025-01-19,3,M04,P03,L01,199,188,20,1
2025-01-19,3,M05,P02,L03,146,170,9,1
2025-01-19,3,M06,P02,L02,180,119,25,9
2025-01-19,3,M07,P01,L05,161,197,11,0
2025-01-19,3,M08,P03,L05,168,190,12,0
2025-01-19,3,M09,P04,L01,145,147,24,8
2025-01-19,3,M10,P03,L01,112,187,15,3
2025-01-19,4,M01,P03,L02,196,130,21,3
2025-01-19,4,M02,P02,L01,111,84,15,7
2025-01-19,4,M03,P04,L03,139,92,25,5
2025-01-19,4,M04,P01,L01,115,156,11,1
2025-01-19,4,M05,P02,L05,101,133,1,2
2025-01-19,4,M06,P03,L05,175,111,3,8
2025-01-19,4,M07,P01,L01,185,150,9,3
2025-01-19,4,M08,P04,L01,149,126,22,9
2025-01-19,4,M09,P03,L03,175,162,18,3
2025-01-19,4,M10,P05,L02,160,164,2,9
2025-01-19,5,M01,P04,L05,106,120,1,8
2025-01-19,5,M02,P04,L02,169,170,2,9
2025-01-19,5,M03,P01,L05,119,180,2,4
2025-01-19,5,M04,P03,L01,179,107,5,9
2025-01-19,5,M05,P04,L01,187,138,27,7
2025-01-19,5,M06,P01,L02,146,177,21,1
2025-01-19,5,M07,P04,L02,146,153,18,5
2025-01-19,5,M08,P04,L04,144,173,23,5
2025-01-19,5,M09,P05,L02,112,133,24,5
2025-01-19,5,M10,P05,L02,100,137,4,4
2025-01-19,6,M01,P05,L05,151,102,20,5
2025-01-19,6,M02,P04,L04,139,88,17,3
2025-01-19,6,M03,P01,L03,134,160,24,0
2025-01-19,6,M04,P03,L03,130,160,22,1
2025-01-19,6,M05,P05,L01,157,89,7,9
2025-01-19,6,M06,P02,L05,133,98,13,7
2025-01-19,6,M07,P01,L03,147,104,23,3
2025-01-19,6,M08,P03,L05,131,96,28,9
2025-01-19,6,M09,P03,L05,137,147,6,2
2025-01-19,6,M10,P01,L01,112,170,0,1
2025-01-19,7,M01,P04,L02,196,179,1,3
2025-01-19,7,M02,P01,L04,172,192,20,6
2025-01-19,7,M03,P04,L04,101,146,22,9
2025-01-19,7,M04,P04,L05,143,112,16,3
2025-01-19,7,M05,P01,L04,189,171,27,4
2025-01-19,7,M06,P03,L02,150,194,14,5
2025-01-19,7,M07,P03,L01,168,159,22,6
2025-01-19,7,M08,P01,L01,134,183,17,7
2025-01-19,7,M09,P03,L02,138,140,24,3
2025-01-19,7,M10,P01,L03,126,111,10,4
2025-01-19,8,M01,P01,L04,118,186,14,8
2025-01-19,8,M02,P03,L03,174,153,1,3
2025-01-19,8,M03,P01,L05,192,183,12,1
2025-01-19,8,M04,P05,L04,128,130,24,6
2025-01-19,8,M05,P02,L01,176,148,21,8
2025-01-19,8,M06,P03,L02,145,146,28,4
2025-01-19,8,M07,P01,L04,106,160,19,5
2025-01-19,8,M08,P04,L03,124,138,23,1
2025-01-19,8,M09,P03,L03,157,172,4,6
2025-01-19,8,M10,P04,L03,138,164,25,5
2025-01-19,9,M01,P03,L03,113,139,3,7
2025-01-19,9,M02,P02,L01,156,186,27,3
2025-01-19,9,M03,P05,L04,157,167,0,7
2025-01-19,9,M04,P04,L02,118,180,29,9
2025-01-19,9,M05,P04,L03,178,163,11,3
2025-01-19,9,M06,P05,L05,109,109,23,6
2025-01-19,9,M07,P05,L04,137,146,28,7
2025-01-19,9,M08,P02,L05,168,154,3,0
2025-01-19,9,M09,P03,L02,149,119,29,7
2025-01-19,9,M10,P05,L04,115,157,20,3
2025-01-19,10,M01,P01,L01,121,94,19,3
2025-01-19,10,M02,P01,L03,118,119,1,3
2025-01-19,10,M03,P03,L01,136,145,26,0
2025-01-19,10,M04,P02,L01,194,142,8,5
2025-01-19,10,M05,P04,L04,194,146,7,2
2025-01-19,10,M06,P04,L01,158,92,20,4
2025-01-19,10,M07,P04,L05,112,83,8,0
2025-01-19,10,M08,P05,L05,123,168,18,8
2025-01-19,10,M09,P03,L05,139,130,17,3
2025-01-19,10,M10,P04,L05,117,99,4,1
2025-01-19,11,M01,P01,L04,118,166,25,0
2025-01-19,11,M02,P03,L05,162,177,18,1
2025-01-19,11,M03,P04,L02,126,85,6,5
2025-01-19,11,M04,P01,L03,193,135,21,4
2025-01-19,11,M05,P04,L01,117,166,5,6
2025-01-19,11,M06,P04,L04,124,86,17,3
2025-01-19,11,M07,P02,L05,132,158,2,0
2025-01-19,11,M08,P01,L05,149,187,7,7
2025-01-19,11,M09,P02,L03,145,87,5,3
2025-01-19,11,M10,P05,L05,112,152,12,8
2025-01-19,12,M01,P02,L04,161,98,29,7
2025-01-19,12,M02,P05,L05,122,141,23,5
2025-01-19,12,M03,P01,L05,148,128,2,9
2025-01-19,12,M04,P04,L05,137,101,20,6
2025-01-19,12,M05,P02,L05,167,176,6,3
2025-01-19,12,M06,P04,L05,167,114,7,3
2025-01-19,12,M07,P01,L01,135,85,23,5
2025-01-19,12,M08,P02,L04,199,152,15,6
2025-01-19,12,M09,P01,L03,117,91,21,0
2025-01-19,12,M10,P05,L03,100,172,2,6
2025-01-19,13,M01,P04,L05,130,137,0,0
2025-01-19,13,M02,P05,L03,188,198,12,2
2025-01-19,13,M03,P03,L04,157,115,27,3
2025-01-19,13,M04,P02,L03,188,120,2,8
2025-01-19,13,M05,P04,L05,198,163,16,4
2025-01-19,13,M06,P01,L04,149,179,9,1
2025-01-19,13,M07,P03,L01,176,174,24,5
2025-01-19,13,M08,P05,L04,150,107,24,4
2025-01-19,13,M09,P03,L05,126,156,17,6
2025-01-19,13,M10,P04,L01,136,172,15,5
2025-01-19,14,M01,P04,L04,122,176,3,2
2025-01-19,14,M02,P04,L05,164,91,12,1
2025-01-19,14,M03,P03,L04,192,152,6,5
2025-01-19,14,M04,P01,L02,149,86,17,2
2025-01-19,14,M05,P03,L04,158,109,26,8
2025-01-19,14,M06,P04,L04,138,160,10,1
2025-01-19,14,M07,P05,L02,125,91,8,4
2025-01-19,14,M08,P05,L02,132,103,24,4
2025-01-19,14,M09,P03,L05,131,143,7,3
2025-01-19,14,M10,P02,L02,107,145,20,5
2025-01-19,15,M01,P03,L05,142,95,2,8
2025-01-19,15,M02,P03,L03,142,189,1,6
2025-01-19,15,M03,P02,L02,119,80,5,4
2025-01-19,15,M04,P02,L03,137,112,2,3
2025-01-19,15,M05,P03,L05,178,124,21,3
2025-01-19,15,M06,P05,L01,184,136,23,7
2025-01-19,15,M07,P02,L05,106,192,27,6
2025-01-19,15,M08,P03,L03,140,199,1,5
2025-01-19,15,M09,P03,L04,190,85,9,8
2025-01-19,15,M10,P02,L02,173,105,4,5
2025-01-19,16,M01,P02,L04,170,129,16,4
2025-01-19,16,M02,P04,L02,196,195,29,8
2025-01-19,16,M03,P04,L05,189,108,5,2
2025-01-19,16,M04,P04,L05,144,108,16,7
2025-01-19,16,M05,P04,L03,197,115,19,8
2025-01-19,16,M06,P05,L01,163,155,2,0
2025-01-19,16,M07,P03,L01,116,142,10,6
2025-01-19,16,M08,P03,L02,165,133,28,7
2025-01-19,16,M09,P03,L01,108,106,23,8
2025-01-19,16,M10,P05,L05,188,122,11,5
2025-01-19,17,M01,P01,L03,126,119,25,2
2025-01-19,17,M02,P05,L05,125,149,2,5
2025-01-19,17,M03,P03,L04,112,142,12,8
2025-01-19,17,M04,P01,L05,139,116,19,0
2025-01-19,17,M05,P05,L01,163,136,12,4
2025-01-19,17,M06,P01,L03,194,157,24,6
2025-01-19,17,M07,P04,L01,141,121,14,3
2025-01-19,17,M08,P01,L04,102,190,11,9
2025-01-19,17,M09,P01,L02,178,90,4,6
2025-01-19,17,M10,P04,L04,137,133,2,9
2025-01-19,18,M01,P05,L02,189,197,29,3
2025-01-19,18,M02,P03,L05,136,198,26,5
2025-01-19,18,M03,P01,L02,120,107,15,5
2025-01-19,18,M04,P01,L03,194,195,19,9
2025-01-19,18,M05,P04,L02,102,174,15,0
2025-01-19,18,M06,P03,L04,150,103,19,2
2025-01-19,18,M07,P03,L05,119,191,19,1
2025-01-19,18,M08,P03,L04,159,168,3,0
2025-01-19,18,M09,P01,L01,129,84,21,5
2025-01-19,18,M10,P01,L01,157,197,12,7
2025-01-19,19,M01,P03,L04,128,164,25,3
2025-01-19,19,M02,P01,L04,172,100,17,1
2025-01-19,19,M03,P04,L03,152,193,14,6
2025-01-19,19,M04,P05,L01,100,161,26,5
2025-01-19,19,M05,P02,L01,143,127,8,3
2025-01-19,19,M06,P03,L03,122,132,12,4
2025-01-19,19,M07,P05,L04,133,117,5,3
2025-01-19,19,M08,P05,L05,127,82,22,7
2025-01-19,19,M09,P05,L03,174,129,9,9
2025-01-19,19,M10,P04,L04,191,172,7,2
2025-01-19,20,M01,P03,L05,184,161,8,3
2025-01-19,20,M02,P01,L01,133,152,8,1
2025-01-19,20,M03,P05,L03,108,159,3,1
2025-01-19,20,M04,P03,L01,195,170,29,3
2025-01-19,20,M05,P04,L01,182,86,10,9
2025-01-19,20,M06,P04,L05,102,93,1,1
2025-01-19,20,M07,P05,L05,144,103,23,4
2025-01-19,20,M08,P02,L05,112,83,22,5
2025-01-19,20,M09,P05,L02,139,93,27,1
2025-01-19,20,M10,P03,L04,128,179,28,6
2025-01-19,21,M01,P01,L04,116,128,19,8
2025-01-19,21,M02,P04,L05,144,132,16,1
2025-01-19,21,M03,P04,L03,183,154,9,5
2025-01-19,21,M04,P04,L05,144,120,29,0
2025-01-19,21,M05,P04,L01,190,163,0,8
2025-01-19,21,M06,P03,L04,118,126,20,9
2025-01-19,21,M07,P03,L01,113,158,0,9
2025-01-19,21,M08,P03,L01,183,111,22,5
2025-01-19,21,M09,P03,L04,179,138,7,7
2025-01-19,21,M10,P01,L02,197,135,11,0
2025-01-19,22,M01,P04,L02,152,150,5,5
2025-01-19,22,M02,P02,L05,138,82,24,9
2025-01-19,22,M03,P03,L03,164,176,18,3
2025-01-19,22,M04,P01,L02,194,186,23,2
2025-01-19,22,M05,P05,L04,183,120,15,6
2025-01-19,22,M06,P04,L05,195,188,7,1
2025-01-19,22,M07,P01,L03,187,172,13,5
2025-01-19,22,M08,P05,L04,124,120,2,8
2025-01-19,22,M09,P05,L05,117,116,10,1
2025-01-19,22,M10,P04,L01,184,115,21,1
2025-01-19,23,M01,P03,L04,111,171,10,4
2025-01-19,23,M02,P03,L04,178,95,12,6
2025-01-19,23,M03,P04,L03,107,168,28,1
2025-01-19,23,M04,P04,L03,160,198,20,9
2025-01-19,23,M05,P04,L02,116,190,15,4
2025-01-19,23,M06,P01,L01,111,90,18,1
2025-01-19,23,M07,P02,L05,128,141,20,4
2025-01-19,23,M08,P03,L04,185,145,14,3
2025-01-19,23,M09,P03,L05,170,136,24,2
2025-01-19,23,M10,P01,L01,131,87,22,5
2025-01-19,24,M01,P03,L02,137,94,29,9
2025-01-19,24,M02,P05,L03,177,146,3,9
2025-01-19,24,M03,P02,L05,139,153,8,7
2025-01-19,24,M04,P02,L03,117,179,3,1
2025-01-19,24,M05,P03,L05,181,86,0,5
2025-01-19,24,M06,P05,L05,102,172,2,4
2025-01-19,24,M07,P04,L03,103,188,12,2
2025-01-19,24,M08,P02,L03,183,81,17,8
2025-01-19,24,M09,P01,L03,147,192,15,9
2025-01-19,24,M10,P03,L01,118,189,20,8
2025-01-20,1,M01,P04,L02,180,85,18,6
2025-01-20,1,M02,P05,L03,144,164,0,2
2025-01-20,1,M03,P05,L03,198,196,19,3
2025-01-20,1,M04,P01,L05,122,174,23,2
2025-01-20,1,M05,P04,L03,121,189,6,0
2025-01-20,1,M06,P04,L05,143,86,26,1
2025-01-20,1,M07,P01,L01,157,189,29,5
2025-01-20,1,M08,P05,L04,196,105,2,6
2025-01-20,1,M09,P01,L04,160,184,21,2
2025-01-20,1,M10,P03,L01,157,113,26,4
2025-01-20,2,M01,P01,L05,118,180,22,4
2025-01-20,2,M02,P05,L02,170,172,7,7
2025-01-20,2,M03,P03,L05,174,81,16,5
2025-01-20,2,M04,P01,L05,150,84,8,8
2025-01-20,2,M05,P03,L04,149,161,19,0
2025-01-20,2,M06,P04,L04,179,133,22,4
2025-01-20,2,M07,P02,L01,197,115,19,3
2025-01-20,2,M08,P04,L01,191,164,24,2
2025-01-20,2,M09,P05,L03,169,82,16,9
2025-01-20,2,M10,P01,L04,153,131,3,8
2025-01-20,3,M01,P02,L04,186,126,28,2
2025-01-20,3,M02,P05,L01,147,156,0,1
2025-01-20,3,M03,P01,L03,185,84,28,8
2025-01-20,3,M04,P01,L05,194,96,26,0
2025-01-20,3,M05,P04,L05,177,156,26,7
2025-01-20,3,M06,P05,L03,162,131,14,1
2025-01-20,3,M07,P03,L05,156,184,10,9
2025-01-20,3,M08,P01,L03,175,114,1,3
2025-01-20,3,M09,P04,L02,190,135,16,3
2025-01-20,3,M10,P02,L05,183,87,17,8
2025-01-20,4,M01,P02,L02,101,155,9,7
2025-01-20,4,M02,P02,L03,174,93,25,7
2025-01-20,4,M03,P04,L02,110,103,21,5
2025-01-20,4,M04,P05,L03,101,91,20,4
2025-01-20,4,M05,P03,L04,153,184,3,5
2025-01-20,4,M06,P04,L05,172,169,11,0
2025-01-20,4,M07,P04,L01,167,93,22,8
2025-01-20,4,M08,P02,L01,148,190,9,0
2025-01-20,4,M09,P04,L01,159,189,2,8
2025-01-20,4,M10,P04,L05,153,80,0,6
2025-01-20,5,M01,P03,L02,155,125,12,6
2025-01-20,5,M02,P03,L05,180,129,28,2
2025-01-20,5,M03,P04,L05,128,164,19,3
2025-01-20,5,M04,P01,L03,141,94,3,0
2025-01-20,5,M05,P05,L03,118,130,3,1
2025-01-20,5,M06,P05,L04,183,132,11,1
2025-01-20,5,M07,P02,L01,194,147,23,0
2025-01-20,5,M08,P02,L03,196,149,27,2
2025-01-20,5,M09,P05,L04,172,114,1,1
2025-01-20,5,M10,P02,L02,142,111,6,6
2025-01-20,6,M01,P02,L05,170,185,7,7
2025-01-20,6,M02,P05,L02,153,165,25,5
2025-01-20,6,M03,P02,L02,178,117,8,9
2025-01-20,6,M04,P01,L01,177,115,27,1
2025-01-20,6,M05,P04,L03,161,166,13,2
2025-01-20,6,M06,P02,L05,178,140,0,8
2025-01-20,6,M07,P03,L02,156,158,3,9
2025-01-20,6,M08,P02,L05,164,101,10,5
2025-01-20,6,M09,P03,L05,189,130,26,9
2025-01-20,6,M10,P03,L05,122,169,11,6
2025-01-20,7,M01,P01,L03,145,117,14,6
2025-01-20,7,M02,P02,L03,196,182,17,6
2025-01-20,7,M03,P01,L03,128,116,22,7
2025-01-20,7,M04,P04,L05,149,186,16,6
2025-01-20,7,M05,P03,L02,150,145,2,5
2025-01-20,7,M06,P04,L01,153,128,27,5
2025-01-20,7,M07,P03,L04,140,115,6,3
2025-01-20,7,M08,P02,L03,109,149,7,5
2025-01-20,7,M09,P04,L02,132,94,6,7
2025-01-20,7,M10,P02,L02,109,158,4,7
2025-01-20,8,M01,P05,L03,178,158,4,3
2025-01-20,8,M02,P04,L05,183,112,2,7
2025-01-20,8,M03,P03,L04,134,104,21,7
2025-01-20,8,M04,P04,L03,161,181,17,6
2025-01-20,8,M05,P03,L02,136,83,8,1
2025-01-20,8,M06,P01,L05,171,193,14,4
2025-01-20,8,M07,P05,L02,136,102,5,4
2025-01-20,8,M08,P03,L04,177,199,16,9
2025-01-20,8,M09,P03,L02,144,128,26,2
2025-01-20,8,M10,P04,L02,171,111,3,6
2025-01-20,9,M01,P05,L03,159,160,9,3
2025-01-20,9,M02,P02,L05,123,97,26,7
2025-01-20,9,M03,P03,L05,117,191,20,3
2025-01-20,9,M04,P04,L01,141,111,27,2
2025-01-20,9,M05,P04,L05,119,164,2,8
2025-01-20,9,M06,P02,L04,146,154,15,3
2025-01-20,9,M07,P04,L05,103,116,9,4
2025-01-20,9,M08,P01,L04,141,108,4,2
2025-01-20,9,M09,P04,L03,131,123,22,4
2025-01-20,9,M10,P04,L01,144,100,13,4
2025-01-20,10,M01,P05,L05,158,173,17,1
2025-01-20,10,M02,P04,L05,164,118,28,0
2025-01-20,10,M03,P02,L03,170,106,27,5
2025-01-20,10,M04,P04,L05,103,173,10,0
2025-01-20,10,M05,P04,L02,105,115,2,6
2025-01-20,10,M06,P03,L02,179,144,26,9
2025-01-20,10,M07,P04,L02,180,188,11,2
2025-01-20,10,M08,P02,L03,177,193,29,9
2025-01-20,10,M09,P05,L05,160,181,17,3
2025-01-20,10,M10,P01,L04,176,186,2,0
2025-01-20,11,M01,P01,L02,115,164,12,3
2025-01-20,11,M02,P04,L04,171,123,18,3
2025-01-20,11,M03,P04,L02,124,139,19,5
2025-01-20,11,M04,P02,L04,112,189,5,6
2025-01-20,11,M05,P04,L04,190,118,12,7
2025-01-20,11,M06,P03,L03,130,81,20,1
2025-01-20,11,M07,P05,L02,141,110,28,5
2025-01-20,11,M08,P03,L04,113,93,17,0
2025-01-20,11,M09,P02,L02,162,180,8,0
2025-01-20,11,M10,P02,L04,170,90,13,9
2025-01-20,12,M01,P03,L03,107,172,17,4
2025-01-20,12,M02,P03,L04,108,98,11,4
2025-01-20,12,M03,P01,L02,144,181,15,1
2025-01-20,12,M04,P04,L01,158,112,6,1
2025-01-20,12,M05,P04,L01,114,140,10,3
2025-01-20,12,M06,P02,L05,114,142,16,6
2025-01-20,12,M07,P02,L03,159,191,26,1
2025-01-20,12,M08,P03,L01,180,176,29,6
2025-01-20,12,M09,P01,L03,103,115,18,7
2025-01-20,12,M10,P01,L01,181,176,13,3
2025-01-20,13,M01,P04,L02,185,170,15,4
2025-01-20,13,M02,P04,L03,159,156,29,7
2025-01-20,13,M03,P03,L03,157,160,21,1
2025-01-20,13,M04,P05,L04,171,101,26,1
2025-01-20,13,M05,P05,L05,116,151,18,4
2025-01-20,13,M06,P02,L03,130,92,21,4
2025-01-20,13,M07,P03,L02,198,156,29,1
2025-01-20,13,M08,P03,L04,167,134,20,3
2025-01-20,13,M09,P03,L04,168,187,6,2
2025-01-20,13,M10,P03,L04,193,181,7,5
2025-01-20,14,M01,P03,L02,198,107,4,8
2025-01-20,14,M02,P02,L01,176,122,24,9
2025-01-20,14,M03,P02,L05,105,159,24,3
2025-01-20,14,M04,P02,L05,182,112,3,1
2025-01-20,14,M05,P02,L04,157,139,1,3
2025-01-20,14,M06,P04,L05,122,182,22,3
2025-01-20,14,M07,P05,L04,145,159,10,2
2025-01-20,14,M08,P02,L01,190,86,29,8
2025-01-20,14,M09,P04,L02,114,155,20,4
2025-01-20,14,M10,P05,L05,172,167,6,0
2025-01-20,15,M01,P02,L04,157,126,14,8
2025-01-20,15,M02,P01,L05,108,82,29,8
2025-01-20,15,M03,P01,L04,187,175,6,3
2025-01-20,15,M04,P04,L01,180,133,3,9
2025-01-20,15,M05,P04,L03,136,191,2,8
2025-01-20,15,M06,P03,L04,152,199,13,7
2025-01-20,15,M07,P05,L05,133,110,27,3
2025-01-20,15,M08,P01,L03,195,151,27,0
2025-01-20,15,M09,P04,L01,143,158,22,5
2025-01-20,15,M10,P01,L05,147,109,1,6
2025-01-20,16,M01,P05,L03,112,134,16,9
2025-01-20,16,M02,P01,L01,177,116,29,7
2025-01-20,16,M03,P02,L01,170,86,8,5
2025-01-20,16,M04,P04,L04,117,188,10,8
2025-01-20,16,M05,P05,L05,156,170,13,9
2025-01-20,16,M06,P05,L03,141,181,27,9
2025-01-20,16,M07,P02,L03,131,167,5,9
2025-01-20,16,M08,P03,L04,106,108,1,6
2025-01-20,16,M09,P05,L01,157,164,8,0
2025-01-20,16,M10,P01,L01,139,191,19,6
2025-01-20,17,M01,P05,L01,180,183,25,0
2025-01-20,17,M02,P03,L01,171,191,23,6
2025-01-20,17,M03,P02,L05,155,139,26,1
2025-01-20,17,M04,P05,L02,190,147,14,0
2025-01-20,17,M05,P01,L05,149,158,13,8
2025-01-20,17,M06,P05,L04,129,172,22,1
2025-01-20,17,M07,P01,L05,103,145,23,0
2025-01-20,17,M08,P04,L01,136,170,27,2
2025-01-20,17,M09,P03,L04,135,128,18,7
2025-01-20,17,M10,P02,L04,140,180,20,0
2025-01-20,18,M01,P04,L05,117,144,11,5
2025-01-20,18,M02,P02,L01,159,129,16,2
2025-01-20,18,M03,P01,L04,107,104,6,9
2025-01-20,18,M04,P04,L01,130,91,24,1
2025-01-20,18,M05,P03,L04,145,86,28,9
2025-01-20,18,M06,P05,L02,152,179,0,0
2025-01-20,18,M07,P01,L03,171,146,26,9
2025-01-20,18,M08,P04,L02,195,108,13,3
2025-01-20,18,M09,P02,L02,185,84,8,3
2025-01-20,18,M10,P01,L05,111,171,17,2
2025-01-20,19,M01,P04,L05,152,131,13,9
2025-01-20,19,M02,P01,L03,116,133,6,9
2025-01-20,19,M03,P02,L04,134,167,8,0
2025-01-20,19,M04,P04,L03,109,136,6,0
2025-01-20,19,M05,P02,L05,179,136,7,5
2025-01-20,19,M06,P04,L02,135,135,14,6
2025-01-20,19,M07,P03,L04,142,171,26,1
2025-01-20,19,M08,P02,L01,164,82,29,9
2025-01-20,19,M09,P04,L05,186,112,8,4
2025-01-20,19,M10,P04,L05,150,150,25,7
2025-01-20,20,M01,P02,L02,150,118,22,3
2025-01-20,20,M02,P01,L02,164,192,20,2
2025-01-20,20,M03,P05,L02,108,116,22,0
2025-01-20,20,M04,P03,L02,127,179,8,4
2025-01-20,20,M05,P01,L05,107,113,6,0
2025-01-20,20,M06,P03,L02,174,126,24,2
2025-01-20,20,M07,P02,L05,151,175,19,2
2025-01-20,20,M08,P05,L02,168,188,27,7
2025-01-20,20,M09,P02,L03,124,137,15,0
2025-01-20,20,M10,P05,L04,197,167,4,9
2025-01-20,21,M01,P05,L02,129,82,6,3
2025-01-20,21,M02,P03,L03,111,158,5,9
2025-01-20,21,M03,P02,L01,145,135,6,9
2025-01-20,21,M04,P02,L01,139,133,0,3
2025-01-20,21,M05,P01,L02,115,101,3,4
2025-01-20,21,M06,P01,L03,103,140,25,2
2025-01-20,21,M07,P04,L01,134,123,14,3
2025-01-20,21,M08,P05,L04,176,126,10,0
2025-01-20,21,M09,P03,L05,130,123,19,1
2025-01-20,21,M10,P03,L05,161,88,29,6
2025-01-20,22,M01,P05,L03,109,131,11,7
2025-01-20,22,M02,P03,L03,110,87,25,9
2025-01-20,22,M03,P02,L02,175,118,25,9
2025-01-20,22,M04,P05,L03,103,140,7,7
2025-01-20,22,M05,P04,L05,134,181,21,2
2025-01-20,22,M06,P04,L03,165,94,16,1
2025-01-20,22,M07,P05,L02,147,168,18,1
2025-01-20,22,M08,P02,L04,126,198,9,5
2025-01-20,22,M09,P05,L05,117,140,3,0
2025-01-20,22,M10,P04,L02,169,99,19,9
2025-01-20,23,M01,P02,L02,111,153,23,7
2025-01-20,23,M02,P03,L05,137,125,24,7
2025-01-20,23,M03,P04,L03,137,190,14,4
2025-01-20,23,M04,P02,L04,171,98,13,4
2025-01-20,23,M05,P01,L03,176,111,8,4
2025-01-20,23,M06,P03,L02,174,166,11,7
2025-01-20,23,M07,P01,L05,176,90,28,3
2025-01-20,23,M08,P03,L04,166,135,18,4
2025-01-20,23,M09,P01,L02,104,81,25,4
2025-01-20,23,M10,P04,L02,140,99,7,0
2025-01-20,24,M01,P03,L03,194,107,14,7
2025-01-20,24,M02,P04,L05,189,95,20,6
2025-01-20,24,M03,P03,L01,142,106,11,4
2025-01-20,24,M04,P03,L01,192,174,25,1
2025-01-20,24,M05,P03,L01,155,199,1,7
2025-01-20,24,M06,P02,L05,186,98,29,0
2025-01-20,24,M07,P04,L03,197,128,10,2
2025-01-20,24,M08,P05,L02,153,165,22,7
2025-01-20,24,M09,P03,L03,109,140,7,6
2025-01-20,24,M10,P05,L02,195,131,5,8
2025-01-21,1,M01,P04,L01,161,165,29,1
2025-01-21,1,M02,P02,L03,199,197,4,5
2025-01-21,1,M03,P05,L01,169,197,1,3
2025-01-21,1,M04,P04,L01,196,80,6,0
2025-01-21,1,M05,P04,L02,198,110,7,3
2025-01-21,1,M06,P04,L05,168,104,13,8
2025-01-21,1,M07,P03,L04,144,167,22,1
2025-01-21,1,M08,P02,L03,170,171,5,4
2025-01-21,1,M09,P02,L04,156,157,15,6
2025-01-21,1,M10,P05,L04,121,107,10,1
2025-01-21,2,M01,P05,L04,183,188,3,6
2025-01-21,2,M02,P02,L05,195,100,27,5
2025-01-21,2,M03,P05,L03,183,185,8,7
2025-01-21,2,M04,P03,L04,194,96,24,8
2025-01-21,2,M05,P03,L05,136,134,16,0
2025-01-21,2,M06,P01,L05,154,192,28,4
2025-01-21,2,M07,P02,L04,186,153,4,8
2025-01-21,2,M08,P01,L03,167,86,0,1
2025-01-21,2,M09,P01,L05,116,155,19,2
2025-01-21,2,M10,P05,L05,165,132,24,4
2025-01-21,3,M01,P02,L03,181,102,21,6
2025-01-21,3,M02,P05,L02,165,118,6,7
2025-01-21,3,M03,P05,L02,124,135,1,1
2025-01-21,3,M04,P03,L02,128,185,2,0
2025-01-21,3,M05,P03,L01,116,101,19,0
2025-01-21,3,M06,P03,L04,138,110,11,0
2025-01-21,3,M07,P04,L02,124,117,15,1
2025-01-21,3,M08,P03,L03,198,148,2,2
2025-01-21,3,M09,P05,L03,184,95,27,8
2025-01-21,3,M10,P01,L01,142,109,8,4
2025-01-21,4,M01,P02,L04,159,88,21,8
2025-01-21,4,M02,P04,L05,168,103,23,1
2025-01-21,4,M03,P05,L05,157,199,18,6
2025-01-21,4,M04,P02,L03,105,85,23,4
2025-01-21,4,M05,P04,L01,188,112,20,5
2025-01-21,4,M06,P03,L04,101,132,29,3
2025-01-21,4,M07,P03,L05,108,157,19,4
2025-01-21,4,M08,P03,L03,106,138,26,6
2025-01-21,4,M09,P03,L03,117,124,0,4
2025-01-21,4,M10,P04,L04,115,158,28,1
2025-01-21,5,M01,P03,L01,128,149,12,1
2025-01-21,5,M02,P05,L02,154,106,6,2
2025-01-21,5,M03,P01,L01,110,84,1,7
2025-01-21,5,M04,P02,L04,174,89,27,6
2025-01-21,5,M05,P05,L05,160,130,9,7
2025-01-21,5,M06,P01,L02,168,90,19,9
2025-01-21,5,M07,P01,L05,105,90,16,7
2025-01-21,5,M08,P04,L02,182,117,17,4
2025-01-21,5,M09,P01,L03,102,177,17,8
2025-01-21,5,M10,P03,L02,178,173,16,1
2025-01-21,6,M01,P03,L02,181,198,2,3
2025-01-21,6,M02,P05,L02,113,104,11,8
2025-01-21,6,M03,P05,L04,161,132,20,2
2025-01-21,6,M04,P03,L01,142,129,6,8
2025-01-21,6,M05,P02,L04,149,134,15,2
2025-01-21,6,M06,P03,L03,160,98,8,2
2025-01-21,6,M07,P05,L01,101,115,28,1
2025-01-21,6,M08,P04,L04,163,80,24,9
2025-01-21,6,M09,P02,L03,182,172,7,6
2025-01-21,6,M10,P04,L04,179,190,4,4
2025-01-21,7,M01,P03,L01,181,186,25,5
2025-01-21,7,M02,P04,L03,157,160,29,5
2025-01-21,7,M03,P02,L02,126,99,5,2
2025-01-21,7,M04,P04,L03,147,146,15,3
2025-01-21,7,M05,P04,L01,167,83,6,4
2025-01-21,7,M06,P02,L04,115,86,18,0
2025-01-21,7,M07,P05,L01,116,170,0,0
2025-01-21,7,M08,P01,L04,144,199,10,5
2025-01-21,7,M09,P04,L02,184,89,18,2
2025-01-21,7,M10,P05,L02,107,84,11,3
2025-01-21,8,M01,P04,L03,166,182,7,4
2025-01-21,8,M02,P01,L03,135,159,25,3
2025-01-21,8,M03,P01,L04,157,184,11,9
2025-01-21,8,M04,P02,L04,128,88,13,3
2025-01-21,8,M05,P03,L04,136,167,16,3
2025-01-21,8,M06,P03,L01,190,134,0,4
2025-01-21,8,M07,P01,L01,166,170,26,5
2025-01-21,8,M08,P02,L04,103,124,12,6
2025-01-21,8,M09,P01,L03,190,134,16,5
2025-01-21,8,M10,P03,L03,179,87,28,0
2025-01-21,9,M01,P02,L02,118,93,2,6
2025-01-21,9,M02,P01,L05,186,183,10,5
2025-01-21,9,M03,P01,L02,198,168,28,6
2025-01-21,9,M04,P01,L02,165,110,18,5
2025-01-21,9,M05,P01,L04,107,121,8,7
2025-01-21,9,M06,P05,L02,140,184,18,8
2025-01-21,9,M07,P04,L02,195,141,18,5
2025-01-21,9,M08,P01,L04,144,133,1,5
2025-01-21,9,M09,P02,L01,121,119,6,8
2025-01-21,9,M10,P03,L01,167,86,20,6
2025-01-21,10,M01,P04,L04,190,138,16,3
2025-01-21,10,M02,P02,L05,130,178,8,4
2025-01-21,10,M03,P05,L04,115,130,15,1
2025-01-21,10,M04,P02,L04,177,135,15,4
2025-01-21,10,M05,P01,L05,159,140,10,1
2025-01-21,10,M06,P05,L03,102,107,25,6
2025-01-21,10,M07,P05,L04,176,138,24,5
2025-01-21,10,M08,P05,L01,170,102,5,7
2025-01-21,10,M09,P05,L02,115,172,22,9
2025-01-21,10,M10,P04,L04,141,177,3,3
2025-01-21,11,M01,P04,L04,105,93,22,2
2025-01-21,11,M02,P01,L02,118,136,0,7
2025-01-21,11,M03,P03,L02,186,193,19,9
2025-01-21,11,M04,P04,L01,165,105,29,8
2025-01-21,11,M05,P01,L04,129,161,6,4
2025-01-21,11,M06,P04,L03,114,135,2,6
2025-01-21,11,M07,P02,L03,183,120,14,9
2025-01-21,11,M08,P05,L04,114,115,4,0
2025-01-21,11,M09,P01,L04,128,98,8,9
2025-01-21,11,M10,P02,L05,196,168,24,5
2025-01-21,12,M01,P05,L04,168,166,6,6
2025-01-21,12,M02,P04,L05,171,160,0,5
2025-01-21,12,M03,P04,L02,134,195,13,1
2025-01-21,12,M04,P02,L02,132,162,1,8
2025-01-21,12,M05,P05,L03,182,125,10,5
2025-01-21,12,M06,P03,L05,181,141,9,7
2025-01-21,12,M07,P05,L03,132,164,27,1
2025-01-21,12,M08,P02,L05,156,122,12,9
2025-01-21,12,M09,P01,L05,130,157,9,1
2025-01-21,12,M10,P03,L03,101,133,7,7
2025-01-21,13,M01,P02,L03,121,84,6,3
2025-01-21,13,M02,P05,L04,101,111,25,2
2025-01-21,13,M03,P02,L01,176,164,12,4
2025-01-21,13,M04,P04,L01,146,173,4,7
2025-01-21,13,M05,P02,L03,149,121,0,2
2025-01-21,13,M06,P04,L03,102,150,23,2
2025-01-21,13,M07,P01,L01,114,162,27,2
2025-01-21,13,M08,P03,L03,184,195,1,6
2025-01-21,13,M09,P02,L03,143,198,26,1
2025-01-21,13,M10,P04,L02,126,196,27,7
2025-01-21,14,M01,P03,L05,101,101,5,6
2025-01-21,14,M02,P04,L04,123,91,16,5
2025-01-21,14,M03,P01,L03,175,175,20,0
2025-01-21,14,M04,P03,L02,125,169,10,3
2025-01-21,14,M05,P04,L05,146,155,24,7
2025-01-21,14,M06,P02,L02,121,150,23,1
2025-01-21,14,M07,P05,L05,106,151,20,2
2025-01-21,14,M08,P01,L05,188,107,27,5
2025-01-21,14,M09,P04,L04,188,195,23,8
2025-01-21,14,M10,P05,L05,137,130,11,4
2025-01-21,15,M01,P02,L05,189,85,8,6
2025-01-21,15,M02,P03,L02,128,189,24,2
2025-01-21,15,M03,P05,L02,122,179,6,7
2025-01-21,15,M04,P02,L05,161,153,3,4
2025-01-21,15,M05,P03,L03,184,199,2,4
2025-01-21,15,M06,P01,L02,117,130,0,8
2025-01-21,15,M07,P05,L01,113,195,20,3
2025-01-21,15,M08,P05,L04,186,90,23,1
2025-01-21,15,M09,P01,L04,136,165,26,7
2025-01-21,15,M10,P03,L04,163,110,20,8
2025-01-21,16,M01,P04,L04,129,114,20,7
2025-01-21,16,M02,P04,L02,116,91,19,1
2025-01-21,16,M03,P05,L02,191,139,2,2
2025-01-21,16,M04,P01,L01,174,85,22,8
2025-01-21,16,M05,P02,L04,118,188,12,3
2025-01-21,16,M06,P01,L01,136,110,26,6
2025-01-21,16,M07,P02,L03,144,175,10,1
2025-01-21,16,M08,P05,L01,160,82,26,6
2025-01-21,16,M09,P01,L01,129,97,23,9
2025-01-21,16,M10,P01,L04,130,151,22,1
2025-01-21,17,M01,P01,L01,181,98,18,9
2025-01-21,17,M02,P05,L04,105,96,13,7
2025-01-21,17,M03,P01,L02,154,170,3,5
2025-01-21,17,M04,P04,L05,185,119,26,4
2025-01-21,17,M05,P01,L02,110,99,19,6
2025-01-21,17,M06,P02,L02,137,173,3,5
2025-01-21,17,M07,P03,L03,164,143,25,4
2025-01-21,17,M08,P02,L02,122,175,28,6
2025-01-21,17,M09,P01,L04,181,174,5,1
2025-01-21,17,M10,P04,L04,126,179,15,3
2025-01-21,18,M01,P01,L02,173,118,13,6
2025-01-21,18,M02,P03,L04,102,194,21,3
2025-01-21,18,M03,P04,L04,115,111,14,3
2025-01-21,18,M04,P05,L03,111,172,4,9
2025-01-21,18,M05,P01,L02,171,183,7,9
2025-01-21,18,M06,P05,L04,115,184,15,9
2025-01-21,18,M07,P01,L03,127,189,12,3
2025-01-21,18,M08,P03,L04,174,119,13,7
2025-01-21,18,M09,P02,L05,111,93,14,1
2025-01-21,18,M10,P04,L05,111,183,26,5
2025-01-21,19,M01,P01,L03,179,129,11,8
2025-01-21,19,M02,P05,L05,112,151,5,2
2025-01-21,19,M03,P02,L01,183,137,3,1
2025-01-21,19,M04,P04,L03,122,188,18,7
2025-01-21,19,M05,P03,L02,117,115,23,0
2025-01-21,19,M06,P04,L01,174,97,15,0
2025-01-21,19,M07,P04,L02,198,158,1,7
2025-01-21,19,M08,P01,L03,109,132,24,2
2025-01-21,19,M09,P05,L04,113,185,15,5
2025-01-21,19,M10,P02,L01,181,172,20,4
2025-01-21,20,M01,P04,L05,163,151,26,4
2025-01-21,20,M02,P02,L01,161,116,16,3
2025-01-21,20,M03,P01,L01,127,167,29,3
2025-01-21,20,M04,P05,L02,148,90,2,6
2025-01-21,20,M05,P03,L02,173,151,4,6
2025-01-21,20,M06,P04,L02,131,95,3,5
2025-01-21,20,M07,P04,L04,159,157,11,4
2025-01-21,20,M08,P02,L04,122,199,28,8
2025-01-21,20,M09,P04,L05,180,88,5,3
2025-01-21,20,M10,P01,L02,111,176,1,2
2025-01-21,21,M01,P02,L01,122,105,12,5
2025-01-21,21,M02,P01,L04,136,88,29,9
2025-01-21,21,M03,P02,L01,194,139,24,2
2025-01-21,21,M04,P03,L03,110,157,14,8
2025-01-21,21,M05,P01,L03,171,109,3,1
2025-01-21,21,M06,P03,L05,149,115,29,1
2025-01-21,21,M07,P03,L05,196,158,11,7
2025-01-21,21,M08,P05,L02,174,199,20,2
2025-01-21,21,M09,P01,L01,139,134,15,9
2025-01-21,21,M10,P03,L02,158,130,23,7
2025-01-21,22,M01,P02,L01,106,97,11,1
2025-01-21,22,M02,P05,L02,120,86,19,3
2025-01-21,22,M03,P02,L01,122,109,14,9
2025-01-21,22,M04,P02,L04,118,98,11,6
2025-01-21,22,M05,P03,L05,143,184,28,3
2025-01-21,22,M06,P01,L04,164,92,29,2
2025-01-21,22,M07,P05,L04,154,140,8,3
2025-01-21,22,M08,P01,L02,194,195,23,2
2025-01-21,22,M09,P01,L02,195,138,23,9
2025-01-21,22,M10,P01,L01,144,176,10,4
2025-01-21,23,M01,P02,L01,182,99,17,9
2025-01-21,23,M02,P05,L01,192,134,26,8
2025-01-21,23,M03,P04,L05,177,199,16,0
2025-01-21,23,M04,P02,L05,108,145,10,2
2025-01-21,23,M05,P03,L05,177,180,4,5
2025-01-21,23,M06,P02,L02,150,145,16,0
2025-01-21,23,M07,P05,L01,199,180,25,6
2025-01-21,23,M08,P04,L02,158,89,24,3
2025-01-21,23,M09,P02,L02,176,96,7,3
2025-01-21,23,M10,P03,L03,175,88,14,4
2025-01-21,24,M01,P03,L05,174,152,2,1
2025-01-21,24,M02,P05,L03,156,139,11,8
2025-01-21,24,M03,P04,L02,176,163,19,9
2025-01-21,24,M04,P05,L05,121,152,23,9
2025-01-21,24,M05,P05,L03,138,94,21,2
2025-01-21,24,M06,P05,L05,151,113,8,2
2025-01-21,24,M07,P05,L05,148,88,18,6
2025-01-21,24,M08,P01,L01,127,159,25,5
2025-01-21,24,M09,P03,L01,168,150,22,8
2025-01-21,24,M10,P05,L01,167,137,27,0
2025-01-22,1,M01,P02,L04,174,182,3,0
2025-01-22,1,M02,P01,L02,180,106,9,4
2025-01-22,1,M03,P02,L01,103,91,25,4
2025-01-22,1,M04,P03,L04,135,188,21,0
2025-01-22,1,M05,P04,L02,199,151,24,3
2025-01-22,1,M06,P04,L04,142,184,13,3
2025-01-22,1,M07,P05,L05,124,146,22,6
2025-01-22,1,M08,P03,L01,101,148,23,5
2025-01-22,1,M09,P05,L05,186,190,2,5
2025-01-22,1,M10,P03,L01,144,156,21,6
2025-01-22,2,M01,P02,L05,128,151,7,5
2025-01-22,2,M02,P05,L03,122,179,9,3
2025-01-22,2,M03,P02,L03,138,84,2,5
2025-01-22,2,M04,P02,L04,128,122,9,6
2025-01-22,2,M05,P02,L05,191,147,26,5
2025-01-22,2,M06,P04,L04,105,152,27,6
2025-01-22,2,M07,P05,L02,187,151,14,2
2025-01-22,2,M08,P01,L01,194,125,28,6
2025-01-22,2,M09,P01,L02,176,111,16,2
2025-01-22,2,M10,P01,L05,164,144,4,7
2025-01-22,3,M01,P04,L02,130,133,0,3
2025-01-22,3,M02,P01,L04,108,165,23,9
2025-01-22,3,M03,P02,L04,155,126,2,1
2025-01-22,3,M04,P01,L05,195,186,11,9
2025-01-22,3,M05,P05,L03,125,157,11,3
2025-01-22,3,M06,P05,L02,171,128,16,6
2025-01-22,3,M07,P04,L05,135,151,9,6
2025-01-22,3,M08,P05,L02,160,194,10,2
2025-01-22,3,M09,P05,L02,138,179,4,8
2025-01-22,3,M10,P01,L03,199,181,17,2
2025-01-22,4,M01,P03,L01,133,166,15,5
2025-01-22,4,M02,P02,L03,112,103,12,0
2025-01-22,4,M03,P01,L04,181,127,0,5
2025-01-22,4,M04,P01,L03,167,93,29,3
2025-01-22,4,M05,P05,L02,103,153,19,7
2025-01-22,4,M06,P03,L05,173,171,14,3
2025-01-22,4,M07,P03,L01,192,94,9,3
2025-01-22,4,M08,P05,L02,172,199,18,0
2025-01-22,4,M09,P03,L02,190,130,4,1
2025-01-22,4,M10,P03,L01,109,109,20,4
2025-01-22,5,M01,P01,L02,197,129,11,4
2025-01-22,5,M02,P04,L01,105,129,29,3
2025-01-22,5,M03,P01,L04,130,81,15,0
2025-01-22,5,M04,P04,L04,164,131,14,2
2025-01-22,5,M05,P02,L05,144,121,19,7
2025-01-22,5,M06,P01,L01,127,193,11,1
2025-01-22,5,M07,P04,L04,183,175,8,1
2025-01-22,5,M08,P05,L04,178,96,18,5
2025-01-22,5,M09,P03,L01,148,158,4,1
2025-01-22,5,M10,P05,L04,197,98,26,4
2025-01-22,6,M01,P04,L02,136,130,12,8
2025-01-22,6,M02,P04,L01,157,175,20,3
2025-01-22,6,M03,P03,L01,145,165,11,3
2025-01-22,6,M04,P01,L01,113,190,11,5
2025-01-22,6,M05,P03,L02,115,189,6,8
2025-01-22,6,M06,P02,L01,177,168,29,7
2025-01-22,6,M07,P03,L04,190,125,18,4
2025-01-22,6,M08,P04,L05,170,192,15,7
2025-01-22,6,M09,P05,L01,161,154,19,1
2025-01-22,6,M10,P04,L05,195,189,11,3
2025-01-22,7,M01,P04,L03,133,179,6,0
2025-01-22,7,M02,P05,L04,188,84,13,1
2025-01-22,7,M03,P02,L03,188,133,15,0
2025-01-22,7,M04,P05,L03,163,114,28,6
2025-01-22,7,M05,P03,L05,105,166,13,7
2025-01-22,7,M06,P02,L02,193,117,23,4
2025-01-22,7,M07,P03,L01,164,89,8,3
2025-01-22,7,M08,P02,L04,132,170,23,1
2025-01-22,7,M09,P02,L04,100,144,24,0
2025-01-22,7,M10,P04,L04,120,163,3,9
2025-01-22,8,M01,P02,L01,145,121,6,6
2025-01-22,8,M02,P03,L04,172,178,3,9
2025-01-22,8,M03,P04,L04,139,130,28,9
2025-01-22,8,M04,P05,L05,140,140,22,8
2025-01-22,8,M05,P05,L01,177,117,29,5
2025-01-22,8,M06,P02,L04,136,128,9,1
2025-01-22,8,M07,P02,L01,191,179,12,4
2025-01-22,8,M08,P01,L02,174,111,4,3
2025-01-22,8,M09,P04,L02,157,148,4,2
2025-01-22,8,M10,P05,L05,107,150,7,4
2025-01-22,9,M01,P03,L04,181,167,8,1
2025-01-22,9,M02,P04,L01,169,178,16,5
2025-01-22,9,M03,P01,L04,105,139,15,5
2025-01-22,9,M04,P05,L01,198,102,11,8
2025-01-22,9,M05,P03,L05,105,100,6,8
2025-01-22,9,M06,P05,L05,157,83,4,6
2025-01-22,9,M07,P04,L03,114,171,1,7
2025-01-22,9,M08,P05,L01,170,165,16,7
2025-01-22,9,M09,P02,L01,174,144,14,7
2025-01-22,9,M10,P04,L03,137,121,23,4
2025-01-22,10,M01,P03,L01,146,117,15,6
2025-01-22,10,M02,P05,L02,159,87,11,5
2025-01-22,10,M03,P03,L04,144,102,15,7
2025-01-22,10,M04,P02,L01,112,147,19,9
2025-01-22,10,M05,P05,L01,185,131,15,0
2025-01-22,10,M06,P01,L03,168,164,25,7
2025-01-22,10,M07,P04,L05,107,152,12,0
2025-01-22,10,M08,P05,L01,108,149,26,9
2025-01-22,10,M09,P03,L05,123,152,24,9
2025-01-22,10,M10,P03,L03,128,87,16,6
2025-01-22,11,M01,P05,L04,192,188,17,1
2025-01-22,11,M02,P04,L05,110,178,16,6
2025-01-22,11,M03,P04,L03,166,198,27,1
2025-01-22,11,M04,P02,L04,119,164,13,7
2025-01-22,11,M05,P02,L02,182,121,27,4
2025-01-22,11,M06,P04,L03,159,184,15,9
2025-01-22,11,M07,P05,L03,114,189,8,3
2025-01-22,11,M08,P05,L02,114,120,3,4
2025-01-22,11,M09,P04,L05,183,106,20,5
2025-01-22,11,M10,P02,L01,106,162,27,9
2025-01-22,12,M01,P05,L03,165,165,26,3
2025-01-22,12,M02,P03,L04,168,142,5,2
2025-01-22,12,M03,P03,L01,166,133,3,6
2025-01-22,12,M04,P03,L05,117,187,3,7
2025-01-22,12,M05,P02,L03,150,137,27,1
2025-01-22,12,M06,P01,L03,196,113,29,2
2025-01-22,12,M07,P01,L05,139,123,26,8
2025-01-22,12,M08,P04,L05,152,187,16,3
2025-01-22,12,M09,P02,L03,133,199,16,7
2025-01-22,12,M10,P01,L01,191,134,14,4
2025-01-22,13,M01,P05,L01,165,125,3,1
2025-01-22,13,M02,P02,L01,165,97,16,8
2025-01-22,13,M03,P02,L02,168,143,11,3
2025-01-22,13,M04,P05,L02,103,131,8,3
2025-01-22,13,M05,P03,L02,150,177,15,7
2025-01-22,13,M06,P03,L04,144,113,12,7
2025-01-22,13,M07,P01,L05,174,101,20,2
2025-01-22,13,M08,P04,L01,142,150,11,2
2025-01-22,13,M09,P02,L03,112,186,0,5
2025-01-22,13,M10,P02,L05,112,188,18,8
2025-01-22,14,M01,P01,L03,186,107,26,7
2025-01-22,14,M02,P05,L02,167,142,17,8
2025-01-22,14,M03,P03,L03,199,102,17,7
2025-01-22,14,M04,P02,L04,175,196,8,7
2025-01-22,14,M05,P01,L01,144,157,4,8
2025-01-22,14,M06,P02,L01,189,127,18,7
2025-01-22,14,M07,P02,L04,165,193,17,1
2025-01-22,14,M08,P02,L04,138,152,7,8
2025-01-22,14,M09,P01,L03,186,188,10,5
2025-01-22,14,M10,P01,L02,127,95,9,3
2025-01-22,15,M01,P03,L04,184,183,8,9
2025-01-22,15,M02,P03,L01,156,113,8,5
2025-01-22,15,M03,P04,L04,145,171,28,1
2025-01-22,15,M04,P02,L05,134,148,24,6
2025-01-22,15,M05,P04,L03,142,98,12,3
2025-01-22,15,M06,P03,L04,101,87,21,2
2025-01-22,15,M07,P05,L05,184,171,0,4
2025-01-22,15,M08,P02,L02,174,154,12,1
2025-01-22,15,M09,P02,L03,136,157,28,2
2025-01-22,15,M10,P05,L05,187,169,8,7
2025-01-22,16,M01,P03,L04,146,192,29,2
2025-01-22,16,M02,P05,L01,158,152,27,2
2025-01-22,16,M03,P01,L03,131,178,22,4
2025-01-22,16,M04,P01,L02,131,154,12,3
2025-01-22,16,M05,P02,L05,104,115,0,6
2025-01-22,16,M06,P03,L02,165,89,2,4
2025-01-22,16,M07,P02,L02,172,197,8,3
2025-01-22,16,M08,P05,L03,183,108,22,7
2025-01-22,16,M09,P01,L05,170,156,28,6
2025-01-22,16,M10,P04,L04,115,105,28,5
2025-01-22,17,M01,P01,L05,194,125,28,8
2025-01-22,17,M02,P03,L02,136,93,6,3
2025-01-22,17,M03,P05,L04,196,115,29,6
2025-01-22,17,M04,P02,L04,106,121,9,3
2025-01-22,17,M05,P05,L04,184,112,7,6
2025-01-22,17,M06,P05,L05,189,182,25,2
2025-01-22,17,M07,P02,L05,133,163,22,9
2025-01-22,17,M08,P01,L04,181,181,19,5
2025-01-22,17,M09,P01,L02,141,104,8,8
2025-01-22,17,M10,P04,L03,142,125,24,2
2025-01-22,18,M01,P03,L02,104,165,8,0
2025-01-22,18,M02,P02,L04,138,149,14,5
2025-01-22,18,M03,P03,L04,128,172,29,1
2025-01-22,18,M04,P05,L03,172,101,18,1
2025-01-22,18,M05,P02,L05,120,96,2,6
2025-01-22,18,M06,P05,L01,135,146,25,8
2025-01-22,18,M07,P05,L04,171,153,0,3
2025-01-22,18,M08,P05,L05,152,164,0,2
2025-01-22,18,M09,P04,L02,195,188,13,4
2025-01-22,18,M10,P03,L03,123,192,0,5
2025-01-22,19,M01,P04,L01,137,80,28,8
2025-01-22,19,M02,P01,L04,153,188,22,0
2025-01-22,19,M03,P03,L05,157,169,28,5
2025-01-22,19,M04,P05,L04,145,92,8,6
2025-01-22,19,M05,P05,L04,174,197,1,2
2025-01-22,19,M06,P03,L03,103,141,15,9
2025-01-22,19,M07,P05,L01,168,109,0,4
2025-01-22,19,M08,P02,L03,155,108,17,8
2025-01-22,19,M09,P02,L05,139,170,21,0
2025-01-22,19,M10,P05,L04,177,170,2,0
2025-01-22,20,M01,P05,L03,188,161,0,6
2025-01-22,20,M02,P05,L05,101,173,16,4
2025-01-22,20,M03,P04,L02,172,143,20,9
2025-01-22,20,M04,P04,L04,149,147,28,8
2025-01-22,20,M05,P05,L03,197,162,13,4
2025-01-22,20,M06,P04,L03,189,89,23,0
2025-01-22,20,M07,P01,L04,164,100,21,0
2025-01-22,20,M08,P05,L03,163,115,25,4
2025-01-22,20,M09,P03,L01,147,155,17,5
2025-01-22,20,M10,P02,L03,143,173,12,0
2025-01-22,21,M01,P03,L04,129,105,20,4
2025-01-22,21,M02,P01,L03,130,199,23,0
2025-01-22,21,M03,P02,L01,123,176,3,8
2025-01-22,21,M04,P03,L02,137,124,14,9
2025-01-22,21,M05,P04,L03,140,136,9,4
2025-01-22,21,M06,P03,L01,186,155,7,4
2025-01-22,21,M07,P05,L05,131,160,21,4
2025-01-22,21,M08,P03,L02,153,139,26,9
2025-01-22,21,M09,P03,L02,180,166,9,4
2025-01-22,21,M10,P04,L04,157,164,26,7
2025-01-22,22,M01,P05,L04,120,112,1,4
2025-01-22,22,M02,P04,L03,114,80,10,1
2025-01-22,22,M03,P04,L03,108,103,3,7
2025-01-22,22,M04,P01,L05,166,127,21,7
2025-01-22,22,M05,P01,L02,124,139,15,4
2025-01-22,22,M06,P02,L02,160,163,3,4
2025-01-22,22,M07,P03,L05,195,121,19,8
2025-01-22,22,M08,P03,L03,172,119,22,6
2025-01-22,22,M09,P05,L01,106,173,12,1
2025-01-22,22,M10,P03,L02,116,98,6,4
2025-01-22,23,M01,P05,L04,159,135,7,0
2025-01-22,23,M02,P01,L01,197,145,7,5
2025-01-22,23,M03,P04,L03,117,84,14,7
2025-01-22,23,M04,P03,L04,111,91,8,7
2025-01-22,23,M05,P01,L02,149,159,3,1
2025-01-22,23,M06,P01,L03,167,138,1,6
2025-01-22,23,M07,P03,L02,189,180,25,3
2025-01-22,23,M08,P04,L02,101,145,15,8
2025-01-22,23,M09,P05,L05,124,137,4,8
2025-01-22,23,M10,P05,L01,114,107,2,6
2025-01-22,24,M01,P02,L04,159,141,2,6
2025-01-22,24,M02,P01,L03,157,184,19,4
2025-01-22,24,M03,P01,L01,124,114,28,9
2025-01-22,24,M04,P02,L02,187,114,28,5
2025-01-22,24,M05,P03,L05,145,128,11,8
2025-01-22,24,M06,P01,L02,134,193,3,7
2025-01-22,24,M07,P01,L02,194,135,4,5
2025-01-22,24,M08,P02,L05,182,157,3,4
2025-01-22,24,M09,P03,L03,101,101,1,3
2025-01-22,24,M10,P01,L04,103,93,6,7
2025-01-23,1,M01,P03,L02,100,110,22,3
2025-01-23,1,M02,P02,L03,155,132,24,5
2025-01-23,1,M03,P02,L03,196,128,15,8
2025-01-23,1,M04,P03,L01,159,193,14,3
2025-01-23,1,M05,P01,L01,135,92,29,3
2025-01-23,1,M06,P04,L05,193,104,0,8
2025-01-23,1,M07,P01,L02,138,168,19,8
2025-01-23,1,M08,P01,L01,169,99,11,4
2025-01-23,1,M09,P05,L02,103,103,2,1
2025-01-23,1,M10,P05,L01,153,161,7,9
2025-01-23,2,M01,P04,L05,124,179,3,7
2025-01-23,2,M02,P05,L04,107,164,2,1
2025-01-23,2,M03,P01,L01,104,143,29,7
2025-01-23,2,M04,P04,L03,136,174,28,8
2025-01-23,2,M05,P03,L04,186,119,20,7
2025-01-23,2,M06,P01,L05,138,116,28,8
2025-01-23,2,M07,P04,L05,103,120,27,5
2025-01-23,2,M08,P05,L03,198,147,0,5
2025-01-23,2,M09,P03,L01,115,147,28,6
2025-01-23,2,M10,P04,L04,108,151,13,4
2025-01-23,3,M01,P01,L05,119,184,3,1
2025-01-23,3,M02,P03,L02,106,163,16,8
2025-01-23,3,M03,P03,L01,104,168,5,1
2025-01-23,3,M04,P01,L01,180,125,14,4
2025-01-23,3,M05,P05,L01,152,134,22,9
2025-01-23,3,M06,P01,L01,164,116,15,6
2025-01-23,3,M07,P02,L04,100,99,11,3
2025-01-23,3,M08,P04,L02,121,80,29,0
2025-01-23,3,M09,P05,L03,175,197,20,4
2025-01-23,3,M10,P02,L01,132,85,24,6
2025-01-23,4,M01,P02,L05,103,181,2,0
2025-01-23,4,M02,P04,L03,124,99,0,3
2025-01-23,4,M03,P02,L03,121,174,29,0
2025-01-23,4,M04,P04,L03,118,109,0,2
2025-01-23,4,M05,P05,L04,121,129,1,5
2025-01-23,4,M06,P01,L05,118,170,4,1
2025-01-23,4,M07,P01,L01,120,113,25,3
2025-01-23,4,M08,P01,L03,146,185,11,3
2025-01-23,4,M09,P02,L03,160,116,19,3
2025-01-23,4,M10,P04,L03,161,145,23,3
2025-01-23,5,M01,P01,L02,161,143,28,9
2025-01-23,5,M02,P03,L05,114,134,0,0
2025-01-23,5,M03,P04,L04,119,152,5,2
2025-01-23,5,M04,P02,L02,186,162,6,2
2025-01-23,5,M05,P04,L04,183,163,18,8
2025-01-23,5,M06,P05,L05,159,181,12,7
2025-01-23,5,M07,P05,L05,194,188,19,6
2025-01-23,5,M08,P05,L04,163,83,29,4
2025-01-23,5,M09,P04,L03,171,127,7,0
2025-01-23,5,M10,P03,L04,190,131,1,4
2025-01-23,6,M01,P04,L03,140,108,6,5
2025-01-23,6,M02,P05,L02,151,167,12,0
2025-01-23,6,M03,P03,L04,123,116,19,5
2025-01-23,6,M04,P05,L04,102,106,13,4
2025-01-23,6,M05,P01,L04,114,118,3,0
2025-01-23,6,M06,P04,L03,131,106,11,0
2025-01-23,6,M07,P05,L04,172,122,2,6
2025-01-23,6,M08,P05,L05,134,196,15,9
2025-01-23,6,M09,P04,L01,114,164,20,9
2025-01-23,6,M10,P02,L04,159,166,22,8
2025-01-23,7,M01,P01,L05,199,148,6,9
2025-01-23,7,M02,P02,L03,110,199,23,1
2025-01-23,7,M03,P01,L04,115,106,3,0
2025-01-23,7,M04,P05,L01,130,188,2,6
2025-01-23,7,M05,P03,L01,100,171,17,0
2025-01-23,7,M06,P04,L01,170,116,29,6
2025-01-23,7,M07,P05,L05,163,126,22,0
2025-01-23,7,M08,P03,L01,118,185,1,6
2025-01-23,7,M09,P01,L03,159,90,16,2
2025-01-23,7,M10,P03,L05,114,158,5,8
2025-01-23,8,M01,P03,L05,187,108,29,4
2025-01-23,8,M02,P02,L05,146,189,28,3
2025-01-23,8,M03,P04,L01,177,193,5,5
2025-01-23,8,M04,P01,L01,176,178,5,0
2025-01-23,8,M05,P02,L01,181,165,25,7
2025-01-23,8,M06,P01,L05,177,169,17,3
2025-01-23,8,M07,P02,L04,170,182,12,2
2025-01-23,8,M08,P04,L04,148,136,17,8
2025-01-23,8,M09,P03,L01,125,98,15,9
2025-01-23,8,M10,P02,L05,161,93,8,4
2025-01-23,9,M01,P03,L03,111,114,6,6
2025-01-23,9,M02,P01,L04,126,180,27,0
2025-01-23,9,M03,P05,L05,187,198,16,2
2025-01-23,9,M04,P03,L02,194,118,19,2
2025-01-23,9,M05,P02,L04,153,121,20,5
2025-01-23,9,M06,P05,L03,125,148,24,3
2025-01-23,9,M07,P02,L03,120,194,27,2
2025-01-23,9,M08,P04,L04,183,180,6,3
2025-01-23,9,M09,P01,L03,102,116,19,8
2025-01-23,9,M10,P02,L05,179,191,9,0
2025-01-23,10,M01,P01,L03,123,126,24,6
2025-01-23,10,M02,P02,L01,137,190,14,6
2025-01-23,10,M03,P01,L03,102,181,19,8
2025-01-23,10,M04,P01,L01,143,111,3,9
2025-01-23,10,M05,P03,L05,160,128,29,0
2025-01-23,10,M06,P05,L02,162,94,0,1
2025-01-23,10,M07,P03,L05,163,145,20,8
2025-01-23,10,M08,P04,L04,139,187,23,1
2025-01-23,10,M09,P01,L01,157,107,3,8
2025-01-23,10,M10,P04,L03,158,150,27,5
2025-01-23,11,M01,P05,L02,188,153,19,0
2025-01-23,11,M02,P05,L05,169,165,27,0
2025-01-23,11,M03,P05,L04,101,161,26,4
2025-01-23,11,M04,P04,L05,147,98,8,6
2025-01-23,11,M05,P01,L02,174,193,28,2
2025-01-23,11,M06,P03,L05,109,195,22,3
2025-01-23,11,M07,P02,L03,116,187,24,0
2025-01-23,11,M08,P05,L03,164,174,0,4
2025-01-23,11,M09,P01,L02,185,184,5,3
2025-01-23,11,M10,P01,L02,179,92,18,9
2025-01-23,12,M01,P04,L04,183,165,28,6
2025-01-23,12,M02,P03,L01,166,135,23,0
2025-01-23,12,M03,P05,L05,195,180,11,7
2025-01-23,12,M04,P02,L04,134,175,17,0
2025-01-23,12,M05,P02,L02,153,123,16,5
2025-01-23,12,M06,P02,L01,171,189,5,8
2025-01-23,12,M07,P05,L01,108,93,26,8
2025-01-23,12,M08,P05,L04,183,158,3,2
2025-01-23,12,M09,P02,L05,172,109,18,5
2025-01-23,12,M10,P02,L03,147,82,1,1
2025-01-23,13,M01,P03,L02,186,185,14,2
2025-01-23,13,M02,P02,L05,126,90,6,2
2025-01-23,13,M03,P01,L01,101,117,4,1
2025-01-23,13,M04,P04,L04,187,156,22,4
2025-01-23,13,M05,P01,L01,119,84,23,2
2025-01-23,13,M06,P05,L04,150,188,6,9
2025-01-23,13,M07,P02,L03,172,196,11,5
2025-01-23,13,M08,P02,L05,126,162,12,9
2025-01-23,13,M09,P05,L05,195,158,20,2
2025-01-23,13,M10,P03,L05,116,89,0,9
2025-01-23,14,M01,P02,L04,173,164,22,0
2025-01-23,14,M02,P04,L01,160,105,14,5
2025-01-23,14,M03,P01,L01,125,100,8,7
2025-01-23,14,M04,P02,L05,131,129,8,7
2025-01-23,14,M05,P03,L05,178,89,9,8
2025-01-23,14,M06,P01,L01,102,134,15,0
2025-01-23,14,M07,P01,L01,198,116,27,7
2025-01-23,14,M08,P02,L02,108,140,18,6
2025-01-23,14,M09,P05,L05,115,179,4,3
2025-01-23,14,M10,P04,L03,156,112,16,8
2025-01-23,15,M01,P03,L02,125,116,12,3
2025-01-23,15,M02,P04,L01,192,104,14,5
2025-01-23,15,M03,P05,L03,143,181,19,1
2025-01-23,15,M04,P05,L03,146,100,14,7
2025-01-23,15,M05,P01,L04,180,163,0,1
2025-01-23,15,M06,P02,L02,157,152,13,4
2025-01-23,15,M07,P04,L05,194,125,10,0
2025-01-23,15,M08,P05,L03,164,132,4,8
2025-01-23,15,M09,P05,L05,186,155,1,6
2025-01-23,15,M10,P05,L01,162,123,14,5
2025-01-23,16,M01,P03,L05,129,105,16,8
2025-01-23,16,M02,P01,L01,151,142,23,1
2025-01-23,16,M03,P05,L05,187,124,11,8
2025-01-23,16,M04,P01,L01,172,147,27,7
2025-01-23,16,M05,P01,L05,134,181,2,0
2025-01-23,16,M06,P05,L02,134,125,19,1
2025-01-23,16,M07,P02,L04,141,156,29,3
2025-01-23,16,M08,P03,L04,121,144,24,9
2025-01-23,16,M09,P03,L03,111,146,22,7
2025-01-23,16,M10,P01,L02,104,191,23,2
2025-01-23,17,M01,P04,L03,151,154,6,9
2025-01-23,17,M02,P01,L01,152,88,4,3
2025-01-23,17,M03,P05,L05,196,182,10,3
2025-01-23,17,M04,P05,L02,144,101,12,6
2025-01-23,17,M05,P02,L03,162,109,0,2
2025-01-23,17,M06,P04,L02,164,115,5,4
2025-01-23,17,M07,P03,L05,154,156,10,5
2025-01-23,17,M08,P01,L03,178,196,12,9
2025-01-23,17,M09,P05,L01,137,196,25,7
2025-01-23,17,M10,P04,L04,116,193,23,9
2025-01-23,18,M01,P05,L05,185,177,26,8
2025-01-23,18,M02,P01,L04,157,146,21,9
2025-01-23,18,M03,P01,L05,176,153,16,8
2025-01-23,18,M04,P01,L05,141,119,6,5
2025-01-23,18,M05,P05,L02,150,193,13,9
2025-01-23,18,M06,P01,L01,117,92,26,0
2025-01-23,18,M07,P03,L01,122,120,6,5
2025-01-23,18,M08,P01,L01,141,127,20,1
2025-01-23,18,M09,P03,L04,123,140,3,2
2025-01-23,18,M10,P01,L05,152,162,14,3
2025-01-23,19,M01,P03,L01,122,138,4,7
2025-01-23,19,M02,P02,L02,170,112,2,0
2025-01-23,19,M03,P05,L01,185,127,11,2
2025-01-23,19,M04,P03,L03,196,164,0,9
2025-01-23,19,M05,P03,L02,176,149,10,5
2025-01-23,19,M06,P01,L03,171,138,2,4
2025-01-23,19,M07,P05,L05,182,116,20,3
2025-01-23,19,M08,P02,L04,162,86,0,4
2025-01-23,19,M09,P02,L02,105,86,11,1
2025-01-23,19,M10,P05,L03,182,104,3,2
2025-01-23,20,M01,P03,L05,150,113,27,8
2025-01-23,20,M02,P05,L05,108,92,17,5
2025-01-23,20,M03,P02,L03,161,185,9,8
2025-01-23,20,M04,P01,L04,171,129,19,0
2025-01-23,20,M05,P02,L04,132,171,20,8
2025-01-23,20,M06,P01,L01,151,178,23,5
2025-01-23,20,M07,P05,L01,160,159,1,2
2025-01-23,20,M08,P04,L03,157,166,27,9
2025-01-23,20,M09,P04,L03,109,186,10,7
2025-01-23,20,M10,P04,L01,180,175,22,2
2025-01-23,21,M01,P04,L04,104,119,17,4
2025-01-23,21,M02,P03,L05,145,169,14,4
2025-01-23,21,M03,P03,L04,120,169,8,6
2025-01-23,21,M04,P03,L01,124,147,19,9
2025-01-23,21,M05,P03,L03,194,88,28,4
2025-01-23,21,M06,P02,L05,158,136,25,5
2025-01-23,21,M07,P04,L03,185,134,5,4
2025-01-23,21,M08,P02,L04,175,174,6,4
2025-01-23,21,M09,P01,L04,128,186,3,9
2025-01-23,21,M10,P02,L04,106,166,0,4
2025-01-23,22,M01,P01,L03,108,134,27,8
2025-01-23,22,M02,P02,L04,190,169,23,9
2025-01-23,22,M03,P02,L02,180,130,23,7
2025-01-23,22,M04,P03,L02,178,171,10,6
2025-01-23,22,M05,P03,L02,172,129,12,6
2025-01-23,22,M06,P03,L01,112,157,16,5
2025-01-23,22,M07,P01,L04,104,163,13,9
2025-01-23,22,M08,P02,L03,181,188,22,7
2025-01-23,22,M09,P01,L04,166,197,10,6
2025-01-23,22,M10,P01,L01,112,184,28,8
2025-01-23,23,M01,P05,L04,127,187,20,2
2025-01-23,23,M02,P01,L02,137,181,2,9
2025-01-23,23,M03,P02,L03,104,140,29,3
2025-01-23,23,M04,P05,L04,135,125,28,2
2025-01-23,23,M05,P05,L01,153,100,20,5
2025-01-23,23,M06,P04,L04,135,156,7,7
2025-01-23,23,M07,P03,L04,186,110,4,4
2025-01-23,23,M08,P05,L04,166,177,28,2
2025-01-23,23,M09,P03,L03,115,124,1,3
2025-01-23,23,M10,P05,L04,196,157,23,9
2025-01-23,24,M01,P03,L03,183,109,20,9
2025-01-23,24,M02,P02,L04,112,190,2,7
2025-01-23,24,M03,P02,L01,187,170,17,9
2025-01-23,24,M04,P05,L02,171,123,25,4
2025-01-23,24,M05,P04,L01,104,192,14,3
2025-01-23,24,M06,P01,L05,112,104,25,1
2025-01-23,24,M07,P01,L04,133,91,18,1
2025-01-23,24,M08,P05,L02,100,139,2,0
2025-01-23,24,M09,P04,L02,167,98,23,8
2025-01-23,24,M10,P05,L03,104,116,11,8
2025-01-24,1,M01,P03,L01,198,119,0,7
2025-01-24,1,M02,P03,L04,170,137,29,6
2025-01-24,1,M03,P02,L05,159,128,2,6
2025-01-24,1,M04,P05,L03,124,102,18,0
2025-01-24,1,M05,P05,L05,141,84,22,0
2025-01-24,1,M06,P02,L02,190,133,7,3
2025-01-24,1,M07,P03,L03,163,130,1,0
2025-01-24,1,M08,P02,L05,179,180,19,2
2025-01-24,1,M09,P03,L04,197,164,3,5
2025-01-24,1,M10,P02,L02,155,181,2,4
2025-01-24,2,M01,P03,L03,165,143,2,0
2025-01-24,2,M02,P03,L05,182,187,4,4
2025-01-24,2,M03,P01,L03,163,191,3,8
2025-01-24,2,M04,P05,L03,104,198,23,8
2025-01-24,2,M05,P03,L02,149,156,5,9
2025-01-24,2,M06,P03,L01,138,89,1,4
2025-01-24,2,M07,P03,L02,162,190,8,0
2025-01-24,2,M08,P03,L01,169,109,7,1
2025-01-24,2,M09,P04,L04,167,136,21,6
2025-01-24,2,M10,P03,L03,187,165,6,7
2025-01-24,3,M01,P02,L01,127,115,21,0
2025-01-24,3,M02,P05,L04,121,154,3,6
2025-01-24,3,M03,P02,L02,137,180,1,8
2025-01-24,3,M04,P03,L05,162,134,10,5
2025-01-24,3,M05,P05,L04,195,108,7,7
2025-01-24,3,M06,P02,L05,176,124,23,0
2025-01-24,3,M07,P01,L02,189,198,5,4
2025-01-24,3,M08,P01,L05,172,171,21,2
2025-01-24,3,M09,P05,L04,138,142,11,6
2025-01-24,3,M10,P01,L02,178,152,22,1
2025-01-24,4,M01,P01,L01,168,141,10,5
2025-01-24,4,M02,P03,L02,184,171,19,7
2025-01-24,4,M03,P03,L05,123,143,5,9
2025-01-24,4,M04,P05,L05,199,153,27,2
2025-01-24,4,M05,P05,L01,109,83,21,3
2025-01-24,4,M06,P04,L02,115,117,16,0
2025-01-24,4,M07,P02,L03,116,192,27,5
2025-01-24,4,M08,P01,L03,120,87,27,3
2025-01-24,4,M09,P01,L02,159,124,8,2
2025-01-24,4,M10,P01,L05,139,183,28,2
2025-01-24,5,M01,P05,L04,103,102,26,6
2025-01-24,5,M02,P05,L03,176,122,4,7
2025-01-24,5,M03,P05,L05,128,128,10,2
2025-01-24,5,M04,P04,L02,173,84,28,7
2025-01-24,5,M05,P01,L01,196,96,16,0
2025-01-24,5,M06,P01,L01,154,197,8,8
2025-01-24,5,M07,P01,L04,178,95,15,5
2025-01-24,5,M08,P01,L05,162,198,8,4
2025-01-24,5,M09,P02,L04,198,196,8,2
2025-01-24,5,M10,P02,L01,109,164,18,5
2025-01-24,6,M01,P02,L03,146,197,29,4
2025-01-24,6,M02,P02,L04,121,127,17,4
2025-01-24,6,M03,P03,L01,173,100,28,6
2025-01-24,6,M04,P02,L03,169,132,10,8
2025-01-24,6,M05,P02,L04,135,171,22,7
2025-01-24,6,M06,P03,L03,120,128,29,7
2025-01-24,6,M07,P04,L04,143,177,28,9
2025-01-24,6,M08,P01,L01,135,134,13,8
2025-01-24,6,M09,P02,L02,137,146,19,2
2025-01-24,6,M10,P01,L05,177,109,21,1
2025-01-24,7,M01,P05,L02,171,157,1,9
2025-01-24,7,M02,P02,L05,155,138,18,7
2025-01-24,7,M03,P05,L02,182,176,6,1
2025-01-24,7,M04,P01,L01,127,96,24,5
2025-01-24,7,M05,P04,L04,183,126,12,4
2025-01-24,7,M06,P05,L02,117,107,3,9
2025-01-24,7,M07,P05,L03,105,181,8,3
2025-01-24,7,M08,P05,L05,137,147,5,1
2025-01-24,7,M09,P05,L04,198,173,9,3
2025-01-24,7,M10,P04,L01,163,158,28,4
2025-01-24,8,M01,P02,L01,160,89,11,9
2025-01-24,8,M02,P05,L05,134,150,17,2
2025-01-24,8,M03,P05,L02,123,163,9,7
2025-01-24,8,M04,P01,L04,133,120,7,9
2025-01-24,8,M05,P05,L01,142,161,25,4
2025-01-24,8,M06,P01,L05,108,80,6,7
2025-01-24,8,M07,P03,L02,115,117,10,2
2025-01-24,8,M08,P05,L01,182,161,24,7
2025-01-24,8,M09,P05,L02,152,173,11,1
2025-01-24,8,M10,P04,L05,156,155,16,5
2025-01-24,9,M01,P05,L04,103,196,8,4
2025-01-24,9,M02,P04,L02,157,116,6,5
2025-01-24,9,M03,P03,L05,178,178,17,2
2025-01-24,9,M04,P02,L03,160,160,12,8
2025-01-24,9,M05,P04,L02,150,84,15,9
2025-01-24,9,M06,P04,L04,112,164,15,5
2025-01-24,9,M07,P02,L05,196,133,8,2
2025-01-24,9,M08,P04,L02,145,178,3,5
2025-01-24,9,M09,P05,L04,175,101,11,1
2025-01-24,9,M10,P05,L05,198,92,24,1
2025-01-24,10,M01,P01,L03,194,112,26,1
2025-01-24,10,M02,P01,L03,194,136,15,5
2025-01-24,10,M03,P03,L03,136,186,3,9
2025-01-24,10,M04,P04,L02,108,184,16,7
2025-01-24,10,M05,P05,L01,103,169,19,1
2025-01-24,10,M06,P05,L01,158,178,21,8
2025-01-24,10,M07,P04,L01,192,196,23,3
2025-01-24,10,M08,P05,L05,122,183,26,4
2025-01-24,10,M09,P03,L01,140,168,22,5
2025-01-24,10,M10,P05,L05,168,196,18,9
2025-01-24,11,M01,P02,L01,171,199,25,7
2025-01-24,11,M02,P03,L02,109,167,15,3
2025-01-24,11,M03,P03,L03,108,183,9,1
2025-01-24,11,M04,P05,L05,114,188,29,7
2025-01-24,11,M05,P03,L03,182,153,11,5
2025-01-24,11,M06,P01,L05,190,86,5,5
2025-01-24,11,M07,P05,L01,137,123,16,4
2025-01-24,11,M08,P03,L05,191,84,11,2
2025-01-24,11,M09,P02,L01,189,81,21,7
2025-01-24,11,M10,P01,L02,179,173,24,3
2025-01-24,12,M01,P04,L04,174,196,23,1
2025-01-24,12,M02,P05,L03,161,81,14,7
2025-01-24,12,M03,P03,L01,193,126,23,2
2025-01-24,12,M04,P05,L04,176,127,22,0
2025-01-24,12,M05,P05,L01,169,130,22,4
2025-01-24,12,M06,P01,L04,121,83,12,1
2025-01-24,12,M07,P05,L03,127,169,17,4
2025-01-24,12,M08,P02,L01,114,87,15,2
2025-01-24,12,M09,P04,L04,154,116,3,6
2025-01-24,12,M10,P03,L04,178,136,29,4
2025-01-24,13,M01,P03,L04,197,86,27,6
2025-01-24,13,M02,P05,L04,136,163,28,1
2025-01-24,13,M03,P02,L02,122,131,13,3
2025-01-24,13,M04,P03,L04,165,92,12,8
2025-01-24,13,M05,P05,L01,157,166,27,4
2025-01-24,13,M06,P01,L05,141,108,19,4
2025-01-24,13,M07,P01,L04,152,131,5,4
2025-01-24,13,M08,P02,L03,153,163,10,9
2025-01-24,13,M09,P04,L03,178,134,17,7
2025-01-24,13,M10,P05,L03,168,142,14,9
2025-01-24,14,M01,P02,L05,163,171,11,3
2025-01-24,14,M02,P03,L05,152,149,20,9
2025-01-24,14,M03,P01,L03,180,146,24,1
2025-01-24,14,M04,P05,L02,138,186,7,1
2025-01-24,14,M05,P01,L05,196,128,9,7
2025-01-24,14,M06,P01,L02,140,115,1,2
2025-01-24,14,M07,P01,L02,166,132,18,2
2025-01-24,14,M08,P03,L02,150,190,24,1
2025-01-24,14,M09,P02,L01,160,125,18,6
2025-01-24,14,M10,P03,L02,110,91,7,8
2025-01-24,15,M01,P05,L02,153,179,16,4
2025-01-24,15,M02,P01,L03,183,193,19,2
2025-01-24,15,M03,P05,L03,179,112,4,7
2025-01-24,15,M04,P04,L02,188,171,0,1
2025-01-24,15,M05,P01,L02,126,128,17,3
2025-01-24,15,M06,P04,L02,198,98,24,7
2025-01-24,15,M07,P04,L04,124,112,27,4
2025-01-24,15,M08,P04,L04,142,88,13,2
2025-01-24,15,M09,P02,L05,152,120,17,5
2025-01-24,15,M10,P01,L05,138,159,7,6
2025-01-24,16,M01,P02,L05,157,148,10,4
2025-01-24,16,M02,P03,L05,133,93,8,9
2025-01-24,16,M03,P04,L02,141,130,10,2
2025-01-24,16,M04,P01,L03,175,140,14,2
2025-01-24,16,M05,P05,L04,131,159,5,9
2025-01-24,16,M06,P01,L04,139,147,14,0
2025-01-24,16,M07,P02,L01,170,176,16,0
2025-01-24,16,M08,P03,L03,150,193,29,3
2025-01-24,16,M09,P03,L01,125,198,11,3
2025-01-24,16,M10,P05,L01,171,98,25,3
2025-01-24,17,M01,P02,L03,177,109,15,7
2025-01-24,17,M02,P04,L02,142,113,27,2
2025-01-24,17,M03,P04,L03,110,92,17,1
2025-01-24,17,M04,P04,L03,132,199,5,2
2025-01-24,17,M05,P03,L01,164,114,3,5
2025-01-24,17,M06,P05,L01,167,149,10,0
2025-01-24,17,M07,P04,L02,108,115,16,6
2025-01-24,17,M08,P05,L02,158,187,20,3
2025-01-24,17,M09,P03,L01,158,107,6,7
2025-01-24,17,M10,P01,L04,164,115,1,1
2025-01-24,18,M01,P05,L01,131,145,3,8
2025-01-24,18,M02,P03,L03,162,199,25,5
2025-01-24,18,M03,P05,L02,181,172,18,7
2025-01-24,18,M04,P04,L04,110,106,22,0
2025-01-24,18,M05,P04,L04,137,134,27,5
2025-01-24,18,M06,P03,L02,128,113,28,8
2025-01-24,18,M07,P05,L03,135,158,5,0
2025-01-24,18,M08,P04,L01,156,134,10,0
2025-01-24,18,M09,P04,L03,152,115,4,6
2025-01-24,18,M10,P01,L01,136,98,2,1
2025-01-24,19,M01,P01,L03,170,113,23,2
2025-01-24,19,M02,P02,L01,141,170,5,9
2025-01-24,19,M03,P03,L03,183,103,14,4
2025-01-24,19,M04,P02,L04,119,85,2,9
2025-01-24,19,M05,P01,L04,121,141,28,0
2025-01-24,19,M06,P04,L02,182,119,22,7
2025-01-24,19,M07,P02,L02,149,89,6,3
2025-01-24,19,M08,P03,L01,182,84,29,9
2025-01-24,19,M09,P02,L02,123,93,8,9
2025-01-24,19,M10,P05,L05,164,125,1,3
2025-01-24,20,M01,P03,L04,100,115,10,1
2025-01-24,20,M02,P05,L02,196,93,15,7
2025-01-24,20,M03,P02,L02,126,114,2,3
2025-01-24,20,M04,P01,L05,102,160,14,9
2025-01-24,20,M05,P04,L01,158,197,20,9
2025-01-24,20,M06,P01,L03,198,169,4,7
2025-01-24,20,M07,P03,L02,109,185,22,7
2025-01-24,20,M08,P01,L01,115,152,19,9
2025-01-24,20,M09,P01,L05,132,167,2,6
2025-01-24,20,M10,P05,L02,186,104,17,7
2025-01-24,21,M01,P02,L05,140,183,18,2
2025-01-24,21,M02,P04,L03,140,145,18,7
2025-01-24,21,M03,P05,L02,161,185,14,3
2025-01-24,21,M04,P01,L03,162,127,28,7
2025-01-24,21,M05,P01,L01,175,198,7,1
2025-01-24,21,M06,P03,L04,183,102,4,0
2025-01-24,21,M07,P02,L05,179,148,21,0
2025-01-24,21,M08,P03,L04,121,134,9,2
2025-01-24,21,M09,P05,L01,127,146,4,3
2025-01-24,21,M10,P01,L04,143,198,13,3
2025-01-24,22,M01,P03,L01,167,156,19,1
2025-01-24,22,M02,P03,L01,141,180,11,8
2025-01-24,22,M03,P04,L04,185,139,16,5
2025-01-24,22,M04,P05,L02,145,177,16,5
2025-01-24,22,M05,P02,L03,188,104,0,4
2025-01-24,22,M06,P03,L04,168,148,23,5
2025-01-24,22,M07,P03,L02,116,178,17,3
2025-01-24,22,M08,P01,L03,130,84,3,9
2025-01-24,22,M09,P04,L01,129,105,16,1
2025-01-24,22,M10,P01,L04,137,117,10,8
2025-01-24,23,M01,P04,L04,198,166,11,6
2025-01-24,23,M02,P02,L01,121,190,7,5
2025-01-24,23,M03,P04,L01,134,180,2,1
2025-01-24,23,M04,P04,L02,198,152,29,6
2025-01-24,23,M05,P04,L02,187,184,18,9
2025-01-24,23,M06,P01,L01,156,109,22,9
2025-01-24,23,M07,P05,L04,194,186,27,5
2025-01-24,23,M08,P03,L03,165,132,22,5
2025-01-24,23,M09,P03,L03,159,116,28,7
2025-01-24,23,M10,P05,L03,111,114,8,2
2025-01-24,24,M01,P01,L02,139,144,24,7
2025-01-24,24,M02,P05,L02,188,151,28,3
2025-01-24,24,M03,P05,L02,178,85,0,6
2025-01-24,24,M04,P05,L01,143,111,25,2
2025-01-24,24,M05,P04,L04,137,83,14,0
2025-01-24,24,M06,P02,L05,135,137,8,7
2025-01-24,24,M07,P04,L03,196,104,19,4
2025-01-24,24,M08,P04,L03,192,136,22,7
2025-01-24,24,M09,P03,L03,162,159,29,6
2025-01-24,24,M10,P01,L05,118,180,2,0
2025-01-25,1,M01,P02,L01,112,197,21,6
2025-01-25,1,M02,P03,L04,196,170,2,8
2025-01-25,1,M03,P05,L02,166,187,11,4
2025-01-25,1,M04,P03,L01,110,124,21,6
2025-01-25,1,M05,P03,L02,135,197,4,8
2025-01-25,1,M06,P04,L05,148,94,12,4
2025-01-25,1,M07,P01,L03,171,198,4,5
2025-01-25,1,M08,P01,L04,161,194,17,6
2025-01-25,1,M09,P02,L05,176,95,21,7
2025-01-25,1,M10,P03,L03,131,184,20,8
2025-01-25,2,M01,P01,L05,124,112,3,6
2025-01-25,2,M02,P04,L03,188,128,11,5
2025-01-25,2,M03,P02,L03,174,126,4,2
2025-01-25,2,M04,P02,L02,196,94,1,3
2025-01-25,2,M05,P05,L04,179,189,3,7
2025-01-25,2,M06,P04,L04,125,175,12,4
2025-01-25,2,M07,P02,L04,152,130,12,8
2025-01-25,2,M08,P05,L03,159,111,12,9
2025-01-25,2,M09,P05,L02,178,99,11,3
2025-01-25,2,M10,P05,L05,132,161,18,2
2025-01-25,3,M01,P01,L02,100,133,24,3
2025-01-25,3,M02,P03,L02,169,149,28,1
2025-01-25,3,M03,P01,L05,160,136,2,4
2025-01-25,3,M04,P05,L03,114,96,14,4
2025-01-25,3,M05,P04,L03,113,118,2,6
2025-01-25,3,M06,P02,L04,174,173,5,4
2025-01-25,3,M07,P05,L04,143,194,18,4
2025-01-25,3,M08,P05,L03,124,195,20,8
2025-01-25,3,M09,P05,L04,146,114,22,6
2025-01-25,3,M10,P04,L04,145,88,25,6
2025-01-25,4,M01,P05,L03,108,132,3,0
2025-01-25,4,M02,P03,L01,181,188,6,2
2025-01-25,4,M03,P05,L03,191,187,4,5
2025-01-25,4,M04,P02,L01,170,147,9,6
2025-01-25,4,M05,P05,L03,107,87,4,4
2025-01-25,4,M06,P02,L04,187,130,1,9
2025-01-25,4,M07,P05,L02,161,149,22,1
2025-01-25,4,M08,P02,L02,156,111,29,2
2025-01-25,4,M09,P02,L03,177,109,12,7
2025-01-25,4,M10,P05,L05,185,138,27,9
2025-01-25,5,M01,P05,L03,118,122,26,4
2025-01-25,5,M02,P01,L04,165,89,14,2
2025-01-25,5,M03,P05,L04,188,160,18,2
2025-01-25,5,M04,P05,L05,115,197,20,2
2025-01-25,5,M05,P03,L04,138,146,8,7
2025-01-25,5,M06,P02,L05,152,125,19,4
2025-01-25,5,M07,P02,L03,194,154,16,7
2025-01-25,5,M08,P04,L01,101,147,29,8
2025-01-25,5,M09,P01,L02,184,148,25,2
2025-01-25,5,M10,P02,L04,145,142,11,8
2025-01-25,6,M01,P04,L03,176,192,1,3
2025-01-25,6,M02,P05,L01,107,118,4,2
2025-01-25,6,M03,P05,L03,137,169,10,3
2025-01-25,6,M04,P04,L03,102,188,14,9
2025-01-25,6,M05,P03,L03,176,123,5,6
2025-01-25,6,M06,P03,L04,118,114,15,8
2025-01-25,6,M07,P03,L03,159,110,2,2
2025-01-25,6,M08,P03,L04,155,178,20,0
2025-01-25,6,M09,P05,L04,105,182,1,1
2025-01-25,6,M10,P02,L01,149,161,28,9
2025-01-25,7,M01,P03,L01,114,166,2,2
2025-01-25,7,M02,P01,L01,174,173,17,6
2025-01-25,7,M03,P04,L01,103,104,7,7
2025-01-25,7,M04,P03,L04,184,174,3,7
2025-01-25,7,M05,P02,L03,157,134,0,6
2025-01-25,7,M06,P04,L04,198,140,15,4
2025-01-25,7,M07,P04,L02,188,100,2,9
2025-01-25,7,M08,P02,L01,198,168,1,8
2025-01-25,7,M09,P01,L03,103,139,25,5
2025-01-25,7,M10,P03,L05,140,115,20,7
2025-01-25,8,M01,P03,L04,187,109,29,0
2025-01-25,8,M02,P03,L05,146,187,25,7
2025-01-25,8,M03,P01,L05,164,187,5,0
2025-01-25,8,M04,P05,L03,137,192,12,8
2025-01-25,8,M05,P02,L02,152,174,25,1
2025-01-25,8,M06,P01,L03,181,164,26,9
2025-01-25,8,M07,P01,L05,179,150,21,6
2025-01-25,8,M08,P05,L02,113,151,28,6
2025-01-25,8,M09,P04,L05,180,159,0,6
2025-01-25,8,M10,P04,L03,195,196,2,5
2025-01-25,9,M01,P01,L03,168,107,14,0
2025-01-25,9,M02,P02,L03,130,138,7,1
2025-01-25,9,M03,P04,L01,184,126,9,6
2025-01-25,9,M04,P01,L05,188,133,21,8
2025-01-25,9,M05,P02,L04,110,142,21,5
2025-01-25,9,M06,P05,L01,184,115,25,3
2025-01-25,9,M07,P05,L04,149,169,7,1
2025-01-25,9,M08,P02,L01,112,94,8,7
2025-01-25,9,M09,P02,L04,187,146,25,3
2025-01-25,9,M10,P05,L05,151,90,7,8
2025-01-25,10,M01,P02,L01,163,131,0,5
2025-01-25,10,M02,P05,L04,192,134,11,5
2025-01-25,10,M03,P05,L03,198,104,17,5
2025-01-25,10,M04,P02,L01,170,196,17,1
2025-01-25,10,M05,P02,L04,101,139,12,7
2025-01-25,10,M06,P03,L02,186,151,20,0
2025-01-25,10,M07,P04,L01,174,127,29,3
2025-01-25,10,M08,P05,L02,102,171,3,8
2025-01-25,10,M09,P04,L02,123,112,2,3
2025-01-25,10,M10,P02,L01,115,132,5,7
2025-01-25,11,M01,P04,L03,195,168,27,4
2025-01-25,11,M02,P04,L04,108,119,20,2
2025-01-25,11,M03,P05,L01,167,153,25,7
2025-01-25,11,M04,P04,L03,108,111,2,3
2025-01-25,11,M05,P02,L01,101,145,17,4
2025-01-25,11,M06,P03,L03,158,117,0,8
2025-01-25,11,M07,P02,L03,199,93,1,5
2025-01-25,11,M08,P03,L05,128,178,20,3
2025-01-25,11,M09,P02,L05,158,192,20,0
2025-01-25,11,M10,P03,L03,107,104,16,3
2025-01-25,12,M01,P05,L05,138,186,9,7
2025-01-25,12,M02,P03,L02,119,160,10,4
2025-01-25,12,M03,P02,L02,151,116,19,8
2025-01-25,12,M04,P03,L03,194,185,6,1
2025-01-25,12,M05,P04,L01,193,197,29,8
2025-01-25,12,M06,P03,L03,151,166,16,0
2025-01-25,12,M07,P04,L01,176,117,2,9
2025-01-25,12,M08,P03,L05,177,143,15,3
2025-01-25,12,M09,P05,L05,126,138,0,8
2025-01-25,12,M10,P02,L05,174,152,27,6
2025-01-25,13,M01,P03,L05,147,182,26,0
2025-01-25,13,M02,P03,L02,111,133,18,5
2025-01-25,13,M03,P02,L03,108,166,29,3
2025-01-25,13,M04,P01,L03,182,151,21,3
2025-01-25,13,M05,P03,L05,181,108,18,5
2025-01-25,13,M06,P02,L05,142,199,4,7
2025-01-25,13,M07,P05,L03,157,188,5,4
2025-01-25,13,M08,P02,L02,141,95,21,6
2025-01-25,13,M09,P03,L03,111,102,14,9
2025-01-25,13,M10,P02,L04,156,143,13,8
2025-01-25,14,M01,P03,L02,110,90,20,8
2025-01-25,14,M02,P03,L02,131,129,25,7
2025-01-25,14,M03,P01,L04,198,149,20,4
2025-01-25,14,M04,P01,L02,180,178,26,1
2025-01-25,14,M05,P02,L02,199,144,9,8
2025-01-25,14,M06,P05,L05,140,125,20,7
2025-01-25,14,M07,P01,L03,183,87,2,0
2025-01-25,14,M08,P04,L03,188,168,17,3
2025-01-25,14,M09,P03,L02,147,146,24,6
2025-01-25,14,M10,P01,L01,158,96,10,3
2025-01-25,15,M01,P05,L04,107,121,16,5
2025-01-25,15,M02,P02,L01,171,111,14,1
2025-01-25,15,M03,P02,L05,126,176,1,9
2025-01-25,15,M04,P04,L03,123,130,20,1
2025-01-25,15,M05,P04,L04,115,155,21,2
2025-01-25,15,M06,P03,L03,127,185,28,4
2025-01-25,15,M07,P01,L02,130,94,14,9
2025-01-25,15,M08,P02,L03,149,165,27,4
2025-01-25,15,M09,P03,L05,178,198,26,3
2025-01-25,15,M10,P01,L03,127,141,21,3
2025-01-25,16,M01,P02,L02,172,142,29,3
2025-01-25,16,M02,P02,L04,162,148,12,5
2025-01-25,16,M03,P03,L02,111,174,14,8
2025-01-25,16,M04,P03,L05,183,191,22,7
2025-01-25,16,M05,P04,L04,117,137,7,0
2025-01-25,16,M06,P03,L01,125,147,9,3
2025-01-25,16,M07,P04,L02,115,121,4,2
2025-01-25,16,M08,P03,L04,100,177,10,6
2025-01-25,16,M09,P04,L01,176,188,1,9
2025-01-25,16,M10,P05,L01,128,109,1,3
2025-01-25,17,M01,P05,L01,110,165,23,0
2025-01-25,17,M02,P03,L03,131,140,24,7
2025-01-25,17,M03,P03,L04,113,121,24,6
2025-01-25,17,M04,P01,L02,100,188,18,9
2025-01-25,17,M05,P04,L02,177,190,13,7
2025-01-25,17,M06,P05,L05,153,92,27,4
2025-01-25,17,M07,P05,L05,176,111,15,9
2025-01-25,17,M08,P02,L03,144,128,0,3
2025-01-25,17,M09,P04,L02,157,170,29,9
2025-01-25,17,M10,P05,L04,191,113,16,6
2025-01-25,18,M01,P03,L02,193,101,4,4
2025-01-25,18,M02,P02,L04,108,122,3,9
2025-01-25,18,M03,P02,L01,140,143,22,9
2025-01-25,18,M04,P04,L02,189,145,11,3
2025-01-25,18,M05,P05,L05,103,190,2,5
2025-01-25,18,M06,P04,L01,184,87,25,3
2025-01-25,18,M07,P05,L04,120,106,5,4
2025-01-25,18,M08,P05,L05,107,165,17,3
2025-01-25,18,M09,P05,L04,114,117,26,4
2025-01-25,18,M10,P04,L03,174,98,24,2
2025-01-25,19,M01,P02,L03,191,84,15,8
2025-01-25,19,M02,P02,L03,173,167,29,6
2025-01-25,19,M03,P03,L04,141,152,11,7
2025-01-25,19,M04,P05,L03,169,138,5,4
2025-01-25,19,M05,P01,L03,167,165,4,0
2025-01-25,19,M06,P01,L02,172,88,20,7
2025-01-25,19,M07,P04,L02,180,156,28,3
2025-01-25,19,M08,P02,L03,117,197,8,2
2025-01-25,19,M09,P01,L02,160,184,26,3
2025-01-25,19,M10,P01,L02,152,85,6,8
2025-01-25,20,M01,P02,L02,158,181,5,2
2025-01-25,20,M02,P01,L05,100,159,5,6
2025-01-25,20,M03,P04,L03,109,95,14,7
2025-01-25,20,M04,P01,L03,125,86,14,2
2025-01-25,20,M05,P01,L01,113,167,21,2
2025-01-25,20,M06,P03,L01,116,128,2,2
2025-01-25,20,M07,P01,L02,199,119,25,1
2025-01-25,20,M08,P04,L01,149,160,0,3
2025-01-25,20,M09,P03,L01,193,80,18,1
2025-01-25,20,M10,P01,L03,152,179,0,5
2025-01-25,21,M01,P04,L03,100,93,29,4
2025-01-25,21,M02,P05,L02,133,181,25,8
2025-01-25,21,M03,P03,L02,141,161,19,8
2025-01-25,21,M04,P03,L01,132,128,3,3
2025-01-25,21,M05,P04,L03,115,126,25,5
2025-01-25,21,M06,P02,L05,106,121,29,9
2025-01-25,21,M07,P02,L01,139,195,14,4
2025-01-25,21,M08,P02,L05,104,168,3,9
2025-01-25,21,M09,P05,L03,109,133,5,4
2025-01-25,21,M10,P01,L03,114,145,25,2
2025-01-25,22,M01,P04,L01,149,85,14,0
2025-01-25,22,M02,P01,L02,163,155,21,9
2025-01-25,22,M03,P02,L05,195,107,21,0
2025-01-25,22,M04,P03,L01,188,182,29,2
2025-01-25,22,M05,P02,L01,110,179,25,7
2025-01-25,22,M06,P02,L04,112,115,9,7
2025-01-25,22,M07,P03,L04,175,101,27,1
2025-01-25,22,M08,P05,L04,196,82,29,1
2025-01-25,22,M09,P04,L04,107,82,29,8
2025-01-25,22,M10,P05,L05,193,177,24,0
2025-01-25,23,M01,P04,L03,196,141,3,2
2025-01-25,23,M02,P02,L02,127,103,6,3
2025-01-25,23,M03,P03,L01,101,86,24,4
2025-01-25,23,M04,P04,L01,192,103,0,1
2025-01-25,23,M05,P03,L05,170,168,13,3
2025-01-25,23,M06,P03,L04,149,167,14,7
2025-01-25,23,M07,P04,L03,150,96,28,5
2025-01-25,23,M08,P04,L05,195,153,27,1
2025-01-25,23,M09,P04,L05,187,142,4,5
2025-01-25,23,M10,P02,L05,177,159,4,2
2025-01-25,24,M01,P03,L02,151,197,17,6
2025-01-25,24,M02,P04,L05,157,156,20,4
2025-01-25,24,M03,P05,L05,190,108,14,9
2025-01-25,24,M04,P03,L01,111,102,4,9
2025-01-25,24,M05,P05,L02,162,131,9,5
2025-01-25,24,M06,P04,L03,194,151,20,6
2025-01-25,24,M07,P04,L04,194,184,15,4
2025-01-25,24,M08,P05,L03,124,156,28,7
2025-01-25,24,M09,P05,L01,162,108,25,1
2025-01-25,24,M10,P04,L01,198,120,17,8
2025-01-26,1,M01,P02,L03,190,106,17,9
2025-01-26,1,M02,P05,L03,106,161,15,0
2025-01-26,1,M03,P01,L01,143,175,18,2
2025-01-26,1,M04,P04,L02,134,193,28,5
2025-01-26,1,M05,P05,L03,144,106,4,9
2025-01-26,1,M06,P03,L03,116,197,2,0
2025-01-26,1,M07,P05,L05,147,136,10,0
2025-01-26,1,M08,P05,L05,114,161,15,0
2025-01-26,1,M09,P03,L03,147,199,25,2
2025-01-26,1,M10,P01,L01,160,165,28,9
2025-01-26,2,M01,P02,L02,108,119,28,6
2025-01-26,2,M02,P04,L02,157,134,13,5
2025-01-26,2,M03,P05,L01,176,116,27,5
2025-01-26,2,M04,P01,L02,184,186,25,9
2025-01-26,2,M05,P02,L05,157,93,8,6
2025-01-26,2,M06,P02,L02,115,151,15,2
2025-01-26,2,M07,P01,L01,178,168,6,9
2025-01-26,2,M08,P02,L04,120,95,14,2
2025-01-26,2,M09,P05,L01,163,140,11,8
2025-01-26,2,M10,P01,L02,107,138,24,4
2025-01-26,3,M01,P02,L05,141,117,6,2
2025-01-26,3,M02,P04,L01,131,190,16,7
2025-01-26,3,M03,P03,L02,169,128,22,6
2025-01-26,3,M04,P05,L01,115,96,0,5
2025-01-26,3,M05,P02,L01,136,103,26,3
2025-01-26,3,M06,P02,L05,136,114,5,4
2025-01-26,3,M07,P02,L02,193,83,10,3
2025-01-26,3,M08,P02,L01,111,161,5,1
2025-01-26,3,M09,P02,L01,153,167,5,2
2025-01-26,3,M10,P04,L05,180,196,9,4
2025-01-26,4,M01,P02,L04,193,195,16,4
2025-01-26,4,M02,P04,L05,189,123,11,6
2025-01-26,4,M03,P02,L05,150,159,1,3
2025-01-26,4,M04,P02,L01,104,112,10,2
2025-01-26,4,M05,P03,L01,100,179,8,6
2025-01-26,4,M06,P05,L05,110,189,21,0
2025-01-26,4,M07,P05,L04,154,132,20,2
2025-01-26,4,M08,P02,L05,158,128,1,6
2025-01-26,4,M09,P04,L03,157,167,29,1
2025-01-26,4,M10,P05,L05,153,192,13,0
2025-01-26,5,M01,P05,L01,194,174,29,3
2025-01-26,5,M02,P03,L01,119,122,15,4
2025-01-26,5,M03,P04,L02,193,148,9,7
2025-01-26,5,M04,P05,L05,138,141,15,5
2025-01-26,5,M05,P03,L02,141,137,10,5
2025-01-26,5,M06,P01,L02,177,190,6,6
2025-01-26,5,M07,P01,L03,115,112,8,8
2025-01-26,5,M08,P03,L04,173,130,14,7
2025-01-26,5,M09,P01,L01,159,194,12,5
2025-01-26,5,M10,P01,L04,106,160,15,1
2025-01-26,6,M01,P01,L01,103,105,13,7
2025-01-26,6,M02,P05,L05,104,170,4,2
2025-01-26,6,M03,P05,L01,183,149,17,1
2025-01-26,6,M04,P02,L01,173,112,8,0
2025-01-26,6,M05,P01,L04,132,152,13,7
2025-01-26,6,M06,P05,L05,103,139,15,9
2025-01-26,6,M07,P04,L05,167,189,25,7
2025-01-26,6,M08,P03,L01,178,103,18,1
2025-01-26,6,M09,P01,L02,135,180,1,8
2025-01-26,6,M10,P04,L03,169,137,26,9
2025-01-26,7,M01,P05,L05,193,195,10,4
2025-01-26,7,M02,P04,L01,125,117,18,2
2025-01-26,7,M03,P05,L01,153,103,10,8
2025-01-26,7,M04,P02,L01,156,131,10,6
2025-01-26,7,M05,P01,L01,143,169,24,3
2025-01-26,7,M06,P03,L04,149,108,11,7
2025-01-26,7,M07,P05,L03,115,119,26,5
2025-01-26,7,M08,P01,L02,109,117,7,1
2025-01-26,7,M09,P02,L01,165,123,19,9
2025-01-26,7,M10,P01,L01,188,168,23,5
2025-01-26,8,M01,P02,L03,194,97,10,0
2025-01-26,8,M02,P05,L05,155,98,22,4
2025-01-26,8,M03,P02,L04,128,103,5,5
2025-01-26,8,M04,P02,L04,147,139,9,9
2025-01-26,8,M05,P03,L05,176,135,6,0
2025-01-26,8,M06,P01,L04,133,100,24,8
2025-01-26,8,M07,P02,L01,129,169,5,5
2025-01-26,8,M08,P01,L02,199,156,28,9
2025-01-26,8,M09,P04,L01,190,174,9,2
2025-01-26,8,M10,P05,L05,106,111,19,3
2025-01-26,9,M01,P05,L05,132,197,3,9
2025-01-26,9,M02,P05,L02,130,110,26,8
2025-01-26,9,M03,P01,L04,130,186,24,4
2025-01-26,9,M04,P05,L02,143,138,22,2
2025-01-26,9,M05,P04,L04,141,184,9,0
2025-01-26,9,M06,P03,L04,152,119,25,6
2025-01-26,9,M07,P01,L04,121,194,19,7
2025-01-26,9,M08,P05,L04,162,96,5,1
2025-01-26,9,M09,P05,L01,112,191,20,8
2025-01-26,9,M10,P02,L04,125,156,18,0
2025-01-26,10,M01,P05,L04,174,148,23,7
2025-01-26,10,M02,P02,L03,182,105,25,0
2025-01-26,10,M03,P04,L03,183,102,24,4
2025-01-26,10,M04,P01,L04,101,153,1,8
2025-01-26,10,M05,P02,L02,164,111,4,0
2025-01-26,10,M06,P03,L01,181,173,12,5
2025-01-26,10,M07,P05,L03,141,157,7,9
2025-01-26,10,M08,P04,L02,110,199,0,9
2025-01-26,10,M09,P03,L02,160,156,27,3
2025-01-26,10,M10,P02,L05,111,189,26,2
2025-01-26,11,M01,P02,L04,127,194,10,4
2025-01-26,11,M02,P05,L02,194,93,6,5
2025-01-26,11,M03,P04,L01,192,117,25,7
2025-01-26,11,M04,P04,L04,139,87,27,3
2025-01-26,11,M05,P01,L02,134,152,18,6
2025-01-26,11,M06,P05,L04,146,162,1,7
2025-01-26,11,M07,P01,L05,195,171,23,9
2025-01-26,11,M08,P05,L04,192,177,18,5
2025-01-26,11,M09,P02,L01,173,87,13,5
2025-01-26,11,M10,P05,L05,195,146,27,3
2025-01-26,12,M01,P05,L05,186,162,15,3
2025-01-26,12,M02,P02,L03,153,150,19,4
2025-01-26,12,M03,P02,L01,129,176,10,2
2025-01-26,12,M04,P05,L03,166,126,16,1
2025-01-26,12,M05,P02,L05,166,99,13,2
2025-01-26,12,M06,P04,L05,123,136,22,8
2025-01-26,12,M07,P04,L01,157,143,27,2
2025-01-26,12,M08,P05,L01,178,197,17,6
2025-01-26,12,M09,P03,L05,168,169,1,0
2025-01-26,12,M10,P01,L05,188,182,29,8
2025-01-26,13,M01,P03,L04,190,195,14,6
2025-01-26,13,M02,P05,L02,152,104,28,2
2025-01-26,13,M03,P02,L04,152,193,17,3
2025-01-26,13,M04,P04,L04,130,166,13,0
2025-01-26,13,M05,P03,L03,160,120,17,4
2025-01-26,13,M06,P03,L02,141,159,3,3
2025-01-26,13,M07,P04,L03,124,124,18,1
2025-01-26,13,M08,P05,L03,136,135,29,6
2025-01-26,13,M09,P04,L04,192,131,14,9
2025-01-26,13,M10,P01,L03,171,190,22,0
2025-01-26,14,M01,P01,L02,180,120,0,7
2025-01-26,14,M02,P03,L05,127,117,16,1
2025-01-26,14,M03,P05,L02,126,104,4,2
2025-01-26,14,M04,P05,L03,153,86,25,9
2025-01-26,14,M05,P03,L03,190,147,9,3
2025-01-26,14,M06,P04,L02,151,163,14,7
2025-01-26,14,M07,P01,L03,140,160,26,8
2025-01-26,14,M08,P01,L01,131,115,15,8
2025-01-26,14,M09,P02,L03,190,170,8,0
2025-01-26,14,M10,P02,L05,184,80,0,2
2025-01-26,15,M01,P01,L01,103,131,18,4
2025-01-26,15,M02,P04,L05,147,166,5,3
2025-01-26,15,M03,P05,L02,191,88,6,1
2025-01-26,15,M04,P02,L02,176,117,26,6
2025-01-26,15,M05,P04,L01,161,153,15,1
2025-01-26,15,M06,P01,L04,149,86,22,7
2025-01-26,15,M07,P05,L05,134,144,3,2
2025-01-26,15,M08,P02,L02,106,123,7,1
2025-01-26,15,M09,P04,L03,137,92,21,9
2025-01-26,15,M10,P01,L04,112,104,23,3
2025-01-26,16,M01,P04,L02,104,97,28,4
2025-01-26,16,M02,P03,L01,111,131,24,7
2025-01-26,16,M03,P01,L04,111,179,4,8
2025-01-26,16,M04,P03,L04,116,112,24,7
2025-01-26,16,M05,P01,L05,192,94,26,1
2025-01-26,16,M06,P04,L05,181,164,15,7
2025-01-26,16,M07,P02,L04,121,197,20,5
2025-01-26,16,M08,P05,L03,100,101,20,7
2025-01-26,16,M09,P05,L01,111,169,3,2
2025-01-26,16,M10,P04,L02,132,198,20,3
2025-01-26,17,M01,P02,L01,171,163,9,9
2025-01-26,17,M02,P01,L04,158,126,23,0
2025-01-26,17,M03,P04,L05,134,198,18,7
2025-01-26,17,M04,P03,L05,152,180,23,8
2025-01-26,17,M05,P03,L02,117,90,18,8
2025-01-26,17,M06,P03,L03,156,172,21,7
2025-01-26,17,M07,P03,L02,172,114,22,8
2025-01-26,17,M08,P04,L02,120,135,15,3
2025-01-26,17,M09,P03,L01,144,142,25,7
2025-01-26,17,M10,P03,L05,187,135,11,0
2025-01-26,18,M01,P05,L04,129,128,18,2
2025-01-26,18,M02,P04,L05,174,142,6,2
2025-01-26,18,M03,P01,L03,139,191,20,2
2025-01-26,18,M04,P05,L03,196,101,13,8
2025-01-26,18,M05,P03,L04,176,167,5,4
2025-01-26,18,M06,P01,L04,171,180,14,6
2025-01-26,18,M07,P03,L01,106,122,27,1
2025-01-26,18,M08,P04,L02,102,80,23,6
2025-01-26,18,M09,P01,L04,117,147,2,7
2025-01-26,18,M10,P05,L04,177,93,4,4
2025-01-26,19,M01,P04,L03,103,129,5,4
2025-01-26,19,M02,P04,L03,134,178,19,1
2025-01-26,19,M03,P02,L04,117,173,9,7
2025-01-26,19,M04,P05,L02,192,182,26,3
2025-01-26,19,M05,P05,L02,159,189,9,3
2025-01-26,19,M06,P02,L01,195,107,9,9
2025-01-26,19,M07,P04,L01,178,186,28,6
2025-01-26,19,M08,P02,L02,195,81,25,8
2025-01-26,19,M09,P05,L03,119,112,16,3
2025-01-26,19,M10,P05,L02,103,111,18,2
2025-01-26,20,M01,P05,L04,137,197,5,7
2025-01-26,20,M02,P01,L01,168,162,10,9
2025-01-26,20,M03,P02,L03,101,107,8,4
2025-01-26,20,M04,P01,L05,169,186,26,4
2025-01-26,20,M05,P05,L04,131,199,17,0
2025-01-26,20,M06,P04,L03,192,137,2,6
2025-01-26,20,M07,P04,L03,135,123,11,9
2025-01-26,20,M08,P03,L04,142,126,5,1
2025-01-26,20,M09,P01,L03,110,159,12,5
2025-01-26,20,M10,P02,L04,124,176,19,9
2025-01-26,21,M01,P03,L02,100,142,0,0
2025-01-26,21,M02,P02,L05,174,132,1,3
2025-01-26,21,M03,P03,L01,165,191,19,8
2025-01-26,21,M04,P04,L04,167,172,23,3
2025-01-26,21,M05,P04,L02,119,129,24,7
2025-01-26,21,M06,P04,L01,164,178,22,0
2025-01-26,21,M07,P01,L03,152,155,10,8
2025-01-26,21,M08,P01,L04,116,91,26,2
2025-01-26,21,M09,P03,L04,109,160,27,5
2025-01-26,21,M10,P04,L05,119,192,4,8
2025-01-26,22,M01,P04,L03,147,86,13,6
2025-01-26,22,M02,P04,L02,137,182,18,7
2025-01-26,22,M03,P01,L01,189,194,21,6
2025-01-26,22,M04,P04,L02,184,142,5,0
2025-01-26,22,M05,P01,L02,196,136,10,2
2025-01-26,22,M06,P03,L02,104,174,19,3
2025-01-26,22,M07,P05,L02,134,92,16,4
2025-01-26,22,M08,P02,L03,196,83,26,1
2025-01-26,22,M09,P05,L03,130,137,27,8
2025-01-26,22,M10,P02,L05,148,190,1,5
2025-01-26,23,M01,P02,L05,127,86,1,7
2025-01-26,23,M02,P02,L05,156,126,21,6
2025-01-26,23,M03,P04,L03,108,98,1,6
2025-01-26,23,M04,P01,L03,177,144,24,5
2025-01-26,23,M05,P02,L04,162,170,16,1
2025-01-26,23,M06,P02,L05,179,83,1,6
2025-01-26,23,M07,P01,L05,197,101,13,3
2025-01-26,23,M08,P05,L02,133,123,5,7
2025-01-26,23,M09,P01,L05,152,80,14,5
2025-01-26,23,M10,P01,L05,150,167,18,6
2025-01-26,24,M01,P05,L05,143,172,0,3
2025-01-26,24,M02,P03,L05,178,168,15,7
2025-01-26,24,M03,P02,L03,174,120,0,8
2025-01-26,24,M04,P04,L04,101,186,20,1
2025-01-26,24,M05,P05,L05,149,93,20,9
2025-01-26,24,M06,P02,L05,121,149,11,1
2025-01-26,24,M07,P05,L05,199,150,15,0
2025-01-26,24,M08,P03,L01,175,122,5,6
2025-01-26,24,M09,P05,L04,130,155,9,7
2025-01-26,24,M10,P04,L03,106,125,3,0
2025-01-27,1,M01,P05,L03,160,151,7,4
2025-01-27,1,M02,P03,L05,194,115,26,6
2025-01-27,1,M03,P04,L04,175,193,2,9
2025-01-27,1,M04,P04,L03,182,124,29,3
2025-01-27,1,M05,P01,L02,105,87,27,7
2025-01-27,1,M06,P03,L05,133,86,7,9
2025-01-27,1,M07,P05,L05,164,120,26,9
2025-01-27,1,M08,P02,L04,192,90,4,1
2025-01-27,1,M09,P04,L03,127,116,2,4
2025-01-27,1,M10,P03,L01,131,127,28,1
2025-01-27,2,M01,P03,L02,174,195,28,9
2025-01-27,2,M02,P02,L02,160,178,14,8
2025-01-27,2,M03,P03,L05,159,186,18,6
2025-01-27,2,M04,P03,L03,112,138,21,7
2025-01-27,2,M05,P03,L05,110,188,2,5
2025-01-27,2,M06,P03,L02,175,140,13,4
2025-01-27,2,M07,P02,L01,162,89,2,1
2025-01-27,2,M08,P05,L03,161,103,13,6
2025-01-27,2,M09,P01,L04,162,83,15,2
2025-01-27,2,M10,P05,L02,190,127,0,4
2025-01-27,3,M01,P05,L05,102,96,18,4
2025-01-27,3,M02,P02,L05,143,167,10,0
2025-01-27,3,M03,P03,L05,167,194,23,3
2025-01-27,3,M04,P02,L03,166,182,21,9
2025-01-27,3,M05,P05,L04,187,144,18,1
2025-01-27,3,M06,P04,L02,158,155,16,4
2025-01-27,3,M07,P03,L05,127,168,11,5
2025-01-27,3,M08,P02,L02,137,93,1,9
2025-01-27,3,M09,P05,L02,193,98,9,8
2025-01-27,3,M10,P03,L02,130,155,14,5
2025-01-27,4,M01,P05,L05,137,183,13,2
2025-01-27,4,M02,P01,L02,117,121,16,4
2025-01-27,4,M03,P04,L02,135,186,26,6
2025-01-27,4,M04,P01,L01,141,100,3,8
2025-01-27,4,M05,P04,L03,129,136,0,6
2025-01-27,4,M06,P01,L02,152,95,16,7
2025-01-27,4,M07,P02,L05,176,173,27,6
2025-01-27,4,M08,P03,L01,134,148,9,4
2025-01-27,4,M09,P05,L05,103,109,19,4
2025-01-27,4,M10,P01,L02,129,187,15,5
2025-01-27,5,M01,P04,L01,193,163,27,6
2025-01-27,5,M02,P04,L05,191,134,2,0
2025-01-27,5,M03,P02,L01,141,177,12,2
2025-01-27,5,M04,P02,L05,193,187,25,2
2025-01-27,5,M05,P05,L04,169,82,28,8
2025-01-27,5,M06,P02,L02,126,194,21,9
2025-01-27,5,M07,P01,L04,148,162,23,3
2025-01-27,5,M08,P01,L03,155,89,21,0
2025-01-27,5,M09,P02,L04,173,117,16,9
2025-01-27,5,M10,P03,L02,197,83,17,4
2025-01-27,6,M01,P04,L04,163,177,17,7
2025-01-27,6,M02,P05,L05,124,84,6,8
2025-01-27,6,M03,P02,L01,157,104,8,9
2025-01-27,6,M04,P04,L04,175,123,25,2
2025-01-27,6,M05,P05,L05,152,140,17,9
2025-01-27,6,M06,P02,L03,138,144,2,4
2025-01-27,6,M07,P04,L03,182,101,27,5
2025-01-27,6,M08,P01,L04,174,165,14,8
2025-01-27,6,M09,P03,L05,173,113,21,3
2025-01-27,6,M10,P05,L02,145,158,18,5
2025-01-27,7,M01,P04,L03,175,147,20,5
2025-01-27,7,M02,P01,L03,135,137,14,0
2025-01-27,7,M03,P04,L01,125,183,11,6
2025-01-27,7,M04,P02,L04,196,184,6,9
2025-01-27,7,M05,P05,L01,178,180,4,4
2025-01-27,7,M06,P03,L03,168,179,14,4
2025-01-27,7,M07,P03,L05,168,91,19,4
2025-01-27,7,M08,P05,L04,147,182,2,5
2025-01-27,7,M09,P03,L01,135,131,21,5
2025-01-27,7,M10,P01,L03,102,167,7,5
2025-01-27,8,M01,P01,L02,102,97,15,4
2025-01-27,8,M02,P05,L01,125,131,15,5
2025-01-27,8,M03,P05,L04,140,132,12,7
2025-01-27,8,M04,P05,L04,117,98,18,2
2025-01-27,8,M05,P04,L04,118,159,16,5
2025-01-27,8,M06,P05,L03,147,98,14,2
2025-01-27,8,M07,P04,L01,147,99,4,2
2025-01-27,8,M08,P05,L02,175,128,14,3
2025-01-27,8,M09,P03,L01,174,134,22,3
2025-01-27,8,M10,P02,L05,106,92,21,3
2025-01-27,9,M01,P02,L04,109,193,27,3
2025-01-27,9,M02,P04,L05,126,113,3,4
2025-01-27,9,M03,P05,L01,132,133,4,3
2025-01-27,9,M04,P04,L01,129,102,14,3
2025-01-27,9,M05,P02,L03,189,96,10,3
2025-01-27,9,M06,P05,L05,153,88,16,0
2025-01-27,9,M07,P05,L03,121,151,2,5
2025-01-27,9,M08,P04,L03,190,175,3,1
2025-01-27,9,M09,P01,L04,194,121,14,7
2025-01-27,9,M10,P02,L03,176,131,19,0
2025-01-27,10,M01,P02,L01,139,166,5,2
2025-01-27,10,M02,P02,L04,122,177,29,9
2025-01-27,10,M03,P04,L01,155,112,24,5
2025-01-27,10,M04,P05,L02,152,180,22,6
2025-01-27,10,M05,P03,L02,175,89,1,7
2025-01-27,10,M06,P05,L01,161,161,26,6
2025-01-27,10,M07,P03,L04,173,89,24,8
2025-01-27,10,M08,P05,L03,113,156,18,8
2025-01-27,10,M09,P02,L05,178,171,7,0
2025-01-27,10,M10,P04,L03,191,193,13,0
2025-01-27,11,M01,P01,L04,117,194,3,5
2025-01-27,11,M02,P04,L01,132,109,4,4
2025-01-27,11,M03,P05,L01,173,148,7,0
2025-01-27,11,M04,P01,L05,194,86,29,6
2025-01-27,11,M05,P02,L05,187,157,22,8
2025-01-27,11,M06,P02,L03,131,195,3,0
2025-01-27,11,M07,P01,L02,145,144,16,9
2025-01-27,11,M08,P05,L03,132,107,18,9
2025-01-27,11,M09,P05,L02,110,184,20,5
2025-01-27,11,M10,P03,L02,171,119,13,0
2025-01-27,12,M01,P03,L02,123,171,17,3
2025-01-27,12,M02,P05,L02,122,180,28,8
2025-01-27,12,M03,P03,L05,171,161,2,5
2025-01-27,12,M04,P02,L03,155,194,6,7
2025-01-27,12,M05,P04,L02,192,149,15,8
2025-01-27,12,M06,P02,L03,168,127,6,2
2025-01-27,12,M07,P04,L05,110,198,17,6
2025-01-27,12,M08,P02,L04,166,148,22,5
2025-01-27,12,M09,P03,L04,132,158,20,0
2025-01-27,12,M10,P05,L04,114,163,18,0
2025-01-27,13,M01,P03,L04,171,184,11,4
2025-01-27,13,M02,P01,L01,129,150,21,3
2025-01-27,13,M03,P03,L05,188,189,2,0
2025-01-27,13,M04,P03,L02,192,158,29,6
2025-01-27,13,M05,P05,L05,170,165,11,7
2025-01-27,13,M06,P02,L01,127,161,16,6
2025-01-27,13,M07,P04,L03,194,85,11,6
2025-01-27,13,M08,P04,L05,134,146,9,7
2025-01-27,13,M09,P05,L04,162,162,7,1
2025-01-27,13,M10,P05,L05,104,194,24,0
2025-01-27,14,M01,P04,L03,125,103,6,7
2025-01-27,14,M02,P02,L03,151,154,21,6
2025-01-27,14,M03,P04,L03,121,96,10,6
2025-01-27,14,M04,P03,L05,148,186,28,9
2025-01-27,14,M05,P03,L03,142,115,1,6
2025-01-27,14,M06,P04,L05,177,180,16,9
2025-01-27,14,M07,P04,L05,146,102,18,9
2025-01-27,14,M08,P05,L02,175,175,25,6
2025-01-27,14,M09,P02,L01,198,99,4,3
2025-01-27,14,M10,P03,L02,100,142,6,9
2025-01-27,15,M01,P02,L02,150,199,23,9
2025-01-27,15,M02,P02,L02,131,121,26,7
2025-01-27,15,M03,P01,L02,169,106,7,0
2025-01-27,15,M04,P01,L03,125,136,6,7
2025-01-27,15,M05,P03,L01,125,138,17,5
2025-01-27,15,M06,P04,L05,146,181,27,2
2025-01-27,15,M07,P01,L02,123,109,19,5
2025-01-27,15,M08,P03,L03,107,194,17,6
2025-01-27,15,M09,P05,L03,188,158,18,7
2025-01-27,15,M10,P01,L02,143,162,10,1
2025-01-27,16,M01,P05,L05,175,158,22,4
2025-01-27,16,M02,P04,L02,158,148,1,9
2025-01-27,16,M03,P02,L03,103,147,7,5
2025-01-27,16,M04,P03,L01,146,193,20,5
2025-01-27,16,M05,P03,L04,106,102,19,0
2025-01-27,16,M06,P02,L03,128,140,11,2
2025-01-27,16,M07,P03,L05,111,96,4,1
2025-01-27,16,M08,P01,L04,121,89,28,1
2025-01-27,16,M09,P01,L05,194,137,8,3
2025-01-27,16,M10,P01,L05,190,109,8,8
2025-01-27,17,M01,P05,L05,125,149,15,0
2025-01-27,17,M02,P05,L01,170,186,14,7
2025-01-27,17,M03,P03,L05,137,198,28,3
2025-01-27,17,M04,P03,L01,167,138,9,1
2025-01-27,17,M05,P04,L01,151,153,0,1
2025-01-27,17,M06,P03,L04,122,187,24,4
2025-01-27,17,M07,P05,L04,117,108,11,6
2025-01-27,17,M08,P04,L04,106,167,8,9
2025-01-27,17,M09,P03,L05,120,179,10,2
2025-01-27,17,M10,P05,L05,152,166,17,8
2025-01-27,18,M01,P05,L01,112,116,29,9
2025-01-27,18,M02,P01,L04,164,97,25,4
2025-01-27,18,M03,P04,L05,116,185,27,8
2025-01-27,18,M04,P04,L04,114,156,27,4
2025-01-27,18,M05,P01,L01,155,164,29,3
2025-01-27,18,M06,P04,L01,154,197,26,2
2025-01-27,18,M07,P03,L02,100,157,12,4
2025-01-27,18,M08,P02,L04,123,83,26,4
2025-01-27,18,M09,P05,L03,120,180,5,6
2025-01-27,18,M10,P03,L01,170,117,11,9
2025-01-27,19,M01,P03,L04,189,187,1,8
2025-01-27,19,M02,P03,L02,147,84,26,2
2025-01-27,19,M03,P03,L05,148,139,10,4
2025-01-27,19,M04,P03,L03,181,138,8,9
2025-01-27,19,M05,P04,L03,140,184,14,0
2025-01-27,19,M06,P03,L02,116,106,27,2
2025-01-27,19,M07,P05,L03,193,177,14,2
2025-01-27,19,M08,P05,L01,126,140,25,6
2025-01-27,19,M09,P01,L05,143,188,28,1
2025-01-27,19,M10,P04,L01,157,81,2,6
2025-01-27,20,M01,P05,L04,193,151,7,4
2025-01-27,20,M02,P05,L03,136,134,13,0
2025-01-27,20,M03,P03,L03,121,157,12,7
2025-01-27,20,M04,P03,L03,163,176,18,4
2025-01-27,20,M05,P01,L03,144,123,8,3
2025-01-27,20,M06,P05,L03,184,97,10,5
2025-01-27,20,M07,P05,L01,120,108,8,6
2025-01-27,20,M08,P04,L03,195,84,0,8
2025-01-27,20,M09,P04,L05,180,193,3,7
2025-01-27,20,M10,P02,L05,139,148,3,8
2025-01-27,21,M01,P03,L04,145,108,25,1
2025-01-27,21,M02,P04,L04,151,137,8,1
2025-01-27,21,M03,P04,L01,198,113,3,1
2025-01-27,21,M04,P02,L04,120,89,20,7
2025-01-27,21,M05,P02,L01,180,194,5,4
2025-01-27,21,M06,P01,L02,113,189,19,0
2025-01-27,21,M07,P03,L02,121,132,11,6
2025-01-27,21,M08,P02,L01,165,124,22,7
2025-01-27,21,M09,P01,L04,139,184,4,3
2025-01-27,21,M10,P01,L01,129,131,14,3
2025-01-27,22,M01,P02,L04,144,83,17,7
2025-01-27,22,M02,P02,L03,101,125,1,1
2025-01-27,22,M03,P05,L01,169,101,16,0
2025-01-27,22,M04,P04,L03,102,189,24,5
2025-01-27,22,M05,P03,L01,148,194,17,4
2025-01-27,22,M06,P02,L03,109,169,22,9
2025-01-27,22,M07,P01,L03,165,171,25,0
2025-01-27,22,M08,P05,L01,128,158,17,1
2025-01-27,22,M09,P02,L05,182,140,4,8
2025-01-27,22,M10,P05,L02,168,135,21,3
2025-01-27,23,M01,P03,L02,119,186,8,4
2025-01-27,23,M02,P03,L04,197,104,7,6
2025-01-27,23,M03,P05,L01,104,154,10,8
2025-01-27,23,M04,P05,L03,164,142,25,9
2025-01-27,23,M05,P03,L03,115,188,23,4
2025-01-27,23,M06,P01,L02,167,157,29,6
2025-01-27,23,M07,P03,L04,121,126,29,6
2025-01-27,23,M08,P02,L04,148,148,7,9
2025-01-27,23,M09,P02,L05,168,89,27,2
2025-01-27,23,M10,P02,L05,134,131,17,3
2025-01-27,24,M01,P04,L04,122,186,22,2
2025-01-27,24,M02,P02,L01,115,95,18,2
2025-01-27,24,M03,P05,L04,153,99,3,0
2025-01-27,24,M04,P02,L05,136,163,11,3
2025-01-27,24,M05,P04,L04,193,110,21,5
2025-01-27,24,M06,P04,L05,174,93,10,8
2025-01-27,24,M07,P03,L02,136,121,19,5
2025-01-27,24,M08,P05,L04,109,197,10,6
2025-01-27,24,M09,P01,L02,106,135,29,4
2025-01-27,24,M10,P02,L03,181,82,0,0
2025-01-28,1,M01,P04,L02,158,151,21,6
2025-01-28,1,M02,P01,L01,188,100,22,5
2025-01-28,1,M03,P01,L04,183,105,7,0
2025-01-28,1,M04,P02,L02,174,124,11,9
2025-01-28,1,M05,P03,L01,102,117,2,8
2025-01-28,1,M06,P04,L03,153,199,19,4
2025-01-28,1,M07,P01,L04,136,111,10,3
2025-01-28,1,M08,P01,L02,124,187,1,8
2025-01-28,1,M09,P02,L05,121,178,14,6
2025-01-28,1,M10,P02,L05,135,95,8,4
2025-01-28,2,M01,P02,L04,182,96,0,3
2025-01-28,2,M02,P02,L02,119,184,7,3
2025-01-28,2,M03,P04,L02,104,111,13,0
2025-01-28,2,M04,P03,L03,167,102,22,0
2025-01-28,2,M05,P02,L01,120,101,0,1
2025-01-28,2,M06,P04,L02,145,93,11,8
2025-01-28,2,M07,P02,L01,181,84,25,6
2025-01-28,2,M08,P04,L04,176,178,14,2
2025-01-28,2,M09,P03,L04,178,142,18,7
2025-01-28,2,M10,P02,L05,101,90,24,5
2025-01-28,3,M01,P01,L03,140,117,28,9
2025-01-28,3,M02,P01,L04,135,87,27,7
2025-01-28,3,M03,P05,L02,180,129,13,7
2025-01-28,3,M04,P02,L03,194,188,28,3
2025-01-28,3,M05,P02,L03,158,149,19,2
2025-01-28,3,M06,P02,L03,134,155,7,8
2025-01-28,3,M07,P05,L01,148,89,20,0
2025-01-28,3,M08,P05,L01,128,174,7,6
2025-01-28,3,M09,P02,L02,193,147,8,8
2025-01-28,3,M10,P05,L03,138,171,24,2
2025-01-28,4,M01,P02,L04,195,168,22,5
2025-01-28,4,M02,P04,L05,154,194,20,1
2025-01-28,4,M03,P03,L05,141,90,22,8
2025-01-28,4,M04,P05,L03,186,176,0,3
2025-01-28,4,M05,P05,L05,125,130,5,2
2025-01-28,4,M06,P03,L05,112,174,16,2
2025-01-28,4,M07,P05,L03,154,124,1,2
2025-01-28,4,M08,P05,L04,143,152,15,3
2025-01-28,4,M09,P04,L01,149,80,6,3
2025-01-28,4,M10,P04,L04,187,197,8,3
2025-01-28,5,M01,P04,L05,184,81,20,9
2025-01-28,5,M02,P02,L01,157,123,10,9
2025-01-28,5,M03,P01,L05,147,164,21,0
2025-01-28,5,M04,P02,L05,163,186,1,6
2025-01-28,5,M05,P05,L04,182,196,27,3
2025-01-28,5,M06,P02,L04,137,145,2,9
2025-01-28,5,M07,P01,L01,165,182,14,2
2025-01-28,5,M08,P04,L05,149,194,7,6
2025-01-28,5,M09,P03,L05,168,96,29,5
2025-01-28,5,M10,P01,L05,175,121,0,5
2025-01-28,6,M01,P01,L03,162,119,29,5
2025-01-28,6,M02,P05,L03,173,111,10,3
2025-01-28,6,M03,P05,L05,171,99,14,6
2025-01-28,6,M04,P04,L01,188,105,8,6
2025-01-28,6,M05,P02,L02,177,141,11,9
2025-01-28,6,M06,P03,L01,104,149,2,1
2025-01-28,6,M07,P02,L01,199,154,4,8
2025-01-28,6,M08,P02,L05,149,99,23,1
2025-01-28,6,M09,P05,L02,112,96,24,9
2025-01-28,6,M10,P01,L03,189,117,13,4
2025-01-28,7,M01,P05,L04,167,134,28,8
2025-01-28,7,M02,P04,L05,115,193,1,6
2025-01-28,7,M03,P04,L04,116,131,5,1
2025-01-28,7,M04,P03,L04,138,188,8,1
2025-01-28,7,M05,P03,L02,164,166,28,8
2025-01-28,7,M06,P02,L01,199,124,16,6
2025-01-28,7,M07,P04,L02,133,80,22,5
2025-01-28,7,M08,P04,L02,175,106,18,2
2025-01-28,7,M09,P03,L03,167,128,16,6
2025-01-28,7,M10,P03,L05,124,196,25,2
2025-01-28,8,M01,P01,L01,161,120,13,4
2025-01-28,8,M02,P03,L02,196,134,11,2
2025-01-28,8,M03,P05,L04,100,186,26,8
2025-01-28,8,M04,P05,L02,145,138,1,2
2025-01-28,8,M05,P03,L04,139,196,24,2
2025-01-28,8,M06,P04,L04,164,115,6,8
2025-01-28,8,M07,P01,L05,155,161,3,3
2025-01-28,8,M08,P02,L03,138,114,24,4
2025-01-28,8,M09,P05,L04,180,153,10,6
2025-01-28,8,M10,P05,L04,141,189,8,1
2025-01-28,9,M01,P03,L04,152,96,8,8
2025-01-28,9,M02,P04,L03,199,169,23,5
2025-01-28,9,M03,P04,L02,180,194,19,7
2025-01-28,9,M04,P05,L03,148,83,17,3
2025-01-28,9,M05,P03,L05,129,197,27,1
2025-01-28,9,M06,P04,L05,195,148,28,8
2025-01-28,9,M07,P01,L03,113,100,23,1
2025-01-28,9,M08,P01,L02,149,188,27,4
2025-01-28,9,M09,P02,L04,130,162,10,4
2025-01-28,9,M10,P03,L02,174,164,29,2
2025-01-28,10,M01,P01,L05,163,114,11,9
2025-01-28,10,M02,P03,L05,190,117,28,2
2025-01-28,10,M03,P02,L01,128,82,22,9
2025-01-28,10,M04,P05,L05,103,136,21,7
2025-01-28,10,M05,P04,L05,124,145,29,7
2025-01-28,10,M06,P05,L03,140,173,10,4
2025-01-28,10,M07,P04,L03,194,173,0,0
2025-01-28,10,M08,P02,L02,179,170,3,2
2025-01-28,10,M09,P01,L05,102,90,7,6
2025-01-28,10,M10,P01,L01,187,105,25,0
2025-01-28,11,M01,P05,L03,142,182,28,8
2025-01-28,11,M02,P02,L05,193,135,24,6
2025-01-28,11,M03,P05,L04,136,151,14,5
2025-01-28,11,M04,P04,L04,132,85,23,2
2025-01-28,11,M05,P05,L04,191,86,8,0
2025-01-28,11,M06,P05,L05,160,98,20,0
2025-01-28,11,M07,P04,L01,184,162,29,1
2025-01-28,11,M08,P03,L04,158,169,29,2
2025-01-28,11,M09,P02,L02,153,89,5,2
2025-01-28,11,M10,P01,L05,131,96,18,0
2025-01-28,12,M01,P03,L02,151,99,29,7
2025-01-28,12,M02,P04,L03,191,178,20,5
2025-01-28,12,M03,P05,L05,186,131,4,5
2025-01-28,12,M04,P02,L01,145,186,16,6
2025-01-28,12,M05,P05,L03,158,194,5,1
2025-01-28,12,M06,P01,L04,197,184,24,6
2025-01-28,12,M07,P05,L02,119,161,17,9
2025-01-28,12,M08,P02,L05,149,90,10,2
2025-01-28,12,M09,P02,L03,107,190,7,2
2025-01-28,12,M10,P04,L01,102,132,11,5
2025-01-28,13,M01,P04,L01,127,95,8,5
2025-01-28,13,M02,P01,L03,124,97,29,9
2025-01-28,13,M03,P03,L04,142,85,13,1
2025-01-28,13,M04,P01,L05,137,143,13,0
2025-01-28,13,M05,P05,L01,112,152,5,5
2025-01-28,13,M06,P05,L01,156,132,13,3
2025-01-28,13,M07,P02,L02,162,140,16,9
2025-01-28,13,M08,P01,L03,160,197,29,6
2025-01-28,13,M09,P04,L01,113,99,23,3
2025-01-28,13,M10,P01,L01,193,128,24,9
2025-01-28,14,M01,P05,L02,191,94,29,8
2025-01-28,14,M02,P03,L03,174,107,22,4
2025-01-28,14,M03,P02,L04,169,111,15,5
2025-01-28,14,M04,P04,L05,160,113,22,8
2025-01-28,14,M05,P01,L05,144,191,27,0
2025-01-28,14,M06,P05,L05,180,173,15,0
2025-01-28,14,M07,P03,L02,157,168,27,2
2025-01-28,14,M08,P05,L01,125,181,6,9
2025-01-28,14,M09,P03,L03,130,82,23,5
2025-01-28,14,M10,P03,L03,142,140,7,6
2025-01-28,15,M01,P02,L02,102,169,13,2
2025-01-28,15,M02,P04,L05,120,152,12,8
2025-01-28,15,M03,P05,L02,143,125,4,5
2025-01-28,15,M04,P05,L05,187,117,13,5
2025-01-28,15,M05,P01,L01,161,195,15,9
2025-01-28,15,M06,P02,L05,111,161,8,2
2025-01-28,15,M07,P03,L02,101,87,19,1
2025-01-28,15,M08,P01,L04,192,123,27,0
2025-01-28,15,M09,P02,L03,198,111,3,6
2025-01-28,15,M10,P05,L02,179,119,23,4
2025-01-28,16,M01,P04,L02,161,104,6,5
2025-01-28,16,M02,P03,L03,196,124,6,0
2025-01-28,16,M03,P05,L02,163,147,28,6
2025-01-28,16,M04,P03,L05,172,109,21,9
2025-01-28,16,M05,P03,L01,145,176,25,8
2025-01-28,16,M06,P02,L03,115,104,2,2
2025-01-28,16,M07,P02,L05,157,157,22,6
2025-01-28,16,M08,P05,L01,126,145,4,3
2025-01-28,16,M09,P02,L03,113,90,7,6
2025-01-28,16,M10,P03,L01,100,88,15,8
2025-01-28,17,M01,P04,L04,100,95,29,7
2025-01-28,17,M02,P01,L02,140,130,21,2
2025-01-28,17,M03,P05,L03,174,93,6,9
2025-01-28,17,M04,P04,L04,183,198,4,0
2025-01-28,17,M05,P02,L03,160,190,27,1
2025-01-28,17,M06,P04,L05,188,102,3,1
2025-01-28,17,M07,P05,L04,165,128,15,3
2025-01-28,17,M08,P05,L03,164,88,20,1
2025-01-28,17,M09,P02,L03,183,122,1,3
2025-01-28,17,M10,P05,L03,106,165,19,9
2025-01-28,18,M01,P04,L03,119,114,0,2
2025-01-28,18,M02,P05,L03,144,93,21,3
2025-01-28,18,M03,P02,L01,128,86,12,8
2025-01-28,18,M04,P01,L05,151,191,20,4
2025-01-28,18,M05,P05,L04,123,122,0,9
2025-01-28,18,M06,P02,L03,158,114,23,8
2025-01-28,18,M07,P04,L02,193,95,23,4
2025-01-28,18,M08,P01,L01,174,112,19,0
2025-01-28,18,M09,P02,L03,139,104,22,5
2025-01-28,18,M10,P05,L02,190,117,8,4
2025-01-28,19,M01,P02,L05,121,189,11,5
2025-01-28,19,M02,P03,L04,154,94,24,0
2025-01-28,19,M03,P02,L03,162,142,24,4
2025-01-28,19,M04,P03,L01,132,122,12,4
2025-01-28,19,M05,P01,L02,131,99,2,3
2025-01-28,19,M06,P02,L01,180,98,3,0
2025-01-28,19,M07,P02,L02,175,124,10,4
2025-01-28,19,M08,P05,L04,119,84,24,1
2025-01-28,19,M09,P04,L04,197,85,21,2
2025-01-28,19,M10,P01,L04,112,160,11,2
2025-01-28,20,M01,P03,L04,189,124,7,0
2025-01-28,20,M02,P01,L03,114,129,19,2
2025-01-28,20,M03,P03,L05,153,139,27,4
2025-01-28,20,M04,P02,L05,122,183,2,1
2025-01-28,20,M05,P02,L01,121,124,3,2
2025-01-28,20,M06,P03,L03,197,161,26,3
2025-01-28,20,M07,P02,L01,110,84,25,8
2025-01-28,20,M08,P01,L02,188,153,8,9
2025-01-28,20,M09,P04,L02,184,199,13,7
2025-01-28,20,M10,P02,L01,148,121,5,6
2025-01-28,21,M01,P02,L02,152,88,4,7
2025-01-28,21,M02,P05,L05,168,131,16,8
2025-01-28,21,M03,P01,L02,121,164,10,0
2025-01-28,21,M04,P04,L03,157,105,9,2
2025-01-28,21,M05,P05,L01,101,111,17,4
2025-01-28,21,M06,P02,L04,179,174,24,6
2025-01-28,21,M07,P05,L02,118,153,8,8
2025-01-28,21,M08,P04,L05,118,156,26,7
2025-01-28,21,M09,P05,L04,132,162,22,2
2025-01-28,21,M10,P05,L01,191,121,4,5
2025-01-28,22,M01,P03,L05,126,155,13,3
2025-01-28,22,M02,P02,L01,117,166,21,3
2025-01-28,22,M03,P02,L03,163,198,15,6
2025-01-28,22,M04,P01,L05,134,116,17,8
2025-01-28,22,M05,P01,L01,115,94,12,6
2025-01-28,22,M06,P03,L03,154,144,0,1
2025-01-28,22,M07,P03,L02,152,143,24,6
2025-01-28,22,M08,P05,L02,168,87,8,7
2025-01-28,22,M09,P02,L05,167,193,21,3
2025-01-28,22,M10,P02,L05,129,84,0,2
2025-01-28,23,M01,P03,L04,163,197,28,5
2025-01-28,23,M02,P05,L02,130,154,22,8
2025-01-28,23,M03,P01,L02,186,142,0,2
2025-01-28,23,M04,P02,L05,127,106,5,5
2025-01-28,23,M05,P01,L05,176,141,0,0
2025-01-28,23,M06,P01,L01,141,181,8,1
2025-01-28,23,M07,P02,L04,161,117,16,6
2025-01-28,23,M08,P05,L04,101,100,11,9
2025-01-28,23,M09,P02,L01,148,170,17,9
2025-01-28,23,M10,P05,L05,159,165,12,7
2025-01-28,24,M01,P01,L04,108,136,18,0
2025-01-28,24,M02,P01,L04,163,173,5,8
2025-01-28,24,M03,P02,L04,127,172,3,4
2025-01-28,24,M04,P02,L02,167,187,8,6
2025-01-28,24,M05,P03,L01,170,189,27,3
2025-01-28,24,M06,P03,L01,129,123,29,7
2025-01-28,24,M07,P03,L03,198,169,29,2
2025-01-28,24,M08,P04,L03,130,113,11,2
2025-01-28,24,M09,P02,L05,151,84,12,0
2025-01-28,24,M10,P03,L04,182,172,14,1
2025-01-29,1,M01,P01,L02,179,96,27,6
2025-01-29,1,M02,P04,L03,148,84,0,2
2025-01-29,1,M03,P04,L05,143,144,16,7
2025-01-29,1,M04,P04,L04,109,90,17,1
2025-01-29,1,M05,P03,L04,175,129,9,6
2025-01-29,1,M06,P01,L04,167,132,4,0
2025-01-29,1,M07,P02,L03,154,154,0,7
2025-01-29,1,M08,P05,L04,188,138,26,5
2025-01-29,1,M09,P02,L01,102,97,25,6
2025-01-29,1,M10,P01,L04,124,97,19,7
2025-01-29,2,M01,P03,L03,188,86,14,9
2025-01-29,2,M02,P04,L04,150,162,14,4
2025-01-29,2,M03,P02,L05,136,107,12,8
2025-01-29,2,M04,P03,L01,186,153,7,8
2025-01-29,2,M05,P02,L02,155,94,12,1
2025-01-29,2,M06,P03,L02,126,168,2,4
2025-01-29,2,M07,P02,L01,184,88,17,0
2025-01-29,2,M08,P04,L04,189,198,1,8
2025-01-29,2,M09,P05,L05,113,102,14,0
2025-01-29,2,M10,P02,L01,147,152,15,1
2025-01-29,3,M01,P01,L02,181,188,1,7
2025-01-29,3,M02,P03,L03,154,174,9,5
2025-01-29,3,M03,P02,L01,107,181,14,3
2025-01-29,3,M04,P02,L04,118,119,4,9
2025-01-29,3,M05,P04,L03,145,93,28,1
2025-01-29,3,M06,P01,L02,178,108,22,9
2025-01-29,3,M07,P03,L03,166,114,25,2
2025-01-29,3,M08,P02,L02,102,112,9,8
2025-01-29,3,M09,P01,L02,197,89,24,2
2025-01-29,3,M10,P03,L03,196,126,22,9
2025-01-29,4,M01,P02,L05,121,163,10,6
2025-01-29,4,M02,P03,L04,138,120,3,5
2025-01-29,4,M03,P03,L02,184,175,27,0
2025-01-29,4,M04,P01,L05,142,131,24,5
2025-01-29,4,M05,P02,L05,116,167,11,5
2025-01-29,4,M06,P05,L02,145,182,8,4
2025-01-29,4,M07,P01,L01,124,132,29,1
2025-01-29,4,M08,P01,L03,105,155,5,2
2025-01-29,4,M09,P01,L03,192,82,4,3
2025-01-29,4,M10,P01,L04,195,97,9,7
2025-01-29,5,M01,P02,L05,124,99,6,4
2025-01-29,5,M02,P02,L05,171,106,25,9
2025-01-29,5,M03,P03,L02,125,102,4,9
2025-01-29,5,M04,P03,L03,179,175,11,1
2025-01-29,5,M05,P02,L03,132,103,4,4
2025-01-29,5,M06,P05,L02,107,164,14,8
2025-01-29,5,M07,P05,L05,182,172,1,4
2025-01-29,5,M08,P05,L02,168,111,5,1
2025-01-29,5,M09,P01,L05,150,114,18,2
2025-01-29,5,M10,P01,L01,179,124,0,2
2025-01-29,6,M01,P05,L04,102,190,29,5
2025-01-29,6,M02,P02,L01,160,122,23,5
2025-01-29,6,M03,P04,L02,146,133,8,1
2025-01-29,6,M04,P03,L02,157,134,13,7
2025-01-29,6,M05,P01,L05,136,120,24,6
2025-01-29,6,M06,P04,L02,104,140,26,7
2025-01-29,6,M07,P05,L02,135,153,28,5
2025-01-29,6,M08,P01,L05,132,172,15,0
2025-01-29,6,M09,P02,L05,107,198,21,3
2025-01-29,6,M10,P05,L01,100,125,29,1
2025-01-29,7,M01,P05,L03,181,123,20,7
2025-01-29,7,M02,P03,L04,104,172,6,1
2025-01-29,7,M03,P05,L01,174,180,12,6
2025-01-29,7,M04,P03,L05,107,153,24,0
2025-01-29,7,M05,P02,L02,131,125,27,3
2025-01-29,7,M06,P02,L03,121,193,21,9
2025-01-29,7,M07,P02,L03,107,83,14,3
2025-01-29,7,M08,P05,L04,172,185,7,3
2025-01-29,7,M09,P02,L02,184,166,17,3
2025-01-29,7,M10,P05,L02,153,131,12,2
2025-01-29,8,M01,P02,L01,181,137,6,5
2025-01-29,8,M02,P05,L01,142,178,19,7
2025-01-29,8,M03,P02,L03,154,157,19,7
2025-01-29,8,M04,P05,L01,165,160,12,5
2025-01-29,8,M05,P01,L01,172,106,19,5
2025-01-29,8,M06,P02,L04,185,180,17,6
2025-01-29,8,M07,P01,L05,152,196,7,8
2025-01-29,8,M08,P05,L02,139,109,1,1
2025-01-29,8,M09,P01,L04,188,111,26,5
2025-01-29,8,M10,P03,L02,129,176,22,0
2025-01-29,9,M01,P01,L03,132,147,28,3
2025-01-29,9,M02,P03,L02,111,146,14,9
2025-01-29,9,M03,P03,L05,115,128,13,5
2025-01-29,9,M04,P01,L02,194,121,20,9
2025-01-29,9,M05,P01,L04,108,158,6,1
2025-01-29,9,M06,P04,L04,187,161,10,4
2025-01-29,9,M07,P04,L02,104,81,4,2
2025-01-29,9,M08,P03,L04,103,166,13,2
2025-01-29,9,M09,P02,L02,149,105,6,4
2025-01-29,9,M10,P04,L01,125,140,23,2
2025-01-29,10,M01,P02,L03,144,110,29,5
2025-01-29,10,M02,P05,L05,147,183,12,3
2025-01-29,10,M03,P04,L04,180,141,25,2
2025-01-29,10,M04,P03,L01,193,123,3,4
2025-01-29,10,M05,P03,L04,121,81,6,7
2025-01-29,10,M06,P01,L04,190,152,6,4
2025-01-29,10,M07,P02,L05,190,153,24,1
2025-01-29,10,M08,P02,L01,174,89,21,8
2025-01-29,10,M09,P05,L03,115,198,28,2
2025-01-29,10,M10,P05,L02,155,177,22,1
2025-01-29,11,M01,P02,L01,106,83,10,0
2025-01-29,11,M02,P04,L04,130,162,19,5
2025-01-29,11,M03,P02,L05,131,126,1,2
2025-01-29,11,M04,P04,L03,129,112,26,6
2025-01-29,11,M05,P03,L03,153,174,29,3
2025-01-29,11,M06,P03,L05,139,139,21,8
2025-01-29,11,M07,P02,L02,129,89,25,3
2025-01-29,11,M08,P04,L02,156,122,15,2
2025-01-29,11,M09,P04,L03,111,128,23,3
2025-01-29,11,M10,P02,L03,133,88,9,2
2025-01-29,12,M01,P02,L01,171,153,21,0
2025-01-29,12,M02,P01,L03,194,182,25,2
2025-01-29,12,M03,P03,L05,107,144,4,7
2025-01-29,12,M04,P03,L03,189,122,27,5
2025-01-29,12,M05,P03,L02,133,184,1,4
2025-01-29,12,M06,P02,L03,175,152,8,6
2025-01-29,12,M07,P05,L02,108,198,17,9
2025-01-29,12,M08,P02,L01,109,157,3,9
2025-01-29,12,M09,P05,L02,140,181,15,5
2025-01-29,12,M10,P03,L05,198,127,20,3
2025-01-29,13,M01,P01,L05,104,179,12,3
2025-01-29,13,M02,P02,L01,161,131,24,3
2025-01-29,13,M03,P02,L01,111,122,7,0
2025-01-29,13,M04,P03,L02,107,169,7,4
2025-01-29,13,M05,P02,L05,184,152,16,4
2025-01-29,13,M06,P03,L03,165,130,22,7
2025-01-29,13,M07,P03,L04,139,80,13,6
2025-01-29,13,M08,P03,L02,146,153,3,4
2025-01-29,13,M09,P01,L04,113,99,19,8
2025-01-29,13,M10,P05,L01,160,106,25,0
2025-01-29,14,M01,P04,L04,136,161,16,4
2025-01-29,14,M02,P01,L02,191,171,12,1
2025-01-29,14,M03,P02,L04,104,86,14,2
2025-01-29,14,M04,P02,L02,137,138,19,0
2025-01-29,14,M05,P01,L05,161,138,23,1
2025-01-29,14,M06,P01,L01,118,117,24,6
2025-01-29,14,M07,P03,L04,133,185,9,0
2025-01-29,14,M08,P02,L03,190,80,11,3
2025-01-29,14,M09,P01,L04,173,144,15,3
2025-01-29,14,M10,P01,L03,176,164,14,8
2025-01-29,15,M01,P03,L02,195,176,28,3
2025-01-29,15,M02,P02,L04,109,133,25,0
2025-01-29,15,M03,P05,L02,114,146,0,5
2025-01-29,15,M04,P04,L03,175,168,1,0
2025-01-29,15,M05,P04,L02,178,96,0,6
2025-01-29,15,M06,P04,L02,165,197,25,1
2025-01-29,15,M07,P04,L04,196,127,6,5
2025-01-29,15,M08,P03,L04,182,153,22,5
2025-01-29,15,M09,P02,L02,166,195,2,3
2025-01-29,15,M10,P02,L01,109,117,27,5
2025-01-29,16,M01,P01,L04,190,151,25,4
2025-01-29,16,M02,P04,L05,142,173,27,4
2025-01-29,16,M03,P02,L05,110,114,22,7
2025-01-29,16,M04,P05,L05,127,195,25,4
2025-01-29,16,M05,P02,L04,190,183,20,8
2025-01-29,16,M06,P04,L05,160,158,0,6
2025-01-29,16,M07,P04,L05,127,89,22,1
2025-01-29,16,M08,P02,L05,105,121,14,6
2025-01-29,16,M09,P01,L04,112,193,24,6
2025-01-29,16,M10,P02,L02,165,115,1,0
2025-01-29,17,M01,P03,L02,114,164,11,2
2025-01-29,17,M02,P01,L03,156,183,21,5
2025-01-29,17,M03,P04,L04,147,140,17,3
2025-01-29,17,M04,P05,L02,170,110,8,1
2025-01-29,17,M05,P01,L01,171,112,4,9
2025-01-29,17,M06,P05,L05,110,163,22,7
2025-01-29,17,M07,P03,L02,179,188,7,1
2025-01-29,17,M08,P05,L03,122,115,5,7
2025-01-29,17,M09,P04,L05,181,193,18,3
2025-01-29,17,M10,P05,L01,127,169,10,4
2025-01-29,18,M01,P03,L05,115,141,0,0
2025-01-29,18,M02,P05,L04,145,143,17,8
2025-01-29,18,M03,P04,L02,188,185,1,3
2025-01-29,18,M04,P04,L03,188,184,12,9
2025-01-29,18,M05,P03,L01,134,195,15,8
2025-01-29,18,M06,P05,L01,136,124,14,8
2025-01-29,18,M07,P04,L04,183,182,3,0
2025-01-29,18,M08,P01,L02,103,82,18,8
2025-01-29,18,M09,P04,L02,182,155,19,5
2025-01-29,18,M10,P05,L04,193,163,3,1
2025-01-29,19,M01,P05,L02,121,180,3,8
2025-01-29,19,M02,P03,L03,197,88,23,8
2025-01-29,19,M03,P03,L02,198,192,10,0
2025-01-29,19,M04,P04,L03,165,103,13,2
2025-01-29,19,M05,P04,L05,153,137,12,5
2025-01-29,19,M06,P02,L05,121,131,20,6
2025-01-29,19,M07,P04,L02,134,176,2,2
2025-01-29,19,M08,P03,L01,155,135,18,9
2025-01-29,19,M09,P04,L02,176,165,15,7
2025-01-29,19,M10,P02,L02,162,199,22,9
2025-01-29,20,M01,P04,L03,161,199,1,0
2025-01-29,20,M02,P04,L04,152,153,28,8
2025-01-29,20,M03,P03,L05,181,137,3,7
2025-01-29,20,M04,P04,L05,193,191,20,6
2025-01-29,20,M05,P01,L05,155,92,27,7
2025-01-29,20,M06,P05,L05,149,141,22,9
2025-01-29,20,M07,P02,L03,110,119,5,3
2025-01-29,20,M08,P05,L02,138,160,22,9
2025-01-29,20,M09,P02,L05,141,108,15,2
2025-01-29,20,M10,P04,L04,103,179,15,8
2025-01-29,21,M01,P01,L02,127,179,22,9
2025-01-29,21,M02,P04,L04,195,168,25,2
2025-01-29,21,M03,P03,L05,185,167,0,3
2025-01-29,21,M04,P02,L05,171,92,29,0
2025-01-29,21,M05,P01,L04,170,191,13,9
2025-01-29,21,M06,P04,L03,175,183,15,8
2025-01-29,21,M07,P01,L01,137,107,0,7
2025-01-29,21,M08,P05,L05,103,112,22,9
2025-01-29,21,M09,P04,L01,176,179,15,8
2025-01-29,21,M10,P02,L04,183,87,26,3
2025-01-29,22,M01,P03,L01,123,116,8,7
2025-01-29,22,M02,P04,L02,100,99,27,7
2025-01-29,22,M03,P04,L04,168,175,21,3
2025-01-29,22,M04,P02,L05,179,151,11,8
2025-01-29,22,M05,P02,L03,199,160,26,4
2025-01-29,22,M06,P05,L04,157,117,2,6
2025-01-29,22,M07,P05,L03,112,125,14,9
2025-01-29,22,M08,P04,L01,177,162,27,7
2025-01-29,22,M09,P01,L02,132,155,9,6
2025-01-29,22,M10,P01,L02,178,197,0,3
2025-01-29,23,M01,P03,L02,199,159,21,8
2025-01-29,23,M02,P04,L04,151,133,2,4
2025-01-29,23,M03,P04,L04,158,99,22,5
2025-01-29,23,M04,P02,L04,177,134,15,7
2025-01-29,23,M05,P04,L04,136,125,8,4
2025-01-29,23,M06,P05,L02,162,82,9,7
2025-01-29,23,M07,P02,L02,197,189,26,3
2025-01-29,23,M08,P04,L05,183,108,13,4
2025-01-29,23,M09,P03,L02,167,108,2,0
2025-01-29,23,M10,P01,L04,100,191,22,2
2025-01-29,24,M01,P01,L05,114,137,20,7
2025-01-29,24,M02,P03,L03,191,147,6,5
2025-01-29,24,M03,P01,L05,124,129,2,3
2025-01-29,24,M04,P03,L05,101,101,24,4
2025-01-29,24,M05,P05,L01,155,163,23,3
2025-01-29,24,M06,P01,L03,152,84,1,8
2025-01-29,24,M07,P04,L03,198,113,2,3
2025-01-29,24,M08,P02,L01,146,84,28,8
2025-01-29,24,M09,P05,L03,125,165,27,7
2025-01-29,24,M10,P03,L04,157,195,9,6
2025-01-30,1,M01,P02,L03,114,138,5,2
2025-01-30,1,M02,P04,L04,149,156,21,5
2025-01-30,1,M03,P04,L01,150,192,9,0
2025-01-30,1,M04,P05,L01,168,80,20,6
2025-01-30,1,M05,P01,L05,183,124,8,7
2025-01-30,1,M06,P01,L05,160,115,6,0
2025-01-30,1,M07,P03,L04,197,167,14,3
2025-01-30,1,M08,P04,L01,120,152,6,2
2025-01-30,1,M09,P02,L04,153,92,28,3
2025-01-30,1,M10,P03,L03,101,89,27,8
2025-01-30,2,M01,P01,L03,123,95,16,1
2025-01-30,2,M02,P04,L01,165,128,16,1
2025-01-30,2,M03,P05,L02,114,139,15,1
2025-01-30,2,M04,P04,L05,113,107,13,7
2025-01-30,2,M05,P02,L04,177,198,24,7
2025-01-30,2,M06,P01,L05,160,119,19,9
2025-01-30,2,M07,P01,L01,167,110,22,5
2025-01-30,2,M08,P04,L04,146,130,25,5
2025-01-30,2,M09,P04,L02,118,103,19,3
2025-01-30,2,M10,P03,L02,157,123,28,0
2025-01-30,3,M01,P03,L04,138,188,13,6
2025-01-30,3,M02,P04,L03,183,104,10,4
2025-01-30,3,M03,P03,L01,191,104,3,1
2025-01-30,3,M04,P01,L02,108,162,14,4
2025-01-30,3,M05,P02,L05,115,145,25,0
2025-01-30,3,M06,P03,L02,170,128,14,0
2025-01-30,3,M07,P05,L01,131,145,26,3
2025-01-30,3,M08,P03,L03,190,179,26,6
2025-01-30,3,M09,P02,L02,133,120,21,6
2025-01-30,3,M10,P05,L05,184,115,7,6
2025-01-30,4,M01,P02,L02,178,113,21,0
2025-01-30,4,M02,P03,L02,176,134,16,2
2025-01-30,4,M03,P01,L05,184,140,15,4
2025-01-30,4,M04,P04,L01,105,164,9,1
2025-01-30,4,M05,P04,L03,178,182,13,7
2025-01-30,4,M06,P03,L03,149,160,2,2
2025-01-30,4,M07,P02,L04,146,87,16,2
2025-01-30,4,M08,P03,L04,144,176,27,1
2025-01-30,4,M09,P05,L03,169,191,20,2
2025-01-30,4,M10,P04,L02,180,161,10,8
2025-01-30,5,M01,P01,L04,170,128,4,5
2025-01-30,5,M02,P02,L03,162,156,23,8
2025-01-30,5,M03,P04,L01,153,162,0,5
2025-01-30,5,M04,P01,L01,190,101,16,2
2025-01-30,5,M05,P02,L01,131,101,6,0
2025-01-30,5,M06,P05,L02,185,126,3,5
2025-01-30,5,M07,P05,L05,160,166,12,3
2025-01-30,5,M08,P02,L01,137,108,25,1
2025-01-30,5,M09,P05,L05,111,195,6,3
2025-01-30,5,M10,P02,L03,142,176,20,6
2025-01-30,6,M01,P01,L04,158,183,2,6
2025-01-30,6,M02,P04,L03,107,189,13,1
2025-01-30,6,M03,P01,L02,178,194,14,5
2025-01-30,6,M04,P01,L04,147,175,5,3
2025-01-30,6,M05,P03,L04,146,156,20,6
2025-01-30,6,M06,P05,L02,166,155,24,0
2025-01-30,6,M07,P02,L05,172,129,0,9
2025-01-30,6,M08,P04,L02,193,84,26,3
2025-01-30,6,M09,P04,L04,171,159,0,0
2025-01-30,6,M10,P02,L02,105,145,4,2
2025-01-30,7,M01,P02,L01,195,108,28,7
2025-01-30,7,M02,P04,L02,119,83,25,8
2025-01-30,7,M03,P02,L04,140,132,22,6
2025-01-30,7,M04,P04,L01,147,94,6,7
2025-01-30,7,M05,P04,L03,150,150,29,8
2025-01-30,7,M06,P03,L05,117,109,6,3
2025-01-30,7,M07,P05,L04,170,181,28,1
2025-01-30,7,M08,P05,L04,144,128,16,1
2025-01-30,7,M09,P01,L03,190,106,11,6
2025-01-30,7,M10,P04,L01,170,103,6,4
2025-01-30,8,M01,P02,L04,115,186,15,1
2025-01-30,8,M02,P02,L01,149,148,13,7
2025-01-30,8,M03,P01,L04,105,196,16,7
2025-01-30,8,M04,P04,L03,144,161,22,1
2025-01-30,8,M05,P03,L01,162,158,28,1
2025-01-30,8,M06,P01,L02,164,189,19,7
2025-01-30,8,M07,P01,L04,115,99,5,9
2025-01-30,8,M08,P03,L01,132,119,13,4
2025-01-30,8,M09,P01,L05,107,194,16,2
2025-01-30,8,M10,P02,L02,190,110,3,1
2025-01-30,9,M01,P01,L05,153,182,28,0
2025-01-30,9,M02,P04,L05,182,152,15,6
2025-01-30,9,M03,P04,L05,103,142,5,5
2025-01-30,9,M04,P03,L04,101,148,7,2
2025-01-30,9,M05,P03,L05,193,198,15,5
2025-01-30,9,M06,P02,L01,185,151,4,1
2025-01-30,9,M07,P01,L05,153,108,12,4
2025-01-30,9,M08,P05,L02,175,191,13,8
2025-01-30,9,M09,P03,L02,141,169,20,3
2025-01-30,9,M10,P05,L03,139,154,29,5
2025-01-30,10,M01,P05,L04,190,134,29,7
2025-01-30,10,M02,P02,L05,102,86,23,5
2025-01-30,10,M03,P03,L04,116,146,10,5
2025-01-30,10,M04,P04,L03,116,165,0,7
2025-01-30,10,M05,P03,L03,177,128,18,6
2025-01-30,10,M06,P03,L02,130,103,18,4
2025-01-30,10,M07,P01,L01,162,135,9,1
2025-01-30,10,M08,P01,L02,128,156,3,8
2025-01-30,10,M09,P03,L04,125,187,5,8
2025-01-30,10,M10,P02,L02,127,140,27,8
2025-01-30,11,M01,P03,L01,111,87,3,9
2025-01-30,11,M02,P05,L02,110,96,27,7
2025-01-30,11,M03,P03,L05,101,194,28,8
2025-01-30,11,M04,P02,L02,196,191,14,1
2025-01-30,11,M05,P02,L05,174,110,20,0
2025-01-30,11,M06,P04,L05,189,135,1,5
2025-01-30,11,M07,P02,L05,173,155,16,5
2025-01-30,11,M08,P05,L03,123,104,2,8
2025-01-30,11,M09,P04,L05,127,155,0,4
2025-01-30,11,M10,P02,L02,111,166,16,9
2025-01-30,12,M01,P05,L01,186,110,3,3
2025-01-30,12,M02,P02,L03,186,181,2,8
2025-01-30,12,M03,P02,L03,189,142,27,1
2025-01-30,12,M04,P03,L01,104,169,5,2
2025-01-30,12,M05,P05,L04,172,107,18,4
2025-01-30,12,M06,P04,L04,115,150,13,5
2025-01-30,12,M07,P03,L01,167,122,25,8
2025-01-30,12,M08,P01,L01,190,134,5,5
2025-01-30,12,M09,P04,L04,166,167,23,1
2025-01-30,12,M10,P05,L05,131,104,11,8
2025-01-30,13,M01,P04,L04,109,90,6,2
2025-01-30,13,M02,P05,L03,142,140,5,7
2025-01-30,13,M03,P05,L01,159,89,1,3
2025-01-30,13,M04,P02,L01,178,99,9,4
2025-01-30,13,M05,P05,L02,177,148,23,9
2025-01-30,13,M06,P05,L02,133,141,22,8
2025-01-30,13,M07,P03,L03,175,117,18,0
2025-01-30,13,M08,P03,L03,148,191,20,7
2025-01-30,13,M09,P04,L03,178,183,2,2
2025-01-30,13,M10,P01,L01,153,123,17,0
2025-01-30,14,M01,P04,L02,110,173,26,6
2025-01-30,14,M02,P04,L02,183,96,7,9
2025-01-30,14,M03,P02,L01,146,104,24,3
2025-01-30,14,M04,P03,L01,151,161,9,2
2025-01-30,14,M05,P01,L02,153,83,22,6
2025-01-30,14,M06,P01,L02,128,104,7,9
2025-01-30,14,M07,P05,L01,107,148,0,3
2025-01-30,14,M08,P05,L04,190,178,27,3
2025-01-30,14,M09,P04,L02,101,173,28,5
2025-01-30,14,M10,P01,L05,129,109,22,7
2025-01-30,15,M01,P04,L04,155,162,28,0
2025-01-30,15,M02,P05,L05,179,135,14,5
2025-01-30,15,M03,P03,L01,123,168,8,6
2025-01-30,15,M04,P03,L04,109,82,18,1
2025-01-30,15,M05,P05,L01,101,132,15,0
2025-01-30,15,M06,P04,L02,142,169,25,0
2025-01-30,15,M07,P02,L04,123,155,20,9
2025-01-30,15,M08,P03,L04,108,85,11,0
2025-01-30,15,M09,P02,L02,172,106,22,2
2025-01-30,15,M10,P03,L04,137,152,9,8
2025-01-30,16,M01,P02,L01,147,128,10,3
2025-01-30,16,M02,P01,L04,173,100,13,8
2025-01-30,16,M03,P05,L01,127,157,19,6
2025-01-30,16,M04,P02,L05,166,83,11,3
2025-01-30,16,M05,P05,L02,165,171,21,8
2025-01-30,16,M06,P01,L04,145,144,19,3
2025-01-30,16,M07,P02,L01,165,181,25,2
2025-01-30,16,M08,P03,L01,118,174,8,2
2025-01-30,16,M09,P05,L01,170,120,24,8
2025-01-30,16,M10,P01,L02,153,165,19,7
2025-01-30,17,M01,P01,L05,160,112,8,3
2025-01-30,17,M02,P04,L03,135,172,15,3
2025-01-30,17,M03,P02,L05,188,133,25,5
2025-01-30,17,M04,P01,L01,186,178,19,0
2025-01-30,17,M05,P05,L03,100,94,24,3
2025-01-30,17,M06,P05,L04,164,190,19,2
2025-01-30,17,M07,P03,L01,117,156,11,1
2025-01-30,17,M08,P02,L04,113,131,28,8
2025-01-30,17,M09,P02,L03,190,187,16,7
2025-01-30,17,M10,P05,L03,132,80,5,2
2025-01-30,18,M01,P05,L04,157,123,24,7
2025-01-30,18,M02,P02,L04,155,142,6,4
2025-01-30,18,M03,P02,L05,117,134,18,7
2025-01-30,18,M04,P03,L01,157,194,24,8
2025-01-30,18,M05,P03,L02,120,111,1,3
2025-01-30,18,M06,P03,L03,117,133,10,2
2025-01-30,18,M07,P04,L04,160,139,20,3
2025-01-30,18,M08,P04,L05,167,145,11,9
2025-01-30,18,M09,P04,L05,191,87,4,9
2025-01-30,18,M10,P04,L02,125,100,3,9
2025-01-30,19,M01,P02,L01,129,84,9,5
2025-01-30,19,M02,P04,L03,163,188,16,8
2025-01-30,19,M03,P04,L04,179,142,20,2
2025-01-30,19,M04,P05,L05,154,188,17,4
2025-01-30,19,M05,P03,L01,160,129,7,2
2025-01-30,19,M06,P02,L04,140,101,8,7
2025-01-30,19,M07,P01,L04,163,180,5,6
2025-01-30,19,M08,P01,L05,124,193,22,7
2025-01-30,19,M09,P02,L01,156,154,29,2
2025-01-30,19,M10,P05,L01,184,178,27,5
2025-01-30,20,M01,P03,L02,145,97,22,9
2025-01-30,20,M02,P05,L03,151,189,10,9
2025-01-30,20,M03,P01,L01,161,181,17,2
2025-01-30,20,M04,P03,L05,169,113,15,4
2025-01-30,20,M05,P04,L03,131,186,22,3
2025-01-30,20,M06,P05,L03,171,108,17,4
2025-01-30,20,M07,P02,L04,136,160,22,3
2025-01-30,20,M08,P04,L02,117,87,19,0
2025-01-30,20,M09,P03,L05,186,146,2,6
2025-01-30,20,M10,P05,L02,170,197,25,6
2025-01-30,21,M01,P02,L02,145,94,15,7
2025-01-30,21,M02,P05,L02,138,90,23,3
2025-01-30,21,M03,P05,L02,148,187,17,9
2025-01-30,21,M04,P04,L04,100,86,15,4
2025-01-30,21,M05,P03,L03,165,110,6,8
2025-01-30,21,M06,P02,L01,173,191,23,1
2025-01-30,21,M07,P02,L01,183,143,27,3
2025-01-30,21,M08,P04,L02,169,137,21,3
2025-01-30,21,M09,P05,L02,174,124,2,2
2025-01-30,21,M10,P03,L04,174,196,26,1
2025-01-30,22,M01,P04,L02,186,158,15,6
2025-01-30,22,M02,P05,L01,177,80,23,0
2025-01-30,22,M03,P05,L03,103,189,19,6
2025-01-30,22,M04,P03,L03,109,118,9,9
2025-01-30,22,M05,P01,L05,150,139,7,2
2025-01-30,22,M06,P03,L01,127,191,3,7
2025-01-30,22,M07,P04,L01,176,139,6,0
2025-01-30,22,M08,P03,L01,191,115,13,8
2025-01-30,22,M09,P03,L03,128,84,0,2
2025-01-30,22,M10,P05,L05,155,96,18,0
2025-01-30,23,M01,P04,L05,190,88,21,5
2025-01-30,23,M02,P05,L03,112,169,20,6
2025-01-30,23,M03,P01,L01,169,114,15,8
2025-01-30,23,M04,P02,L03,193,98,7,0
2025-01-30,23,M05,P02,L05,132,187,8,6
2025-01-30,23,M06,P03,L05,198,98,6,6
2025-01-30,23,M07,P02,L02,190,123,4,3
2025-01-30,23,M08,P05,L03,133,192,8,3
2025-01-30,23,M09,P04,L05,127,127,0,9
2025-01-30,23,M10,P02,L03,182,93,16,6
2025-01-30,24,M01,P04,L03,166,113,24,8
2025-01-30,24,M02,P04,L05,146,99,0,3
2025-01-30,24,M03,P01,L05,103,90,18,5
2025-01-30,24,M04,P03,L04,128,97,4,3
2025-01-30,24,M05,P04,L05,188,99,5,3
2025-01-30,24,M06,P02,L01,137,199,24,3
2025-01-30,24,M07,P04,L03,159,190,0,1
2025-01-30,24,M08,P01,L02,195,137,2,2
2025-01-30,24,M09,P01,L02,145,98,25,4
2025-01-30,24,M10,P02,L03,107,81,21,1
2025-01-31,1,M01,P01,L01,193,179,27,2
2025-01-31,1,M02,P04,L02,181,122,8,7
2025-01-31,1,M03,P05,L05,112,86,20,4
2025-01-31,1,M04,P04,L05,147,141,13,4
2025-01-31,1,M05,P04,L03,185,135,10,1
2025-01-31,1,M06,P01,L05,179,182,15,4
2025-01-31,1,M07,P02,L03,119,198,1,7
2025-01-31,1,M08,P02,L02,174,132,28,4
2025-01-31,1,M09,P05,L05,191,160,5,1
2025-01-31,1,M10,P04,L01,114,174,28,6
2025-01-31,2,M01,P04,L04,189,90,26,5
2025-01-31,2,M02,P05,L02,191,158,28,5
2025-01-31,2,M03,P03,L04,179,189,5,9
2025-01-31,2,M04,P01,L01,189,133,7,6
2025-01-31,2,M05,P04,L03,123,120,18,6
2025-01-31,2,M06,P05,L02,182,122,4,8
2025-01-31,2,M07,P01,L01,190,103,29,7
2025-01-31,2,M08,P03,L03,153,181,29,5
2025-01-31,2,M09,P05,L02,193,154,28,8
2025-01-31,2,M10,P05,L02,178,160,15,9
2025-01-31,3,M01,P03,L01,110,181,24,5
2025-01-31,3,M02,P01,L02,157,136,4,6
2025-01-31,3,M03,P05,L01,123,142,26,2
2025-01-31,3,M04,P05,L01,129,192,14,3
2025-01-31,3,M05,P01,L01,155,135,24,8
2025-01-31,3,M06,P05,L05,136,107,13,6
2025-01-31,3,M07,P05,L01,111,114,8,9
2025-01-31,3,M08,P01,L05,164,185,29,3
2025-01-31,3,M09,P02,L02,162,198,23,7
2025-01-31,3,M10,P01,L03,115,159,9,5
2025-01-31,4,M01,P04,L04,174,87,19,0
2025-01-31,4,M02,P03,L04,101,101,0,4
2025-01-31,4,M03,P04,L02,107,103,26,4
2025-01-31,4,M04,P04,L03,158,199,4,2
2025-01-31,4,M05,P01,L01,143,126,22,7
2025-01-31,4,M06,P05,L05,152,116,1,2
2025-01-31,4,M07,P01,L05,145,110,5,3
2025-01-31,4,M08,P05,L04,165,134,7,9
2025-01-31,4,M09,P02,L03,169,83,20,0
2025-01-31,4,M10,P04,L04,190,93,14,7
2025-01-31,5,M01,P01,L02,172,126,17,7
2025-01-31,5,M02,P02,L05,168,127,8,5
2025-01-31,5,M03,P04,L03,145,80,8,8
2025-01-31,5,M04,P05,L04,139,90,29,2
2025-01-31,5,M05,P02,L05,125,183,10,8
2025-01-31,5,M06,P04,L01,174,187,9,3
2025-01-31,5,M07,P03,L01,138,170,2,0
2025-01-31,5,M08,P03,L05,113,180,18,1
2025-01-31,5,M09,P03,L02,154,187,7,0
2025-01-31,5,M10,P02,L02,182,102,6,6
2025-01-31,6,M01,P02,L01,107,168,9,6
2025-01-31,6,M02,P01,L05,178,94,27,3
2025-01-31,6,M03,P05,L02,120,128,6,5
2025-01-31,6,M04,P04,L01,183,87,13,3
2025-01-31,6,M05,P05,L03,120,184,20,8
2025-01-31,6,M06,P04,L03,190,147,3,8
2025-01-31,6,M07,P03,L04,157,133,16,6
2025-01-31,6,M08,P04,L04,128,119,6,7
2025-01-31,6,M09,P01,L01,195,114,17,2
2025-01-31,6,M10,P03,L03,115,97,26,5
2025-01-31,7,M01,P02,L01,103,148,20,0
2025-01-31,7,M02,P05,L05,176,197,15,3
2025-01-31,7,M03,P03,L05,137,152,0,5
2025-01-31,7,M04,P04,L01,186,115,5,6
2025-01-31,7,M05,P03,L05,168,88,23,2
2025-01-31,7,M06,P03,L01,129,137,7,3
2025-01-31,7,M07,P01,L04,164,113,20,9
2025-01-31,7,M08,P01,L02,112,175,22,7
2025-01-31,7,M09,P01,L05,155,163,20,1
2025-01-31,7,M10,P03,L01,126,163,29,0
2025-01-31,8,M01,P04,L02,178,119,10,9
2025-01-31,8,M02,P05,L03,194,90,13,6
2025-01-31,8,M03,P04,L03,185,150,23,5
2025-01-31,8,M04,P01,L04,124,126,2,4
2025-01-31,8,M05,P03,L01,127,167,0,0
2025-01-31,8,M06,P03,L03,133,166,9,4
2025-01-31,8,M07,P02,L01,185,96,14,7
2025-01-31,8,M08,P05,L02,128,196,28,7
2025-01-31,8,M09,P05,L03,163,107,29,4
2025-01-31,8,M10,P01,L02,113,181,9,0
2025-01-31,9,M01,P01,L03,135,149,28,9
2025-01-31,9,M02,P02,L01,168,162,6,7
2025-01-31,9,M03,P02,L03,118,141,10,2
2025-01-31,9,M04,P03,L03,121,90,7,6
2025-01-31,9,M05,P03,L05,171,151,12,0
2025-01-31,9,M06,P05,L02,161,116,16,5
2025-01-31,9,M07,P04,L04,121,109,21,0
2025-01-31,9,M08,P02,L05,162,125,6,8
2025-01-31,9,M09,P03,L01,170,150,16,5
2025-01-31,9,M10,P03,L05,103,80,5,9
2025-01-31,10,M01,P05,L01,168,98,4,5
2025-01-31,10,M02,P01,L05,130,139,11,6
2025-01-31,10,M03,P05,L03,176,155,18,5
2025-01-31,10,M04,P05,L01,176,156,19,3
2025-01-31,10,M05,P05,L05,172,160,2,3
2025-01-31,10,M06,P01,L02,178,166,0,8
2025-01-31,10,M07,P01,L02,138,153,5,6
2025-01-31,10,M08,P01,L02,188,106,8,6
2025-01-31,10,M09,P01,L01,198,191,15,1
2025-01-31,10,M10,P01,L03,184,96,2,5
2025-01-31,11,M01,P04,L03,106,133,28,1
2025-01-31,11,M02,P02,L01,154,186,10,9
2025-01-31,11,M03,P04,L02,173,152,29,9
2025-01-31,11,M04,P03,L05,167,178,9,7
2025-01-31,11,M05,P05,L05,195,124,26,7
2025-01-31,11,M06,P01,L01,174,169,2,0
2025-01-31,11,M07,P05,L03,131,191,17,6
2025-01-31,11,M08,P04,L02,122,194,29,5
2025-01-31,11,M09,P03,L05,195,155,3,5
2025-01-31,11,M10,P03,L03,178,184,19,1
2025-01-31,12,M01,P05,L01,125,97,14,3
2025-01-31,12,M02,P01,L05,152,181,24,3
2025-01-31,12,M03,P02,L05,115,180,29,6
2025-01-31,12,M04,P04,L04,127,144,7,4
2025-01-31,12,M05,P02,L02,118,123,29,9
2025-01-31,12,M06,P02,L04,126,163,24,8
2025-01-31,12,M07,P05,L02,123,135,6,3
2025-01-31,12,M08,P05,L03,157,164,2,4
2025-01-31,12,M09,P02,L04,123,121,21,3
2025-01-31,12,M10,P03,L03,112,116,21,0
2025-01-31,13,M01,P03,L01,157,98,17,0
2025-01-31,13,M02,P04,L03,192,96,25,7
2025-01-31,13,M03,P05,L05,103,135,23,7
2025-01-31,13,M04,P04,L03,132,179,20,5
2025-01-31,13,M05,P05,L05,120,168,9,9
2025-01-31,13,M06,P02,L03,157,177,15,7
2025-01-31,13,M07,P05,L05,195,152,22,4
2025-01-31,13,M08,P02,L05,140,184,1,6
2025-01-31,13,M09,P01,L02,151,177,25,8
2025-01-31,13,M10,P04,L04,118,159,3,1
2025-01-31,14,M01,P01,L05,153,193,5,8
2025-01-31,14,M02,P01,L04,117,143,20,9
2025-01-31,14,M03,P01,L03,181,147,19,5
2025-01-31,14,M04,P03,L02,142,148,13,1
2025-01-31,14,M05,P05,L03,150,84,14,3
2025-01-31,14,M06,P02,L04,155,98,19,5
2025-01-31,14,M07,P04,L01,167,146,4,8
2025-01-31,14,M08,P05,L01,158,83,20,6
2025-01-31,14,M09,P01,L01,114,86,14,3
2025-01-31,14,M10,P02,L04,144,187,9,2
2025-01-31,15,M01,P05,L01,126,84,20,9
2025-01-31,15,M02,P03,L05,160,135,13,9
2025-01-31,15,M03,P05,L01,106,174,16,8
2025-01-31,15,M04,P04,L04,160,150,2,7
2025-01-31,15,M05,P02,L04,149,135,29,7
2025-01-31,15,M06,P01,L01,124,113,7,7
2025-01-31,15,M07,P04,L04,120,170,9,6
2025-01-31,15,M08,P03,L01,182,154,3,6
2025-01-31,15,M09,P05,L05,104,97,16,9
2025-01-31,15,M10,P03,L03,171,135,7,6
2025-01-31,16,M01,P01,L02,120,131,23,4
2025-01-31,16,M02,P02,L04,138,139,17,6
2025-01-31,16,M03,P05,L01,173,89,11,2
2025-01-31,16,M04,P05,L03,130,106,5,2
2025-01-31,16,M05,P01,L04,105,85,7,9
2025-01-31,16,M06,P03,L03,115,184,22,5
2025-01-31,16,M07,P01,L03,147,99,20,1
2025-01-31,16,M08,P02,L01,139,169,21,9
2025-01-31,16,M09,P01,L02,135,154,9,6
2025-01-31,16,M10,P03,L03,189,175,28,2
2025-01-31,17,M01,P04,L05,126,101,14,7
2025-01-31,17,M02,P04,L04,107,166,20,1
2025-01-31,17,M03,P01,L01,104,180,11,6
2025-01-31,17,M04,P02,L05,127,147,16,5
2025-01-31,17,M05,P04,L01,125,154,19,4
2025-01-31,17,M06,P01,L03,196,154,21,5
2025-01-31,17,M07,P01,L05,159,193,20,6
2025-01-31,17,M08,P01,L02,123,169,24,3
2025-01-31,17,M09,P02,L01,143,81,9,2
2025-01-31,17,M10,P01,L01,162,101,0,4
2025-01-31,18,M01,P04,L01,196,181,6,4
2025-01-31,18,M02,P01,L02,171,123,28,1
2025-01-31,18,M03,P02,L02,107,196,24,8
2025-01-31,18,M04,P01,L01,179,81,2,1
2025-01-31,18,M05,P03,L03,148,131,20,3
2025-01-31,18,M06,P02,L03,169,185,13,0
2025-01-31,18,M07,P02,L05,113,188,23,0
2025-01-31,18,M08,P02,L05,173,171,3,5
2025-01-31,18,M09,P02,L05,140,106,9,7
2025-01-31,18,M10,P04,L04,128,115,12,8
2025-01-31,19,M01,P05,L04,119,124,22,5
2025-01-31,19,M02,P05,L02,150,88,9,0
2025-01-31,19,M03,P04,L02,144,131,24,0
2025-01-31,19,M04,P01,L02,195,124,16,0
2025-01-31,19,M05,P03,L03,113,195,9,1
2025-01-31,19,M06,P05,L01,185,97,2,9
2025-01-31,19,M07,P02,L03,151,109,4,7
2025-01-31,19,M08,P03,L01,125,184,26,3
2025-01-31,19,M09,P01,L02,161,190,17,4
2025-01-31,19,M10,P03,L03,168,196,17,0
2025-01-31,20,M01,P05,L04,148,152,25,4
2025-01-31,20,M02,P04,L01,123,80,3,6
2025-01-31,20,M03,P04,L04,168,118,16,2
2025-01-31,20,M04,P03,L01,181,164,9,4
2025-01-31,20,M05,P01,L02,102,80,20,2
2025-01-31,20,M06,P01,L05,174,174,16,0
2025-01-31,20,M07,P03,L01,195,121,4,8
2025-01-31,20,M08,P05,L03,111,157,11,2
2025-01-31,20,M09,P04,L01,170,159,27,6
2025-01-31,20,M10,P05,L03,149,138,24,2
2025-01-31,21,M01,P02,L03,125,180,7,2
2025-01-31,21,M02,P02,L01,171,185,6,2
2025-01-31,21,M03,P02,L01,166,171,13,4
2025-01-31,21,M04,P02,L03,138,99,0,8
2025-01-31,21,M05,P03,L01,150,117,6,3
2025-01-31,21,M06,P02,L01,153,198,5,6
2025-01-31,21,M07,P04,L01,108,170,2,5
2025-01-31,21,M08,P05,L04,140,147,29,7
2025-01-31,21,M09,P02,L02,144,190,2,5
2025-01-31,21,M10,P01,L04,183,191,5,7
2025-01-31,22,M01,P04,L05,112,108,29,3
2025-01-31,22,M02,P01,L02,153,178,12,6
2025-01-31,22,M03,P05,L04,142,166,17,3
2025-01-31,22,M04,P04,L04,170,179,9,0
2025-01-31,22,M05,P05,L01,148,114,8,2
2025-01-31,22,M06,P05,L03,108,116,27,7
2025-01-31,22,M07,P01,L02,111,181,6,6
2025-01-31,22,M08,P05,L04,144,190,17,1
2025-01-31,22,M09,P02,L02,186,172,7,2
2025-01-31,22,M10,P03,L05,152,85,28,7
2025-01-31,23,M01,P03,L02,113,131,5,3
2025-01-31,23,M02,P04,L02,178,116,15,9
2025-01-31,23,M03,P02,L04,112,145,27,9
2025-01-31,23,M04,P04,L01,104,146,1,9
2025-01-31,23,M05,P04,L04,148,108,15,5
2025-01-31,23,M06,P02,L02,107,138,22,1
2025-01-31,23,M07,P01,L02,158,167,15,9
2025-01-31,23,M08,P05,L02,125,96,17,9
2025-01-31,23,M09,P02,L04,142,197,15,3
2025-01-31,23,M10,P03,L03,124,151,17,2
2025-01-31,24,M01,P02,L02,163,150,24,0
2025-01-31,24,M02,P03,L03,185,94,3,9
2025-01-31,24,M03,P01,L02,108,86,13,6
2025-01-31,24,M04,P01,L04,172,187,11,7
2025-01-31,24,M05,P04,L03,141,155,4,3
2025-01-31,24,M06,P01,L01,123,113,3,3
2025-01-31,24,M07,P03,L05,115,87,26,6
2025-01-31,24,M08,P04,L02,143,83,14,8
2025-01-31,24,M09,P05,L03,105,176,7,0
2025-01-31,24,M10,P04,L03,101,117,7,7
2025-02-01,1,M01,P03,L05,181,114,10,2
2025-02-01,1,M02,P01,L04,162,102,21,9
2025-02-01,1,M03,P02,L02,180,120,17,3
2025-02-01,1,M04,P01,L01,174,96,13,1
2025-02-01,1,M05,P04,L02,162,151,28,7
2025-02-01,1,M06,P04,L02,171,163,14,7
2025-02-01,1,M07,P01,L05,125,85,16,3
2025-02-01,1,M08,P01,L01,185,197,27,1
2025-02-01,1,M09,P02,L02,155,118,13,5
2025-02-01,1,M10,P01,L02,140,169,9,1
2025-02-01,2,M01,P02,L03,110,153,11,8
2025-02-01,2,M02,P05,L04,129,117,10,0
2025-02-01,2,M03,P03,L03,148,180,8,9
2025-02-01,2,M04,P02,L03,188,96,5,2
2025-02-01,2,M05,P01,L04,143,194,17,7
2025-02-01,2,M06,P05,L03,143,149,11,9
2025-02-01,2,M07,P01,L02,138,138,6,4
2025-02-01,2,M08,P03,L01,133,132,1,1
2025-02-01,2,M09,P03,L04,172,182,3,7
2025-02-01,2,M10,P03,L03,192,131,16,9
2025-02-01,3,M01,P02,L03,111,176,1,1
2025-02-01,3,M02,P04,L05,109,171,8,1
2025-02-01,3,M03,P02,L01,122,186,12,7
2025-02-01,3,M04,P05,L05,188,123,14,7
2025-02-01,3,M05,P02,L02,142,111,16,9
2025-02-01,3,M06,P03,L02,118,163,19,3
2025-02-01,3,M07,P03,L02,180,187,29,4
2025-02-01,3,M08,P01,L02,133,133,19,5
2025-02-01,3,M09,P04,L02,117,123,6,2
2025-02-01,3,M10,P03,L03,118,166,18,1
2025-02-01,4,M01,P05,L03,154,92,1,7
2025-02-01,4,M02,P04,L02,199,151,10,0
2025-02-01,4,M03,P01,L04,137,179,5,5
2025-02-01,4,M04,P01,L05,190,189,11,3
2025-02-01,4,M05,P05,L01,163,146,3,7
2025-02-01,4,M06,P03,L03,125,174,1,7
2025-02-01,4,M07,P05,L01,101,198,26,2
2025-02-01,4,M08,P01,L02,163,86,2,5
2025-02-01,4,M09,P03,L02,194,197,22,4
2025-02-01,4,M10,P03,L01,185,142,0,4
2025-02-01,5,M01,P04,L05,172,170,28,0
2025-02-01,5,M02,P04,L05,164,82,19,0
2025-02-01,5,M03,P01,L05,173,186,12,9
2025-02-01,5,M04,P05,L04,130,147,19,0
2025-02-01,5,M05,P03,L02,152,97,18,8
2025-02-01,5,M06,P01,L05,166,144,18,5
2025-02-01,5,M07,P05,L02,111,187,16,1
2025-02-01,5,M08,P01,L05,127,124,4,4
2025-02-01,5,M09,P05,L01,155,137,18,3
2025-02-01,5,M10,P03,L01,137,124,11,8
2025-02-01,6,M01,P03,L05,131,185,10,8
2025-02-01,6,M02,P02,L02,176,114,16,1
2025-02-01,6,M03,P02,L05,115,154,21,3
2025-02-01,6,M04,P04,L01,126,191,3,2
2025-02-01,6,M05,P05,L03,162,179,1,2
2025-02-01,6,M06,P02,L04,132,129,27,7
2025-02-01,6,M07,P02,L04,185,170,27,6
2025-02-01,6,M08,P04,L01,190,87,24,7
2025-02-01,6,M09,P03,L03,199,198,23,9
2025-02-01,6,M10,P04,L02,107,182,25,7
2025-02-01,7,M01,P02,L05,138,194,2,8
2025-02-01,7,M02,P01,L04,134,106,0,5
2025-02-01,7,M03,P02,L05,170,151,12,5
2025-02-01,7,M04,P02,L05,167,104,23,4
2025-02-01,7,M05,P01,L05,139,151,22,6
2025-02-01,7,M06,P04,L01,150,115,26,5
2025-02-01,7,M07,P04,L02,189,168,3,5
2025-02-01,7,M08,P05,L01,124,174,21,4
2025-02-01,7,M09,P05,L03,114,146,4,9
2025-02-01,7,M10,P01,L02,154,129,2,9
2025-02-01,8,M01,P04,L01,110,167,10,7
2025-02-01,8,M02,P02,L01,119,179,1,8
2025-02-01,8,M03,P05,L02,153,132,19,5
2025-02-01,8,M04,P01,L04,190,137,14,6
2025-02-01,8,M05,P04,L03,167,160,5,1
2025-02-01,8,M06,P05,L04,104,139,23,2
2025-02-01,8,M07,P01,L01,130,171,0,1
2025-02-01,8,M08,P05,L01,103,161,22,7
2025-02-01,8,M09,P05,L01,193,146,0,7
2025-02-01,8,M10,P05,L05,128,134,4,3
2025-02-01,9,M01,P04,L05,158,166,13,5
2025-02-01,9,M02,P02,L02,159,141,26,8
2025-02-01,9,M03,P02,L02,177,150,16,7
2025-02-01,9,M04,P04,L04,135,148,12,6
2025-02-01,9,M05,P03,L01,124,82,8,4
2025-02-01,9,M06,P02,L04,146,87,24,8
2025-02-01,9,M07,P01,L02,139,102,3,5
2025-02-01,9,M08,P02,L02,103,87,3,9
2025-02-01,9,M09,P04,L04,115,109,11,9
2025-02-01,9,M10,P03,L01,133,159,22,2
2025-02-01,10,M01,P04,L04,148,123,15,2
2025-02-01,10,M02,P02,L02,169,176,14,7
2025-02-01,10,M03,P01,L01,104,150,17,5
2025-02-01,10,M04,P02,L02,160,119,11,5
2025-02-01,10,M05,P03,L03,181,148,13,8
2025-02-01,10,M06,P05,L04,158,117,15,3
2025-02-01,10,M07,P05,L04,129,186,20,8
2025-02-01,10,M08,P05,L04,194,108,14,8
2025-02-01,10,M09,P04,L05,187,158,23,9
2025-02-01,10,M10,P03,L02,156,103,18,9
2025-02-01,11,M01,P05,L01,160,83,23,5
2025-02-01,11,M02,P05,L02,188,85,29,2
2025-02-01,11,M03,P03,L04,167,180,21,8
2025-02-01,11,M04,P01,L03,149,119,3,6
2025-02-01,11,M05,P04,L02,110,93,12,7
2025-02-01,11,M06,P04,L02,193,123,8,6
2025-02-01,11,M07,P05,L02,190,96,17,8
2025-02-01,11,M08,P03,L02,198,158,15,4
2025-02-01,11,M09,P05,L01,189,114,26,3
2025-02-01,11,M10,P05,L04,108,166,17,7
2025-02-01,12,M01,P02,L03,122,164,9,5
2025-02-01,12,M02,P04,L03,184,180,22,3
2025-02-01,12,M03,P04,L05,183,190,7,4
2025-02-01,12,M04,P01,L05,120,127,23,2
2025-02-01,12,M05,P01,L04,114,190,11,4
2025-02-01,12,M06,P04,L02,193,146,29,0
2025-02-01,12,M07,P02,L02,173,109,10,9
2025-02-01,12,M08,P03,L04,168,152,10,6
2025-02-01,12,M09,P03,L01,176,160,22,6
2025-02-01,12,M10,P02,L01,154,97,29,9
2025-02-01,13,M01,P02,L04,117,164,8,8
2025-02-01,13,M02,P01,L02,142,93,22,9
2025-02-01,13,M03,P04,L02,113,162,25,9
2025-02-01,13,M04,P02,L01,113,105,17,1
2025-02-01,13,M05,P03,L04,123,174,7,5
2025-02-01,13,M06,P01,L04,144,113,21,6
2025-02-01,13,M07,P05,L01,122,97,13,1
2025-02-01,13,M08,P04,L05,114,84,20,1
2025-02-01,13,M09,P04,L02,178,91,26,2
2025-02-01,13,M10,P05,L04,169,145,25,5
2025-02-01,14,M01,P04,L01,143,138,23,0
2025-02-01,14,M02,P04,L01,190,153,10,1
2025-02-01,14,M03,P03,L04,100,165,28,0
2025-02-01,14,M04,P04,L02,158,198,22,3
2025-02-01,14,M05,P04,L02,126,166,0,1
2025-02-01,14,M06,P02,L04,148,168,5,2
2025-02-01,14,M07,P03,L04,163,137,16,5
2025-02-01,14,M08,P02,L01,104,196,22,4
2025-02-01,14,M09,P02,L04,167,91,14,9
2025-02-01,14,M10,P02,L04,123,148,12,3
2025-02-01,15,M01,P02,L01,134,174,23,3
2025-02-01,15,M02,P02,L01,143,121,9,8
2025-02-01,15,M03,P01,L02,100,133,15,9
2025-02-01,15,M04,P02,L05,160,171,26,3
2025-02-01,15,M05,P04,L01,190,143,10,6
2025-02-01,15,M06,P01,L04,169,197,24,7
2025-02-01,15,M07,P04,L05,166,158,10,1
2025-02-01,15,M08,P01,L03,186,177,20,0
2025-02-01,15,M09,P03,L05,180,141,0,6
2025-02-01,15,M10,P03,L05,189,159,15,8
2025-02-01,16,M01,P04,L01,189,170,24,0
2025-02-01,16,M02,P04,L04,180,176,29,8
2025-02-01,16,M03,P01,L05,174,194,22,1
2025-02-01,16,M04,P02,L04,191,152,11,6
2025-02-01,16,M05,P04,L02,157,171,23,0
2025-02-01,16,M06,P05,L05,141,97,2,9
2025-02-01,16,M07,P02,L05,158,171,15,3
2025-02-01,16,M08,P05,L03,138,120,4,7
2025-02-01,16,M09,P01,L02,190,131,19,6
2025-02-01,16,M10,P04,L05,195,164,14,1
2025-02-01,17,M01,P03,L02,104,123,9,9
2025-02-01,17,M02,P02,L05,137,171,21,7
2025-02-01,17,M03,P01,L04,138,91,6,8
2025-02-01,17,M04,P04,L04,121,115,9,7
2025-02-01,17,M05,P05,L03,104,83,18,9
2025-02-01,17,M06,P05,L05,185,178,24,1
2025-02-01,17,M07,P01,L03,170,177,9,7
2025-02-01,17,M08,P04,L01,190,193,5,0
2025-02-01,17,M09,P01,L05,182,177,6,6
2025-02-01,17,M10,P02,L05,152,182,27,5
2025-02-01,18,M01,P04,L01,166,127,19,8
2025-02-01,18,M02,P05,L02,162,87,25,5
2025-02-01,18,M03,P03,L04,140,186,5,1
2025-02-01,18,M04,P01,L01,150,129,11,4
2025-02-01,18,M05,P02,L03,160,134,2,3
2025-02-01,18,M06,P02,L02,143,107,10,9
2025-02-01,18,M07,P04,L05,192,81,22,1
2025-02-01,18,M08,P04,L01,146,173,21,9
2025-02-01,18,M09,P04,L02,100,144,24,0
2025-02-01,18,M10,P04,L03,114,93,22,0
2025-02-01,19,M01,P02,L01,102,125,27,6
2025-02-01,19,M02,P01,L04,116,107,28,6
2025-02-01,19,M03,P02,L01,132,137,15,2
2025-02-01,19,M04,P01,L01,158,93,17,4
2025-02-01,19,M05,P04,L02,183,85,26,9
2025-02-01,19,M06,P04,L01,189,96,7,1
2025-02-01,19,M07,P04,L03,184,133,6,3
2025-02-01,19,M08,P01,L03,135,136,24,2
2025-02-01,19,M09,P05,L03,193,90,12,7
2025-02-01,19,M10,P01,L01,165,189,23,6
2025-02-01,20,M01,P01,L02,119,193,18,1
2025-02-01,20,M02,P04,L01,163,144,7,3
2025-02-01,20,M03,P03,L02,158,103,23,8
2025-02-01,20,M04,P02,L04,115,179,11,1
2025-02-01,20,M05,P03,L04,100,132,11,2
2025-02-01,20,M06,P01,L03,140,100,12,1
2025-02-01,20,M07,P03,L02,161,168,27,0
2025-02-01,20,M08,P03,L02,191,140,28,9
2025-02-01,20,M09,P01,L03,181,93,21,8
2025-02-01,20,M10,P01,L04,143,135,29,2
2025-02-01,21,M01,P01,L02,190,138,8,4
2025-02-01,21,M02,P03,L04,141,105,26,4
2025-02-01,21,M03,P04,L03,102,120,28,0
2025-02-01,21,M04,P03,L01,169,154,29,1
2025-02-01,21,M05,P03,L01,195,153,24,9
2025-02-01,21,M06,P04,L05,100,178,13,4
2025-02-01,21,M07,P04,L02,137,80,19,7
2025-02-01,21,M08,P04,L05,195,144,12,9
2025-02-01,21,M09,P04,L01,156,199,7,1
2025-02-01,21,M10,P02,L03,108,130,29,7
2025-02-01,22,M01,P04,L05,139,115,20,0
2025-02-01,22,M02,P03,L02,184,191,21,0
2025-02-01,22,M03,P03,L01,106,121,12,3
2025-02-01,22,M04,P04,L02,152,125,24,8
2025-02-01,22,M05,P04,L05,113,147,5,6
2025-02-01,22,M06,P01,L05,128,160,3,2
2025-02-01,22,M07,P04,L02,172,81,29,3
2025-02-01,22,M08,P02,L02,151,104,29,0
2025-02-01,22,M09,P03,L01,109,138,24,9
2025-02-01,22,M10,P05,L04,157,123,16,2
2025-02-01,23,M01,P05,L04,116,158,20,5
2025-02-01,23,M02,P05,L03,185,99,5,5
2025-02-01,23,M03,P01,L04,182,122,25,6
2025-02-01,23,M04,P04,L02,105,116,29,5
2025-02-01,23,M05,P01,L05,159,172,17,3
2025-02-01,23,M06,P04,L01,176,198,16,5
2025-02-01,23,M07,P02,L02,124,97,16,9
2025-02-01,23,M08,P03,L05,178,188,6,7
2025-02-01,23,M09,P03,L04,187,84,25,6
2025-02-01,23,M10,P05,L04,180,98,27,9
2025-02-01,24,M01,P03,L01,183,173,20,2
2025-02-01,24,M02,P03,L04,105,195,4,6
2025-02-01,24,M03,P01,L04,117,189,3,7
2025-02-01,24,M04,P04,L04,163,162,29,9
2025-02-01,24,M05,P04,L03,175,81,8,2
2025-02-01,24,M06,P04,L01,162,174,27,8
2025-02-01,24,M07,P02,L05,113,176,5,4
2025-02-01,24,M08,P02,L02,138,128,26,7
2025-02-01,24,M09,P05,L02,150,173,24,4
2025-02-01,24,M10,P03,L03,154,137,3,4
2025-02-02,1,M01,P05,L04,108,107,22,5
2025-02-02,1,M02,P02,L03,122,100,25,2
2025-02-02,1,M03,P03,L03,198,86,26,9
2025-02-02,1,M04,P04,L01,189,141,7,3
2025-02-02,1,M05,P05,L01,162,192,8,7
2025-02-02,1,M06,P04,L05,154,146,7,4
2025-02-02,1,M07,P01,L05,157,142,26,7
2025-02-02,1,M08,P04,L01,191,147,19,8
2025-02-02,1,M09,P02,L02,199,185,2,9
2025-02-02,1,M10,P04,L05,154,180,4,3
2025-02-02,2,M01,P02,L01,190,133,21,0
2025-02-02,2,M02,P04,L03,117,149,16,0
2025-02-02,2,M03,P02,L05,109,103,19,3
2025-02-02,2,M04,P05,L02,125,179,26,4
2025-02-02,2,M05,P03,L02,105,103,20,6
2025-02-02,2,M06,P04,L02,141,141,28,3
2025-02-02,2,M07,P03,L01,113,110,11,3
2025-02-02,2,M08,P05,L05,198,143,12,3
2025-02-02,2,M09,P03,L03,189,163,28,3
2025-02-02,2,M10,P04,L05,105,145,3,1
2025-02-02,3,M01,P04,L04,140,86,21,7
2025-02-02,3,M02,P02,L04,110,81,29,3
2025-02-02,3,M03,P01,L05,120,104,8,7
2025-02-02,3,M04,P04,L05,165,164,26,0
2025-02-02,3,M05,P03,L02,101,107,10,4
2025-02-02,3,M06,P05,L02,120,101,1,9
2025-02-02,3,M07,P01,L01,187,146,10,2
2025-02-02,3,M08,P05,L01,103,195,22,5
2025-02-02,3,M09,P01,L02,117,199,3,9
2025-02-02,3,M10,P01,L01,124,131,16,2
2025-02-02,4,M01,P01,L03,134,147,26,2
2025-02-02,4,M02,P01,L05,117,92,6,0
2025-02-02,4,M03,P05,L05,144,141,29,4
2025-02-02,4,M04,P03,L02,118,91,20,6
2025-02-02,4,M05,P02,L02,181,134,2,8
2025-02-02,4,M06,P01,L03,141,183,28,6
2025-02-02,4,M07,P03,L01,198,109,2,6
2025-02-02,4,M08,P04,L03,117,111,4,5
2025-02-02,4,M09,P02,L04,130,189,0,3
2025-02-02,4,M10,P04,L04,119,128,2,6
2025-02-02,5,M01,P02,L04,123,106,0,8
2025-02-02,5,M02,P02,L05,144,189,19,2
2025-02-02,5,M03,P04,L03,174,88,19,2
2025-02-02,5,M04,P02,L05,106,116,24,3
2025-02-02,5,M05,P02,L01,191,116,16,0
2025-02-02,5,M06,P01,L01,155,113,24,6
2025-02-02,5,M07,P03,L03,108,99,22,2
2025-02-02,5,M08,P05,L05,167,156,5,8
2025-02-02,5,M09,P01,L05,104,148,24,7
2025-02-02,5,M10,P05,L05,130,125,1,8
2025-02-02,6,M01,P04,L03,186,117,13,4
2025-02-02,6,M02,P03,L03,177,150,13,1
2025-02-02,6,M03,P02,L01,140,186,19,9
2025-02-02,6,M04,P02,L03,137,80,4,5
2025-02-02,6,M05,P01,L01,108,173,18,3
2025-02-02,6,M06,P01,L02,195,180,1,4
2025-02-02,6,M07,P05,L02,143,94,20,8
2025-02-02,6,M08,P01,L01,185,150,12,1
2025-02-02,6,M09,P03,L01,112,195,27,8
2025-02-02,6,M10,P03,L01,166,160,1,8
2025-02-02,7,M01,P04,L01,100,136,16,9
2025-02-02,7,M02,P05,L04,184,148,3,8
2025-02-02,7,M03,P01,L05,106,116,9,0
2025-02-02,7,M04,P02,L04,147,133,9,3
2025-02-02,7,M05,P01,L02,102,92,28,8
2025-02-02,7,M06,P01,L04,152,89,5,8
2025-02-02,7,M07,P04,L01,195,176,1,1
2025-02-02,7,M08,P05,L03,173,195,5,4
2025-02-02,7,M09,P01,L02,160,185,7,8
2025-02-02,7,M10,P05,L03,181,106,19,1
2025-02-02,8,M01,P04,L02,171,83,27,3
2025-02-02,8,M02,P01,L04,111,93,29,2
2025-02-02,8,M03,P04,L03,164,138,8,6
2025-02-02,8,M04,P01,L02,143,125,14,5
2025-02-02,8,M05,P04,L05,141,189,16,2
2025-02-02,8,M06,P03,L04,124,199,13,7
2025-02-02,8,M07,P04,L02,134,181,19,5
2025-02-02,8,M08,P03,L04,101,147,25,1
2025-02-02,8,M09,P03,L01,131,96,4,6
2025-02-02,8,M10,P04,L01,159,131,20,1
2025-02-02,9,M01,P01,L04,100,176,3,0
2025-02-02,9,M02,P02,L05,167,134,24,8
2025-02-02,9,M03,P03,L03,191,102,3,8
2025-02-02,9,M04,P05,L05,185,168,22,7
2025-02-02,9,M05,P05,L03,132,157,23,5
2025-02-02,9,M06,P03,L04,186,85,18,9
2025-02-02,9,M07,P03,L05,163,93,16,6
2025-02-02,9,M08,P01,L05,103,125,7,1
2025-02-02,9,M09,P04,L04,144,151,27,7
2025-02-02,9,M10,P03,L05,178,147,2,1
2025-02-02,10,M01,P01,L04,169,83,16,6
2025-02-02,10,M02,P04,L02,185,89,16,6
2025-02-02,10,M03,P03,L04,182,169,6,2
2025-02-02,10,M04,P04,L03,150,166,22,8
2025-02-02,10,M05,P03,L02,171,181,24,7
2025-02-02,10,M06,P02,L03,141,122,0,4
2025-02-02,10,M07,P01,L02,163,143,27,3
2025-02-02,10,M08,P04,L01,199,161,26,2
2025-02-02,10,M09,P01,L03,138,145,8,7
2025-02-02,10,M10,P02,L04,192,127,2,5
2025-02-02,11,M01,P03,L04,174,186,22,4
2025-02-02,11,M02,P03,L04,150,89,27,3
2025-02-02,11,M03,P02,L04,113,181,4,4
2025-02-02,11,M04,P04,L03,161,128,13,4
2025-02-02,11,M05,P04,L05,157,111,23,2
2025-02-02,11,M06,P05,L02,112,115,21,8
2025-02-02,11,M07,P03,L02,106,94,16,8
2025-02-02,11,M08,P04,L02,102,82,10,4
2025-02-02,11,M09,P04,L05,122,109,29,6
2025-02-02,11,M10,P01,L03,185,143,10,9
2025-02-02,12,M01,P01,L03,178,190,22,8
2025-02-02,12,M02,P03,L04,143,90,27,5
2025-02-02,12,M03,P03,L03,115,175,5,8
2025-02-02,12,M04,P05,L01,164,114,2,3
2025-02-02,12,M05,P03,L05,107,106,8,6
2025-02-02,12,M06,P02,L05,185,94,18,8
2025-02-02,12,M07,P01,L02,172,146,24,9
2025-02-02,12,M08,P01,L01,135,139,20,5
2025-02-02,12,M09,P01,L04,121,184,17,3
2025-02-02,12,M10,P04,L03,196,161,3,9
2025-02-02,13,M01,P05,L04,188,128,7,2
2025-02-02,13,M02,P03,L01,178,131,15,4
2025-02-02,13,M03,P02,L04,138,95,27,2
2025-02-02,13,M04,P02,L05,165,184,7,6
2025-02-02,13,M05,P04,L03,179,126,8,3
2025-02-02,13,M06,P04,L02,177,139,25,2
2025-02-02,13,M07,P02,L02,113,135,28,4
2025-02-02,13,M08,P04,L04,192,182,11,6
2025-02-02,13,M09,P05,L01,150,142,0,7
2025-02-02,13,M10,P03,L02,180,158,21,8
2025-02-02,14,M01,P04,L03,122,143,3,0
2025-02-02,14,M02,P03,L01,119,140,14,8
2025-02-02,14,M03,P05,L05,106,110,27,2
2025-02-02,14,M04,P03,L05,180,179,25,3
2025-02-02,14,M05,P01,L02,198,120,27,9
2025-02-02,14,M06,P04,L02,108,172,1,6
2025-02-02,14,M07,P05,L01,106,82,19,4
2025-02-02,14,M08,P03,L03,155,102,0,1
2025-02-02,14,M09,P05,L04,177,93,26,9
2025-02-02,14,M10,P04,L03,146,195,29,8
2025-02-02,15,M01,P04,L04,151,95,1,7
2025-02-02,15,M02,P04,L05,120,143,7,3
2025-02-02,15,M03,P05,L05,137,166,18,9
2025-02-02,15,M04,P03,L03,112,88,16,9
2025-02-02,15,M05,P05,L04,187,121,18,4
2025-02-02,15,M06,P02,L03,157,109,4,7
2025-02-02,15,M07,P04,L05,188,124,16,4
2025-02-02,15,M08,P02,L01,124,186,29,1
2025-02-02,15,M09,P05,L05,129,127,18,6
2025-02-02,15,M10,P02,L04,191,153,3,0
2025-02-02,16,M01,P02,L02,156,96,10,6
2025-02-02,16,M02,P04,L01,116,184,9,9
2025-02-02,16,M03,P03,L01,189,83,29,3
2025-02-02,16,M04,P01,L01,174,102,0,6
2025-02-02,16,M05,P05,L05,100,149,12,3
2025-02-02,16,M06,P04,L01,123,110,27,3
2025-02-02,16,M07,P03,L05,123,150,13,4
2025-02-02,16,M08,P01,L05,121,197,1,4
2025-02-02,16,M09,P04,L04,125,94,2,8
2025-02-02,16,M10,P04,L03,138,142,3,8
2025-02-02,17,M01,P04,L01,120,172,24,6
2025-02-02,17,M02,P03,L01,118,154,24,0
2025-02-02,17,M03,P05,L05,176,113,16,2
2025-02-02,17,M04,P02,L03,141,138,8,2
2025-02-02,17,M05,P02,L03,187,185,14,4
2025-02-02,17,M06,P03,L02,158,191,16,1
2025-02-02,17,M07,P04,L05,164,93,15,6
2025-02-02,17,M08,P01,L01,107,152,1,0
2025-02-02,17,M09,P05,L02,104,150,11,0
2025-02-02,17,M10,P05,L02,182,124,15,8
2025-02-02,18,M01,P03,L03,141,187,6,9
2025-02-02,18,M02,P02,L04,179,151,3,0
2025-02-02,18,M03,P02,L04,110,188,5,5
2025-02-02,18,M04,P04,L04,126,80,9,0
2025-02-02,18,M05,P04,L04,169,133,24,1
2025-02-02,18,M06,P04,L04,122,159,0,4
2025-02-02,18,M07,P04,L03,101,191,20,8
2025-02-02,18,M08,P02,L01,170,173,12,1
2025-02-02,18,M09,P05,L04,166,122,25,7
2025-02-02,18,M10,P02,L03,138,187,5,9
2025-02-02,19,M01,P03,L04,178,195,14,2
2025-02-02,19,M02,P01,L03,119,99,17,1
2025-02-02,19,M03,P03,L05,137,117,0,2
2025-02-02,19,M04,P05,L04,163,106,6,3
2025-02-02,19,M05,P03,L04,178,85,8,3
2025-02-02,19,M06,P01,L02,110,128,17,3
2025-02-02,19,M07,P04,L04,146,181,15,1
2025-02-02,19,M08,P03,L01,166,166,16,7
2025-02-02,19,M09,P03,L04,127,126,12,4
2025-02-02,19,M10,P01,L03,188,167,0,1
2025-02-02,20,M01,P03,L02,180,154,4,5
2025-02-02,20,M02,P02,L05,186,143,17,6
2025-02-02,20,M03,P02,L02,159,181,21,7
2025-02-02,20,M04,P05,L05,157,128,3,0
2025-02-02,20,M05,P05,L02,114,158,7,0
2025-02-02,20,M06,P01,L03,112,117,9,0
2025-02-02,20,M07,P04,L02,182,94,20,4
2025-02-02,20,M08,P03,L02,177,172,8,0
2025-02-02,20,M09,P01,L05,159,175,1,7
2025-02-02,20,M10,P01,L04,150,120,14,6
2025-02-02,21,M01,P05,L05,182,131,0,4
2025-02-02,21,M02,P03,L02,191,151,11,9
2025-02-02,21,M03,P03,L02,181,103,12,3
2025-02-02,21,M04,P01,L02,141,190,13,7
2025-02-02,21,M05,P05,L04,114,87,6,9
2025-02-02,21,M06,P01,L05,145,171,26,6
2025-02-02,21,M07,P03,L04,195,194,27,5
2025-02-02,21,M08,P05,L03,123,152,1,5
2025-02-02,21,M09,P03,L03,199,189,20,9
2025-02-02,21,M10,P05,L03,181,131,13,3
2025-02-02,22,M01,P03,L04,139,147,11,5
2025-02-02,22,M02,P02,L01,171,109,3,3
2025-02-02,22,M03,P03,L02,146,84,2,1
2025-02-02,22,M04,P01,L02,171,133,13,8
2025-02-02,22,M05,P04,L05,109,176,23,2
2025-02-02,22,M06,P03,L01,148,114,0,0
2025-02-02,22,M07,P04,L05,125,179,4,2
2025-02-02,22,M08,P02,L04,145,185,7,6
2025-02-02,22,M09,P05,L02,103,129,27,8
2025-02-02,22,M10,P03,L04,136,89,5,3
2025-02-02,23,M01,P05,L02,126,160,6,8
2025-02-02,23,M02,P01,L03,158,115,21,2
2025-02-02,23,M03,P04,L01,105,186,23,5
2025-02-02,23,M04,P02,L04,121,161,15,3
2025-02-02,23,M05,P05,L04,136,131,23,2
2025-02-02,23,M06,P04,L02,190,96,15,0
2025-02-02,23,M07,P05,L05,190,80,29,3
2025-02-02,23,M08,P05,L02,198,141,12,2
2025-02-02,23,M09,P05,L01,146,95,29,2
2025-02-02,23,M10,P02,L05,191,94,8,6
2025-02-02,24,M01,P05,L05,128,105,5,3
2025-02-02,24,M02,P04,L04,183,170,5,0
2025-02-02,24,M03,P02,L01,133,84,15,3
2025-02-02,24,M04,P05,L03,170,137,1,5
2025-02-02,24,M05,P02,L04,148,151,4,9
2025-02-02,24,M06,P03,L02,170,145,12,6
2025-02-02,24,M07,P02,L04,120,171,13,3
2025-02-02,24,M08,P02,L01,109,171,12,1
2025-02-02,24,M09,P01,L03,105,91,28,9
2025-02-02,24,M10,P05,L04,118,126,25,5
2025-02-03,1,M01,P05,L04,169,140,4,1
2025-02-03,1,M02,P02,L04,102,149,10,4
2025-02-03,1,M03,P02,L02,126,103,21,8
2025-02-03,1,M04,P03,L03,103,186,7,6
2025-02-03,1,M05,P03,L01,165,134,19,2
2025-02-03,1,M06,P04,L04,182,136,29,2
2025-02-03,1,M07,P05,L02,180,138,0,4
2025-02-03,1,M08,P04,L04,168,107,24,3
2025-02-03,1,M09,P05,L05,105,108,9,6
2025-02-03,1,M10,P05,L01,137,144,23,1
2025-02-03,2,M01,P03,L01,186,182,25,9
2025-02-03,2,M02,P05,L04,155,105,14,0
2025-02-03,2,M03,P01,L03,114,176,10,7
2025-02-03,2,M04,P05,L04,147,142,25,4
2025-02-03,2,M05,P03,L04,184,158,24,1
2025-02-03,2,M06,P04,L02,183,162,27,4
2025-02-03,2,M07,P03,L02,100,113,2,9
2025-02-03,2,M08,P04,L05,177,182,3,7
2025-02-03,2,M09,P05,L01,163,80,14,6
2025-02-03,2,M10,P04,L05,163,94,11,7
2025-02-03,3,M01,P01,L04,190,149,22,6
2025-02-03,3,M02,P01,L05,159,173,11,3
2025-02-03,3,M03,P02,L05,138,133,22,2
2025-02-03,3,M04,P05,L02,112,132,18,1
2025-02-03,3,M05,P04,L05,192,199,17,5
2025-02-03,3,M06,P01,L04,152,191,3,7
2025-02-03,3,M07,P05,L03,172,87,29,7
2025-02-03,3,M08,P05,L02,148,122,9,8
2025-02-03,3,M09,P01,L02,185,176,15,9
2025-02-03,3,M10,P05,L02,109,142,6,6
2025-02-03,4,M01,P01,L05,125,188,4,2
2025-02-03,4,M02,P05,L05,126,91,29,1
2025-02-03,4,M03,P05,L03,136,81,5,6
2025-02-03,4,M04,P03,L01,119,81,9,4
2025-02-03,4,M05,P04,L05,142,129,10,0
2025-02-03,4,M06,P04,L02,159,111,25,4
2025-02-03,4,M07,P02,L02,124,129,21,6
2025-02-03,4,M08,P03,L03,162,188,3,0
2025-02-03,4,M09,P04,L02,127,121,27,5
2025-02-03,4,M10,P01,L03,119,186,6,6
2025-02-03,5,M01,P04,L05,125,120,2,0
2025-02-03,5,M02,P02,L04,152,131,0,6
2025-02-03,5,M03,P01,L04,163,183,0,7
2025-02-03,5,M04,P01,L05,124,150,14,6
2025-02-03,5,M05,P01,L03,140,112,28,6
2025-02-03,5,M06,P01,L01,195,180,11,5
2025-02-03,5,M07,P02,L02,108,108,0,9
2025-02-03,5,M08,P04,L04,152,125,6,9
2025-02-03,5,M09,P05,L05,197,121,5,9
2025-02-03,5,M10,P04,L05,173,154,20,8
2025-02-03,6,M01,P05,L04,197,133,26,8
2025-02-03,6,M02,P02,L04,160,111,20,5
2025-02-03,6,M03,P04,L02,135,180,23,0
2025-02-03,6,M04,P02,L01,199,92,13,9
2025-02-03,6,M05,P05,L03,139,144,4,4
2025-02-03,6,M06,P05,L02,157,118,11,1
2025-02-03,6,M07,P02,L05,160,138,10,0
2025-02-03,6,M08,P02,L02,166,90,10,5
2025-02-03,6,M09,P01,L01,137,193,24,1
2025-02-03,6,M10,P03,L04,197,138,3,3
2025-02-03,7,M01,P01,L02,179,164,27,7
2025-02-03,7,M02,P02,L05,162,110,24,6
2025-02-03,7,M03,P05,L03,115,83,10,7
2025-02-03,7,M04,P05,L05,163,170,18,8
2025-02-03,7,M05,P04,L04,199,142,23,5
2025-02-03,7,M06,P01,L03,101,120,15,5
2025-02-03,7,M07,P01,L03,168,196,9,6
2025-02-03,7,M08,P02,L05,119,142,3,7
2025-02-03,7,M09,P03,L02,101,120,27,3
2025-02-03,7,M10,P01,L01,126,146,6,8
2025-02-03,8,M01,P05,L04,191,188,23,1
2025-02-03,8,M02,P01,L03,125,167,19,5
2025-02-03,8,M03,P05,L03,111,142,3,8
2025-02-03,8,M04,P03,L02,128,150,25,7
2025-02-03,8,M05,P05,L03,134,162,13,5
2025-02-03,8,M06,P05,L02,193,150,8,8
2025-02-03,8,M07,P03,L01,103,177,0,9
2025-02-03,8,M08,P02,L03,172,96,14,2
2025-02-03,8,M09,P05,L03,134,83,3,0
2025-02-03,8,M10,P04,L03,159,182,12,5
2025-02-03,9,M01,P05,L03,131,125,22,9
2025-02-03,9,M02,P02,L05,197,181,22,1
2025-02-03,9,M03,P05,L02,142,167,14,2
2025-02-03,9,M04,P05,L02,152,124,7,8
2025-02-03,9,M05,P02,L02,109,122,22,4
2025-02-03,9,M06,P04,L03,122,177,17,0
2025-02-03,9,M07,P04,L01,180,85,12,4
2025-02-03,9,M08,P05,L02,196,107,23,5
2025-02-03,9,M09,P02,L05,157,119,21,0
2025-02-03,9,M10,P01,L05,109,139,4,6
2025-02-03,10,M01,P05,L04,157,116,9,2
2025-02-03,10,M02,P02,L02,129,116,3,1
2025-02-03,10,M03,P02,L05,123,88,8,7
2025-02-03,10,M04,P04,L01,107,193,8,8
2025-02-03,10,M05,P03,L03,137,171,22,2
2025-02-03,10,M06,P01,L05,150,107,23,2
2025-02-03,10,M07,P02,L01,180,114,2,2
2025-02-03,10,M08,P05,L04,148,125,26,1
2025-02-03,10,M09,P05,L04,158,133,24,1
2025-02-03,10,M10,P01,L04,122,88,19,6
2025-02-03,11,M01,P02,L01,141,175,14,8
2025-02-03,11,M02,P01,L03,174,112,29,4
2025-02-03,11,M03,P01,L02,109,139,12,7
2025-02-03,11,M04,P05,L04,151,145,29,4
2025-02-03,11,M05,P03,L04,176,139,21,7
2025-02-03,11,M06,P03,L01,198,86,11,1
2025-02-03,11,M07,P01,L02,163,176,11,1
2025-02-03,11,M08,P02,L03,145,123,17,4
2025-02-03,11,M09,P05,L04,179,165,27,2
2025-02-03,11,M10,P04,L04,194,131,27,0
2025-02-03,12,M01,P04,L05,183,133,8,9
2025-02-03,12,M02,P01,L01,140,109,13,3
2025-02-03,12,M03,P01,L01,161,165,24,3
2025-02-03,12,M04,P03,L03,171,177,27,5
2025-02-03,12,M05,P01,L01,139,183,16,6
2025-02-03,12,M06,P01,L01,134,112,7,6
2025-02-03,12,M07,P05,L02,106,153,15,6
2025-02-03,12,M08,P02,L02,146,102,18,3
2025-02-03,12,M09,P05,L02,149,152,26,0
2025-02-03,12,M10,P04,L04,182,121,19,4
2025-02-03,13,M01,P01,L03,184,134,14,6
2025-02-03,13,M02,P01,L03,165,114,19,7
2025-02-03,13,M03,P01,L01,184,115,12,7
2025-02-03,13,M04,P03,L01,145,179,16,2
2025-02-03,13,M05,P05,L02,130,103,29,0
2025-02-03,13,M06,P03,L01,115,136,8,0
2025-02-03,13,M07,P04,L04,123,113,19,6
2025-02-03,13,M08,P02,L05,168,161,21,9
2025-02-03,13,M09,P02,L05,128,153,9,6
2025-02-03,13,M10,P05,L02,149,95,22,5
2025-02-03,14,M01,P04,L04,199,163,15,5
2025-02-03,14,M02,P02,L01,185,197,10,0
2025-02-03,14,M03,P01,L05,142,125,8,9
2025-02-03,14,M04,P02,L04,156,85,29,9
2025-02-03,14,M05,P05,L03,175,97,5,9
2025-02-03,14,M06,P04,L04,188,84,26,8
2025-02-03,14,M07,P05,L05,101,128,8,9
2025-02-03,14,M08,P04,L03,169,137,3,8
2025-02-03,14,M09,P03,L02,194,123,19,0
2025-02-03,14,M10,P05,L04,162,91,16,1
2025-02-03,15,M01,P04,L04,197,125,13,0
2025-02-03,15,M02,P01,L02,149,146,20,2
2025-02-03,15,M03,P02,L02,105,120,24,1
2025-02-03,15,M04,P05,L01,142,151,25,7
2025-02-03,15,M05,P01,L01,169,112,0,6
2025-02-03,15,M06,P02,L02,169,124,4,4
2025-02-03,15,M07,P04,L02,129,90,7,4
2025-02-03,15,M08,P02,L05,114,181,23,1
2025-02-03,15,M09,P01,L03,109,86,18,7
2025-02-03,15,M10,P02,L02,171,118,27,4
2025-02-03,16,M01,P03,L04,125,141,9,0
2025-02-03,16,M02,P04,L05,153,110,5,1
2025-02-03,16,M03,P05,L01,176,144,3,3
2025-02-03,16,M04,P03,L02,181,129,14,1
2025-02-03,16,M05,P05,L01,104,90,15,3
2025-02-03,16,M06,P01,L02,132,193,16,8
2025-02-03,16,M07,P03,L02,188,84,29,7
2025-02-03,16,M08,P02,L05,195,173,28,3
2025-02-03,16,M09,P03,L01,185,135,23,7
2025-02-03,16,M10,P02,L05,130,165,10,9
2025-02-03,17,M01,P03,L03,156,93,13,2
2025-02-03,17,M02,P04,L04,130,115,25,0
2025-02-03,17,M03,P05,L02,177,171,0,8
2025-02-03,17,M04,P02,L02,111,170,23,0
2025-02-03,17,M05,P03,L05,131,193,16,2
2025-02-03,17,M06,P03,L05,176,88,9,0
2025-02-03,17,M07,P02,L03,156,189,4,8
2025-02-03,17,M08,P02,L02,118,183,12,8
2025-02-03,17,M09,P01,L02,167,183,4,5
2025-02-03,17,M10,P05,L04,159,144,27,2
2025-02-03,18,M01,P01,L04,128,130,3,8
2025-02-03,18,M02,P03,L03,147,130,3,8
2025-02-03,18,M03,P01,L01,146,87,25,0
2025-02-03,18,M04,P02,L02,190,196,26,5
2025-02-03,18,M05,P02,L02,168,162,6,0
2025-02-03,18,M06,P04,L05,182,106,17,2
2025-02-03,18,M07,P04,L02,146,190,10,1
2025-02-03,18,M08,P03,L02,117,189,5,1
2025-02-03,18,M09,P02,L01,183,193,19,1
2025-02-03,18,M10,P05,L03,170,101,1,3
2025-02-03,19,M01,P04,L04,111,163,0,6
2025-02-03,19,M02,P05,L03,168,103,9,7
2025-02-03,19,M03,P01,L01,198,123,11,5
2025-02-03,19,M04,P04,L05,171,89,13,0
2025-02-03,19,M05,P05,L04,177,115,27,0
2025-02-03,19,M06,P02,L02,112,142,2,4
2025-02-03,19,M07,P02,L04,109,187,21,6
2025-02-03,19,M08,P02,L02,134,146,0,0
2025-02-03,19,M09,P03,L02,169,90,13,0
2025-02-03,19,M10,P04,L04,110,194,8,9
2025-02-03,20,M01,P04,L05,103,143,15,5
2025-02-03,20,M02,P02,L03,142,168,17,8
2025-02-03,20,M03,P03,L04,145,119,26,9
2025-02-03,20,M04,P05,L04,102,145,10,7
2025-02-03,20,M05,P05,L02,124,83,7,6
2025-02-03,20,M06,P05,L04,165,166,18,9
2025-02-03,20,M07,P02,L02,191,138,25,1
2025-02-03,20,M08,P04,L03,176,106,22,9
2025-02-03,20,M09,P01,L04,144,111,21,7
2025-02-03,20,M10,P02,L02,186,111,14,7
2025-02-03,21,M01,P03,L01,148,165,22,5
2025-02-03,21,M02,P01,L02,109,119,15,7
2025-02-03,21,M03,P02,L02,183,120,23,3
2025-02-03,21,M04,P05,L02,121,90,8,0
2025-02-03,21,M05,P04,L03,166,164,25,7
2025-02-03,21,M06,P02,L03,105,160,5,6
2025-02-03,21,M07,P03,L05,126,124,9,9
2025-02-03,21,M08,P05,L04,120,194,27,1
2025-02-03,21,M09,P05,L05,132,105,16,7
2025-02-03,21,M10,P05,L04,183,109,24,1
2025-02-03,22,M01,P02,L05,161,194,9,5
2025-02-03,22,M02,P02,L02,184,123,23,3
2025-02-03,22,M03,P02,L05,173,159,18,5
2025-02-03,22,M04,P01,L02,145,135,9,7
2025-02-03,22,M05,P01,L03,182,141,2,5
2025-02-03,22,M06,P03,L05,114,136,5,4
2025-02-03,22,M07,P03,L04,138,166,19,9
2025-02-03,22,M08,P02,L02,131,190,27,7
2025-02-03,22,M09,P03,L04,124,191,25,8
2025-02-03,22,M10,P02,L01,163,97,23,1
2025-02-03,23,M01,P03,L01,187,115,10,9
2025-02-03,23,M02,P05,L02,142,80,8,6
2025-02-03,23,M03,P03,L05,160,152,1,9
2025-02-03,23,M04,P01,L01,117,85,5,8
2025-02-03,23,M05,P04,L02,103,178,3,0
2025-02-03,23,M06,P03,L01,194,196,22,2
2025-02-03,23,M07,P05,L05,157,109,19,6
2025-02-03,23,M08,P02,L05,166,158,6,4
2025-02-03,23,M09,P01,L02,122,93,21,0
2025-02-03,23,M10,P01,L04,197,174,12,8
2025-02-03,24,M01,P01,L01,161,156,17,1
2025-02-03,24,M02,P02,L01,199,193,16,9
2025-02-03,24,M03,P03,L04,150,167,20,0
2025-02-03,24,M04,P05,L01,102,197,7,1
2025-02-03,24,M05,P03,L03,154,113,26,4
2025-02-03,24,M06,P05,L01,101,169,8,8
2025-02-03,24,M07,P02,L01,148,136,6,1
2025-02-03,24,M08,P01,L03,126,197,21,7
2025-02-03,24,M09,P01,L01,194,113,21,7
2025-02-03,24,M10,P04,L04,183,140,17,9
2025-02-04,1,M01,P02,L01,108,198,24,1
2025-02-04,1,M02,P05,L02,104,110,1,9
2025-02-04,1,M03,P03,L01,145,192,19,3
2025-02-04,1,M04,P05,L03,111,100,8,0
2025-02-04,1,M05,P05,L03,143,141,28,2
2025-02-04,1,M06,P02,L02,159,183,13,2
2025-02-04,1,M07,P01,L04,194,88,25,8
2025-02-04,1,M08,P01,L02,160,152,23,0
2025-02-04,1,M09,P01,L04,172,182,22,3
2025-02-04,1,M10,P05,L02,126,137,4,0
2025-02-04,2,M01,P01,L02,133,89,26,1
2025-02-04,2,M02,P03,L01,133,150,27,8
2025-02-04,2,M03,P05,L03,179,118,28,2
2025-02-04,2,M04,P03,L03,107,86,4,5
2025-02-04,2,M05,P03,L01,134,173,10,5
2025-02-04,2,M06,P05,L03,177,128,2,7
2025-02-04,2,M07,P01,L04,195,85,9,3
2025-02-04,2,M08,P02,L04,184,188,22,6
2025-02-04,2,M09,P02,L05,106,180,11,8
2025-02-04,2,M10,P02,L02,150,148,29,7
2025-02-04,3,M01,P05,L02,172,118,19,3
2025-02-04,3,M02,P03,L03,163,165,15,9
2025-02-04,3,M03,P02,L02,188,98,3,2
2025-02-04,3,M04,P01,L03,113,89,5,8
2025-02-04,3,M05,P04,L05,125,81,9,3
2025-02-04,3,M06,P04,L04,160,156,22,3
2025-02-04,3,M07,P02,L02,104,108,3,9
2025-02-04,3,M08,P02,L03,113,89,27,2
2025-02-04,3,M09,P04,L03,180,147,20,2
2025-02-04,3,M10,P02,L04,141,173,9,6
2025-02-04,4,M01,P01,L04,178,108,17,3
2025-02-04,4,M02,P03,L01,107,118,14,7
2025-02-04,4,M03,P05,L03,157,152,20,8
2025-02-04,4,M04,P04,L05,132,101,18,9
2025-02-04,4,M05,P01,L02,145,123,24,4
2025-02-04,4,M06,P02,L03,108,172,22,3
2025-02-04,4,M07,P03,L04,145,137,3,3
2025-02-04,4,M08,P01,L04,170,158,11,2
2025-02-04,4,M09,P02,L04,147,112,14,4
2025-02-04,4,M10,P01,L03,180,122,26,3
2025-02-04,5,M01,P04,L02,145,198,8,2
2025-02-04,5,M02,P03,L03,119,166,21,4
2025-02-04,5,M03,P04,L04,175,179,2,6
2025-02-04,5,M04,P04,L02,187,115,25,6
2025-02-04,5,M05,P03,L02,104,171,12,3
2025-02-04,5,M06,P01,L01,126,140,12,9
2025-02-04,5,M07,P04,L02,181,113,20,0
2025-02-04,5,M08,P02,L05,199,152,7,9
2025-02-04,5,M09,P04,L02,199,161,1,4
2025-02-04,5,M10,P04,L03,135,174,23,4
2025-02-04,6,M01,P01,L01,171,176,27,2
2025-02-04,6,M02,P05,L03,138,80,0,9
2025-02-04,6,M03,P05,L05,111,108,2,2
2025-02-04,6,M04,P05,L04,174,169,1,8
2025-02-04,6,M05,P04,L05,199,143,25,2
2025-02-04,6,M06,P03,L02,106,156,8,1
2025-02-04,6,M07,P01,L05,126,86,0,9
2025-02-04,6,M08,P04,L01,193,87,16,4
2025-02-04,6,M09,P04,L03,159,83,7,9
2025-02-04,6,M10,P05,L02,115,98,0,4
2025-02-04,7,M01,P05,L02,190,191,12,5
2025-02-04,7,M02,P01,L04,165,198,9,7
2025-02-04,7,M03,P03,L03,126,113,27,0
2025-02-04,7,M04,P02,L03,154,154,8,8
2025-02-04,7,M05,P03,L05,168,174,1,6
2025-02-04,7,M06,P04,L01,102,142,10,0
2025-02-04,7,M07,P03,L05,180,128,22,5
2025-02-04,7,M08,P01,L05,192,104,6,8
2025-02-04,7,M09,P03,L01,133,170,17,5
2025-02-04,7,M10,P02,L03,147,183,22,7
2025-02-04,8,M01,P01,L01,165,95,25,4
2025-02-04,8,M02,P03,L01,120,158,23,1
2025-02-04,8,M03,P04,L03,130,94,15,5
2025-02-04,8,M04,P02,L03,166,196,12,7
2025-02-04,8,M05,P05,L02,116,150,0,3
2025-02-04,8,M06,P04,L04,179,100,17,5
2025-02-04,8,M07,P02,L05,127,96,3,1
2025-02-04,8,M08,P04,L03,199,141,7,1
2025-02-04,8,M09,P04,L05,124,164,21,9
2025-02-04,8,M10,P01,L04,197,182,8,1
2025-02-04,9,M01,P03,L04,121,135,15,9
2025-02-04,9,M02,P02,L03,161,177,28,7
2025-02-04,9,M03,P02,L03,142,131,26,9
2025-02-04,9,M04,P03,L04,158,127,2,7
2025-02-04,9,M05,P04,L03,131,172,12,4
2025-02-04,9,M06,P03,L03,126,198,2,8
2025-02-04,9,M07,P01,L02,119,150,24,8
2025-02-04,9,M08,P02,L01,175,83,6,9
2025-02-04,9,M09,P05,L01,114,98,6,9
2025-02-04,9,M10,P02,L05,102,149,28,5
2025-02-04,10,M01,P05,L01,194,164,23,7
2025-02-04,10,M02,P03,L01,128,197,5,0
2025-02-04,10,M03,P02,L02,157,196,0,5
2025-02-04,10,M04,P04,L05,161,98,26,0
2025-02-04,10,M05,P03,L04,121,162,3,4
2025-02-04,10,M06,P01,L05,123,80,17,4
2025-02-04,10,M07,P03,L04,186,93,26,5
2025-02-04,10,M08,P05,L02,185,151,28,5
2025-02-04,10,M09,P03,L02,112,118,29,3
2025-02-04,10,M10,P03,L05,120,172,0,7
2025-02-04,11,M01,P02,L05,197,99,28,2
2025-02-04,11,M02,P01,L03,108,180,4,3
2025-02-04,11,M03,P05,L04,194,188,16,8
2025-02-04,11,M04,P05,L01,115,99,9,9
2025-02-04,11,M05,P04,L04,147,102,19,0
2025-02-04,11,M06,P05,L03,124,129,4,3
2025-02-04,11,M07,P04,L02,177,83,27,1
2025-02-04,11,M08,P04,L02,147,184,7,0
2025-02-04,11,M09,P03,L05,108,119,13,9
2025-02-04,11,M10,P04,L01,124,189,24,5
2025-02-04,12,M01,P04,L03,179,182,2,6
2025-02-04,12,M02,P05,L05,151,146,27,7
2025-02-04,12,M03,P02,L03,199,110,20,9
2025-02-04,12,M04,P03,L05,152,164,1,4
2025-02-04,12,M05,P03,L03,152,136,29,1
2025-02-04,12,M06,P03,L01,128,155,22,0
2025-02-04,12,M07,P01,L01,102,101,13,2
2025-02-04,12,M08,P03,L05,123,175,12,4
2025-02-04,12,M09,P04,L01,146,136,18,1
2025-02-04,12,M10,P04,L03,174,139,9,7
2025-02-04,13,M01,P05,L02,126,132,8,6
2025-02-04,13,M02,P01,L01,137,136,0,2
2025-02-04,13,M03,P05,L05,167,96,9,3
2025-02-04,13,M04,P03,L04,111,169,12,3
2025-02-04,13,M05,P01,L03,147,145,0,3
2025-02-04,13,M06,P03,L05,146,185,20,1
2025-02-04,13,M07,P03,L03,167,89,21,5
2025-02-04,13,M08,P02,L04,101,184,11,1
2025-02-04,13,M09,P03,L02,188,109,15,5
2025-02-04,13,M10,P04,L03,185,155,9,4
2025-02-04,14,M01,P04,L03,173,137,18,6
2025-02-04,14,M02,P01,L02,153,140,26,1
2025-02-04,14,M03,P03,L02,107,98,24,3
2025-02-04,14,M04,P03,L01,162,105,2,3
2025-02-04,14,M05,P05,L05,129,195,20,3
2025-02-04,14,M06,P02,L02,155,91,7,2
2025-02-04,14,M07,P05,L05,162,135,6,8
2025-02-04,14,M08,P02,L05,149,99,27,7
2025-02-04,14,M09,P05,L01,100,190,8,5
2025-02-04,14,M10,P03,L02,109,193,25,0
2025-02-04,15,M01,P04,L04,157,122,28,1
2025-02-04,15,M02,P03,L02,188,177,26,8
2025-02-04,15,M03,P02,L01,146,80,25,7
2025-02-04,15,M04,P04,L02,144,115,14,1
2025-02-04,15,M05,P01,L03,175,189,19,3
2025-02-04,15,M06,P05,L04,109,187,11,7
2025-02-04,15,M07,P03,L04,158,144,17,3
2025-02-04,15,M08,P01,L01,105,149,9,2
2025-02-04,15,M09,P01,L02,129,105,2,0
2025-02-04,15,M10,P04,L02,167,175,17,9
2025-02-04,16,M01,P01,L03,103,116,6,2
2025-02-04,16,M02,P01,L03,107,162,16,8
2025-02-04,16,M03,P01,L04,150,95,20,9
2025-02-04,16,M04,P05,L03,136,170,1,3
2025-02-04,16,M05,P02,L04,198,174,20,8
2025-02-04,16,M06,P02,L03,199,147,15,9
2025-02-04,16,M07,P05,L02,158,125,3,7
2025-02-04,16,M08,P05,L04,108,145,2,4
2025-02-04,16,M09,P01,L04,103,93,20,8
2025-02-04,16,M10,P05,L01,191,146,29,2
2025-02-04,17,M01,P04,L03,183,80,27,9
2025-02-04,17,M02,P04,L05,174,179,16,4
2025-02-04,17,M03,P03,L05,192,89,20,2
2025-02-04,17,M04,P04,L05,156,189,5,9
2025-02-04,17,M05,P01,L02,100,160,24,4
2025-02-04,17,M06,P02,L04,120,104,2,2
2025-02-04,17,M07,P02,L04,149,179,6,0
2025-02-04,17,M08,P02,L01,125,121,16,2
2025-02-04,17,M09,P04,L04,112,164,26,9
2025-02-04,17,M10,P05,L03,193,111,4,6
2025-02-04,18,M01,P01,L03,136,147,9,8
2025-02-04,18,M02,P01,L05,110,173,8,0
2025-02-04,18,M03,P03,L04,184,85,25,2
2025-02-04,18,M04,P02,L03,152,198,3,5
2025-02-04,18,M05,P02,L05,112,90,11,0
2025-02-04,18,M06,P01,L05,170,96,28,9
2025-02-04,18,M07,P03,L03,188,170,29,1
2025-02-04,18,M08,P02,L01,111,184,22,9
2025-02-04,18,M09,P03,L05,164,163,9,2
2025-02-04,18,M10,P05,L03,156,186,2,5
2025-02-04,19,M01,P02,L02,199,127,5,0
2025-02-04,19,M02,P01,L04,160,108,17,9
2025-02-04,19,M03,P05,L02,169,88,11,9
2025-02-04,19,M04,P02,L05,139,138,11,0
2025-02-04,19,M05,P03,L02,190,166,19,4
2025-02-04,19,M06,P02,L05,173,196,24,0
2025-02-04,19,M07,P04,L03,115,86,24,9
2025-02-04,19,M08,P05,L04,191,123,11,9
2025-02-04,19,M09,P04,L04,122,183,23,2
2025-02-04,19,M10,P04,L02,148,123,8,6
2025-02-04,20,M01,P05,L05,154,150,17,1
2025-02-04,20,M02,P02,L05,148,106,7,1
2025-02-04,20,M03,P03,L02,111,165,18,7
2025-02-04,20,M04,P04,L02,149,126,23,4
2025-02-04,20,M05,P04,L02,199,82,11,8
2025-02-04,20,M06,P01,L02,164,182,24,5
2025-02-04,20,M07,P02,L02,176,151,8,9
2025-02-04,20,M08,P01,L01,198,98,29,8
2025-02-04,20,M09,P02,L03,100,82,1,8
2025-02-04,20,M10,P03,L01,117,112,8,6
2025-02-04,21,M01,P01,L05,112,92,9,5
2025-02-04,21,M02,P02,L05,177,142,10,4
2025-02-04,21,M03,P03,L04,145,124,23,6
2025-02-04,21,M04,P04,L05,127,166,9,1
2025-02-04,21,M05,P04,L04,131,107,23,3
2025-02-04,21,M06,P05,L04,107,93,29,2
2025-02-04,21,M07,P02,L02,169,198,6,5
2025-02-04,21,M08,P04,L03,185,158,21,2
2025-02-04,21,M09,P02,L04,178,166,5,0
2025-02-04,21,M10,P02,L02,118,148,3,1
2025-02-04,22,M01,P02,L01,130,101,10,3
2025-02-04,22,M02,P01,L05,144,168,19,7
2025-02-04,22,M03,P05,L03,108,97,19,2
2025-02-04,22,M04,P03,L02,140,103,17,5
2025-02-04,22,M05,P04,L03,192,101,29,4
2025-02-04,22,M06,P04,L02,111,86,10,9
2025-02-04,22,M07,P03,L04,167,81,19,3
2025-02-04,22,M08,P05,L04,116,97,7,7
2025-02-04,22,M09,P01,L05,129,163,19,6
2025-02-04,22,M10,P03,L05,173,176,23,3
2025-02-04,23,M01,P04,L02,175,99,14,1
2025-02-04,23,M02,P02,L05,125,189,23,6
2025-02-04,23,M03,P05,L03,142,111,6,4
2025-02-04,23,M04,P04,L04,131,169,3,7
2025-02-04,23,M05,P02,L01,152,171,25,1
2025-02-04,23,M06,P04,L02,168,135,1,1
2025-02-04,23,M07,P04,L02,145,82,20,1
2025-02-04,23,M08,P02,L02,194,131,10,1
2025-02-04,23,M09,P04,L02,112,138,6,4
2025-02-04,23,M10,P04,L02,162,175,9,9
2025-02-04,24,M01,P05,L03,160,156,21,1
2025-02-04,24,M02,P04,L04,117,177,15,7
2025-02-04,24,M03,P02,L05,164,145,6,3
2025-02-04,24,M04,P03,L01,183,82,22,1
2025-02-04,24,M05,P04,L02,143,97,1,3
2025-02-04,24,M06,P05,L04,146,157,4,7
2025-02-04,24,M07,P05,L02,122,184,9,0
2025-02-04,24,M08,P01,L03,198,80,6,2
2025-02-04,24,M09,P02,L03,127,113,10,3
2025-02-04,24,M10,P01,L04,160,185,4,2
2025-02-05,1,M01,P04,L01,185,168,1,6
2025-02-05,1,M02,P01,L03,124,155,26,3
2025-02-05,1,M03,P04,L01,127,193,15,4
2025-02-05,1,M04,P02,L02,131,91,29,4
2025-02-05,1,M05,P03,L04,179,178,17,0
2025-02-05,1,M06,P01,L01,126,195,5,8
2025-02-05,1,M07,P05,L04,129,165,24,9
2025-02-05,1,M08,P04,L03,160,133,18,5
2025-02-05,1,M09,P02,L02,160,176,7,2
2025-02-05,1,M10,P02,L03,143,119,18,7
2025-02-05,2,M01,P04,L02,156,190,16,1
2025-02-05,2,M02,P01,L02,157,110,4,3
2025-02-05,2,M03,P02,L02,162,115,22,2
2025-02-05,2,M04,P05,L01,142,184,0,9
2025-02-05,2,M05,P02,L04,146,135,19,1
2025-02-05,2,M06,P02,L05,128,133,18,9
2025-02-05,2,M07,P01,L03,136,189,6,4
2025-02-05,2,M08,P03,L02,126,167,8,1
2025-02-05,2,M09,P04,L02,112,126,7,4
2025-02-05,2,M10,P04,L05,111,184,3,7
2025-02-05,3,M01,P01,L03,112,129,20,3
2025-02-05,3,M02,P05,L02,124,123,12,1
2025-02-05,3,M03,P05,L03,180,169,20,2
2025-02-05,3,M04,P04,L04,162,163,21,9
2025-02-05,3,M05,P03,L03,104,155,9,5
2025-02-05,3,M06,P04,L04,123,124,20,4
2025-02-05,3,M07,P01,L01,157,116,10,9
2025-02-05,3,M08,P01,L01,175,86,4,6
2025-02-05,3,M09,P05,L03,116,194,25,3
2025-02-05,3,M10,P04,L01,137,142,6,4
2025-02-05,4,M01,P05,L03,131,107,6,8
2025-02-05,4,M02,P01,L04,178,171,23,4
2025-02-05,4,M03,P02,L04,114,180,11,3
2025-02-05,4,M04,P05,L03,126,175,0,4
2025-02-05,4,M05,P02,L04,137,116,26,1
2025-02-05,4,M06,P02,L05,147,160,1,0
2025-02-05,4,M07,P02,L02,134,157,18,9
2025-02-05,4,M08,P02,L01,108,148,3,4
2025-02-05,4,M09,P04,L04,143,151,12,3
2025-02-05,4,M10,P03,L04,114,199,13,1
2025-02-05,5,M01,P01,L04,164,90,28,7
2025-02-05,5,M02,P05,L04,144,153,5,3
2025-02-05,5,M03,P01,L04,108,169,18,3
2025-02-05,5,M04,P05,L01,159,131,27,5
2025-02-05,5,M05,P02,L01,196,127,4,4
2025-02-05,5,M06,P01,L03,100,130,15,2
2025-02-05,5,M07,P04,L04,131,172,6,6
2025-02-05,5,M08,P05,L02,188,134,1,2
2025-02-05,5,M09,P05,L03,154,168,24,2
2025-02-05,5,M10,P05,L05,183,190,3,3
2025-02-05,6,M01,P05,L02,184,165,6,7
2025-02-05,6,M02,P02,L04,129,158,7,4
2025-02-05,6,M03,P02,L02,107,181,2,3
2025-02-05,6,M04,P01,L04,166,163,17,5
2025-02-05,6,M05,P02,L04,118,184,13,3
2025-02-05,6,M06,P04,L04,158,113,25,1
2025-02-05,6,M07,P02,L02,130,185,19,3
2025-02-05,6,M08,P02,L02,102,164,3,6
2025-02-05,6,M09,P04,L02,112,119,26,0
2025-02-05,6,M10,P04,L03,182,164,25,6
2025-02-05,7,M01,P04,L02,122,195,10,7
2025-02-05,7,M02,P03,L05,197,192,14,3
2025-02-05,7,M03,P04,L02,134,128,13,5
2025-02-05,7,M04,P05,L04,130,175,7,3
2025-02-05,7,M05,P05,L03,118,110,14,6
2025-02-05,7,M06,P03,L03,195,153,27,7
2025-02-05,7,M07,P03,L03,197,148,10,6
2025-02-05,7,M08,P04,L01,149,140,6,8
2025-02-05,7,M09,P02,L03,151,129,24,4
2025-02-05,7,M10,P04,L05,176,148,11,0
2025-02-05,8,M01,P02,L02,143,85,26,3
2025-02-05,8,M02,P04,L04,111,188,20,0
2025-02-05,8,M03,P02,L04,104,143,25,4
2025-02-05,8,M04,P03,L01,120,95,26,2
2025-02-05,8,M05,P05,L02,102,197,7,3
2025-02-05,8,M06,P03,L03,192,131,2,4
2025-02-05,8,M07,P03,L05,180,104,17,8
2025-02-05,8,M08,P05,L01,128,141,14,2
2025-02-05,8,M09,P05,L03,115,146,20,6
2025-02-05,8,M10,P03,L01,115,80,17,6
2025-02-05,9,M01,P05,L03,121,159,28,5
2025-02-05,9,M02,P05,L02,188,188,23,1
2025-02-05,9,M03,P04,L04,195,184,19,6
2025-02-05,9,M04,P02,L05,196,131,4,5
2025-02-05,9,M05,P03,L05,114,177,14,6
2025-02-05,9,M06,P04,L01,168,131,6,1
2025-02-05,9,M07,P05,L03,123,184,28,9
2025-02-05,9,M08,P05,L01,120,171,2,0
2025-02-05,9,M09,P03,L03,146,188,17,0
2025-02-05,9,M10,P04,L01,159,113,25,2
2025-02-05,10,M01,P05,L02,105,121,23,4
2025-02-05,10,M02,P03,L05,150,188,27,7
2025-02-05,10,M03,P01,L03,167,136,21,5
2025-02-05,10,M04,P03,L02,190,92,6,6
2025-02-05,10,M05,P04,L01,123,97,22,0
2025-02-05,10,M06,P05,L02,118,170,12,8
2025-02-05,10,M07,P01,L05,117,115,11,7
2025-02-05,10,M08,P03,L05,168,130,20,6
2025-02-05,10,M09,P03,L04,169,117,21,3
2025-02-05,10,M10,P02,L03,149,109,9,8
2025-02-05,11,M01,P04,L04,125,108,27,7
2025-02-05,11,M02,P02,L03,138,86,17,2
2025-02-05,11,M03,P04,L04,197,173,8,9
2025-02-05,11,M04,P01,L03,178,176,23,5
2025-02-05,11,M05,P02,L05,143,198,21,1
2025-02-05,11,M06,P04,L03,146,103,18,1
2025-02-05,11,M07,P03,L01,165,84,17,9
2025-02-05,11,M08,P05,L05,134,104,9,8
2025-02-05,11,M09,P05,L05,138,113,18,1
2025-02-05,11,M10,P03,L02,148,114,19,8
2025-02-05,12,M01,P02,L04,164,152,21,7
2025-02-05,12,M02,P03,L03,108,150,3,5
2025-02-05,12,M03,P02,L02,142,84,16,4
2025-02-05,12,M04,P03,L02,150,151,10,2
2025-02-05,12,M05,P01,L03,161,167,12,9
2025-02-05,12,M06,P03,L02,150,186,5,1
2025-02-05,12,M07,P05,L03,199,184,15,3
2025-02-05,12,M08,P05,L04,101,154,23,4
2025-02-05,12,M09,P03,L05,193,189,6,0
2025-02-05,12,M10,P04,L04,153,197,9,7
2025-02-05,13,M01,P01,L04,128,198,29,3
2025-02-05,13,M02,P02,L05,177,136,2,7
2025-02-05,13,M03,P02,L03,108,109,12,1
2025-02-05,13,M04,P05,L04,185,147,27,6
2025-02-05,13,M05,P04,L05,154,154,6,9
2025-02-05,13,M06,P02,L03,197,84,9,8
2025-02-05,13,M07,P05,L04,113,106,15,1
2025-02-05,13,M08,P01,L03,113,126,18,9
2025-02-05,13,M09,P04,L03,167,140,5,7
2025-02-05,13,M10,P01,L04,117,128,20,9
2025-02-05,14,M01,P03,L03,176,117,27,0
2025-02-05,14,M02,P03,L04,199,197,17,7
2025-02-05,14,M03,P02,L04,164,135,9,0
2025-02-05,14,M04,P02,L05,164,171,0,0
2025-02-05,14,M05,P01,L02,141,164,0,8
2025-02-05,14,M06,P01,L05,197,141,2,6
2025-02-05,14,M07,P02,L03,122,151,8,1
2025-02-05,14,M08,P02,L05,126,127,6,3
2025-02-05,14,M09,P01,L05,121,153,12,7
2025-02-05,14,M10,P01,L03,149,102,13,1
2025-02-05,15,M01,P04,L01,143,116,6,9
2025-02-05,15,M02,P01,L05,169,164,6,1
2025-02-05,15,M03,P04,L04,179,128,2,8
2025-02-05,15,M04,P02,L04,125,109,26,2
2025-02-05,15,M05,P03,L04,182,177,5,9
2025-02-05,15,M06,P04,L02,145,183,5,7
2025-02-05,15,M07,P01,L05,182,157,2,1
2025-02-05,15,M08,P05,L02,154,90,17,9
2025-02-05,15,M09,P01,L04,155,108,16,0
2025-02-05,15,M10,P03,L05,177,89,28,9
2025-02-05,16,M01,P01,L04,191,126,8,6
2025-02-05,16,M02,P05,L03,172,143,5,6
2025-02-05,16,M03,P01,L04,121,197,10,6
2025-02-05,16,M04,P03,L04,146,112,20,7
2025-02-05,16,M05,P05,L03,149,199,8,8
2025-02-05,16,M06,P04,L02,197,175,22,7
2025-02-05,16,M07,P03,L01,180,86,9,2
2025-02-05,16,M08,P02,L01,114,192,23,9
2025-02-05,16,M09,P01,L02,118,88,24,5
2025-02-05,16,M10,P01,L03,144,100,23,1
2025-02-05,17,M01,P01,L04,131,139,7,5
2025-02-05,17,M02,P03,L05,154,88,19,1
2025-02-05,17,M03,P05,L03,194,142,18,0
2025-02-05,17,M04,P05,L02,100,154,1,4
2025-02-05,17,M05,P05,L03,197,177,2,0
2025-02-05,17,M06,P05,L02,182,110,26,9
2025-02-05,17,M07,P04,L02,182,164,29,7
2025-02-05,17,M08,P01,L01,119,101,21,8
2025-02-05,17,M09,P05,L01,178,93,4,9
2025-02-05,17,M10,P01,L01,130,195,25,9
2025-02-05,18,M01,P03,L01,158,134,20,9
2025-02-05,18,M02,P01,L01,106,141,21,3
2025-02-05,18,M03,P04,L03,100,184,1,1
2025-02-05,18,M04,P05,L03,180,89,2,3
2025-02-05,18,M05,P05,L01,192,144,18,6
2025-02-05,18,M06,P05,L02,143,111,11,0
2025-02-05,18,M07,P01,L01,111,81,8,8
2025-02-05,18,M08,P04,L01,160,187,17,2
2025-02-05,18,M09,P02,L01,155,100,22,7
2025-02-05,18,M10,P04,L03,103,105,22,0
2025-02-05,19,M01,P01,L04,157,87,19,2
2025-02-05,19,M02,P04,L05,100,199,29,0
2025-02-05,19,M03,P05,L02,188,131,6,5
2025-02-05,19,M04,P03,L02,143,116,1,3
2025-02-05,19,M05,P01,L01,156,119,19,4
2025-02-05,19,M06,P04,L01,103,142,20,1
2025-02-05,19,M07,P04,L02,149,95,10,7
2025-02-05,19,M08,P04,L05,117,197,17,7
2025-02-05,19,M09,P02,L01,193,100,21,8
2025-02-05,19,M10,P01,L04,165,83,15,0
2025-02-05,20,M01,P01,L04,108,157,22,8
2025-02-05,20,M02,P02,L05,199,146,21,9
2025-02-05,20,M03,P01,L03,103,109,17,2
2025-02-05,20,M04,P02,L03,112,136,3,2
2025-02-05,20,M05,P03,L02,187,159,9,5
2025-02-05,20,M06,P03,L05,106,194,27,9
2025-02-05,20,M07,P05,L02,171,170,27,8
2025-02-05,20,M08,P04,L04,127,102,11,7
2025-02-05,20,M09,P04,L03,121,141,25,5
2025-02-05,20,M10,P04,L02,105,191,14,1
2025-02-05,21,M01,P01,L03,171,155,21,9
2025-02-05,21,M02,P03,L02,195,142,21,0
2025-02-05,21,M03,P05,L05,121,176,19,6
2025-02-05,21,M04,P05,L05,101,199,9,3
2025-02-05,21,M05,P01,L03,176,167,29,5
2025-02-05,21,M06,P02,L01,172,193,8,7
2025-02-05,21,M07,P01,L02,168,188,11,8
2025-02-05,21,M08,P04,L03,196,186,4,6
2025-02-05,21,M09,P05,L05,169,190,7,9
2025-02-05,21,M10,P04,L01,177,83,23,4
2025-02-05,22,M01,P01,L02,169,159,24,3
2025-02-05,22,M02,P04,L01,124,92,6,5
2025-02-05,22,M03,P04,L02,100,140,2,1
2025-02-05,22,M04,P04,L05,103,122,13,8
2025-02-05,22,M05,P03,L05,106,87,11,6
2025-02-05,22,M06,P01,L01,189,197,3,0
2025-02-05,22,M07,P02,L02,103,96,14,5
2025-02-05,22,M08,P05,L01,188,137,2,0
2025-02-05,22,M09,P03,L02,199,95,4,2
2025-02-05,22,M10,P01,L05,156,107,12,4
2025-02-05,23,M01,P03,L04,114,132,25,6
2025-02-05,23,M02,P01,L02,120,195,7,3
2025-02-05,23,M03,P05,L02,182,195,2,6
2025-02-05,23,M04,P03,L02,178,189,23,4
2025-02-05,23,M05,P03,L03,111,127,6,2
2025-02-05,23,M06,P03,L02,194,87,19,7
2025-02-05,23,M07,P05,L04,185,105,16,7
2025-02-05,23,M08,P05,L02,111,81,9,6
2025-02-05,23,M09,P02,L03,153,182,14,5
2025-02-05,23,M10,P01,L02,166,142,9,1
2025-02-05,24,M01,P01,L01,135,186,16,1
2025-02-05,24,M02,P05,L01,105,122,3,7
2025-02-05,24,M03,P05,L03,129,89,4,7
2025-02-05,24,M04,P02,L03,166,140,5,9
2025-02-05,24,M05,P02,L05,102,117,9,8
2025-02-05,24,M06,P01,L05,187,135,8,8
2025-02-05,24,M07,P03,L02,156,100,21,4
2025-02-05,24,M08,P01,L05,135,142,29,0
2025-02-05,24,M09,P01,L04,166,198,14,0
2025-02-05,24,M10,P02,L02,160,191,16,8
2025-02-06,1,M01,P05,L05,162,85,14,8
2025-02-06,1,M02,P03,L03,120,124,12,6
2025-02-06,1,M03,P04,L03,145,145,24,9
2025-02-06,1,M04,P05,L01,197,95,4,0
2025-02-06,1,M05,P02,L02,133,193,25,4
2025-02-06,1,M06,P01,L01,111,110,14,5
2025-02-06,1,M07,P01,L02,174,172,1,2
2025-02-06,1,M08,P02,L05,159,105,12,4
2025-02-06,1,M09,P04,L05,170,186,22,0
2025-02-06,1,M10,P05,L03,166,142,5,5
2025-02-06,2,M01,P05,L03,178,115,4,2
2025-02-06,2,M02,P01,L03,131,100,15,0
2025-02-06,2,M03,P02,L01,121,120,13,6
2025-02-06,2,M04,P02,L03,109,166,4,6
2025-02-06,2,M05,P04,L02,126,181,1,9
2025-02-06,2,M06,P02,L03,195,105,17,6
2025-02-06,2,M07,P05,L05,112,85,2,9
2025-02-06,2,M08,P05,L05,167,121,3,7
2025-02-06,2,M09,P02,L03,181,161,21,0
2025-02-06,2,M10,P01,L03,135,172,16,8
2025-02-06,3,M01,P04,L03,121,173,7,1
2025-02-06,3,M02,P05,L04,176,160,7,0
2025-02-06,3,M03,P02,L01,158,121,21,7
2025-02-06,3,M04,P02,L05,104,96,23,7
2025-02-06,3,M05,P03,L02,123,105,28,7
2025-02-06,3,M06,P03,L04,160,141,27,3
2025-02-06,3,M07,P01,L01,113,153,17,9
2025-02-06,3,M08,P03,L04,110,142,9,0
2025-02-06,3,M09,P02,L05,109,133,6,0
2025-02-06,3,M10,P04,L05,111,180,4,6
2025-02-06,4,M01,P02,L04,106,103,1,0
2025-02-06,4,M02,P02,L05,173,144,12,0
2025-02-06,4,M03,P04,L01,172,182,22,1
2025-02-06,4,M04,P04,L02,141,192,6,6
2025-02-06,4,M05,P03,L03,182,135,24,9
2025-02-06,4,M06,P01,L04,101,172,9,9
2025-02-06,4,M07,P01,L02,130,175,1,7
2025-02-06,4,M08,P05,L05,142,149,7,7
2025-02-06,4,M09,P02,L01,142,130,24,2
2025-02-06,4,M10,P04,L01,186,146,8,0
2025-02-06,5,M01,P04,L04,161,140,7,2
2025-02-06,5,M02,P05,L04,110,169,10,4
2025-02-06,5,M03,P02,L03,171,132,26,4
2025-02-06,5,M04,P01,L03,123,85,5,4
2025-02-06,5,M05,P03,L05,178,114,15,1
2025-02-06,5,M06,P03,L01,134,84,9,4
2025-02-06,5,M07,P04,L05,148,87,3,4
2025-02-06,5,M08,P03,L01,162,193,15,1
2025-02-06,5,M09,P01,L05,121,110,23,2
2025-02-06,5,M10,P02,L01,197,130,21,2
2025-02-06,6,M01,P04,L01,196,166,25,7
2025-02-06,6,M02,P05,L01,196,94,16,7
2025-02-06,6,M03,P02,L05,102,88,19,5
2025-02-06,6,M04,P04,L03,103,103,26,2
2025-02-06,6,M05,P03,L03,193,143,26,4
2025-02-06,6,M06,P03,L01,181,139,2,0
2025-02-06,6,M07,P05,L03,133,126,10,7
2025-02-06,6,M08,P03,L01,191,197,21,9
2025-02-06,6,M09,P05,L04,189,105,12,7
2025-02-06,6,M10,P03,L04,131,102,16,3
2025-02-06,7,M01,P05,L05,176,158,1,1
2025-02-06,7,M02,P02,L02,176,175,27,7
2025-02-06,7,M03,P01,L01,190,87,28,8
2025-02-06,7,M04,P05,L04,190,116,26,8
2025-02-06,7,M05,P02,L05,130,106,25,9
2025-02-06,7,M06,P01,L01,167,115,20,7
2025-02-06,7,M07,P05,L03,151,119,10,4
2025-02-06,7,M08,P03,L01,170,91,0,4
2025-02-06,7,M09,P05,L04,148,166,24,8
2025-02-06,7,M10,P04,L03,162,109,0,3
2025-02-06,8,M01,P05,L05,170,80,27,1
2025-02-06,8,M02,P02,L03,142,155,13,8
2025-02-06,8,M03,P02,L04,123,103,2,9
2025-02-06,8,M04,P04,L01,165,198,7,6
2025-02-06,8,M05,P05,L01,159,118,0,1
2025-02-06,8,M06,P05,L05,192,106,29,0
2025-02-06,8,M07,P02,L04,146,191,22,4
2025-02-06,8,M08,P05,L05,107,152,25,0
2025-02-06,8,M09,P04,L02,162,138,17,8
2025-02-06,8,M10,P01,L01,198,185,23,1
2025-02-06,9,M01,P02,L02,176,132,29,8
2025-02-06,9,M02,P02,L05,101,148,27,6
2025-02-06,9,M03,P03,L01,100,184,15,0
2025-02-06,9,M04,P01,L05,133,143,9,4
2025-02-06,9,M05,P01,L05,169,185,9,9
2025-02-06,9,M06,P03,L02,189,162,2,3
2025-02-06,9,M07,P05,L01,107,91,21,7
2025-02-06,9,M08,P01,L01,196,106,1,8
2025-02-06,9,M09,P01,L02,182,128,4,3
2025-02-06,9,M10,P04,L01,167,175,14,2
2025-02-06,10,M01,P03,L04,105,96,17,7
2025-02-06,10,M02,P04,L03,111,160,18,0
2025-02-06,10,M03,P02,L03,115,180,16,8
2025-02-06,10,M04,P01,L03,173,119,2,6
2025-02-06,10,M05,P04,L04,122,88,20,3
2025-02-06,10,M06,P02,L02,133,177,9,2
2025-02-06,10,M07,P02,L03,189,178,8,2
2025-02-06,10,M08,P04,L05,186,160,15,0
2025-02-06,10,M09,P05,L02,101,96,0,9
2025-02-06,10,M10,P02,L04,143,175,27,2
2025-02-06,11,M01,P03,L01,132,162,3,7
2025-02-06,11,M02,P03,L03,124,90,8,5
2025-02-06,11,M03,P04,L02,128,152,0,6
2025-02-06,11,M04,P02,L03,100,173,16,8
2025-02-06,11,M05,P01,L04,104,178,17,8
2025-02-06,11,M06,P01,L04,179,136,27,8
2025-02-06,11,M07,P05,L02,174,144,19,9
2025-02-06,11,M08,P05,L01,199,87,0,7
2025-02-06,11,M09,P01,L01,192,104,5,0
2025-02-06,11,M10,P01,L01,113,142,23,7
2025-02-06,12,M01,P01,L04,142,89,26,7
2025-02-06,12,M02,P05,L04,167,164,20,9
2025-02-06,12,M03,P04,L03,199,183,4,5
2025-02-06,12,M04,P02,L02,188,119,23,9
2025-02-06,12,M05,P05,L05,114,194,12,1
2025-02-06,12,M06,P04,L01,152,137,15,4
2025-02-06,12,M07,P02,L03,158,113,29,5
2025-02-06,12,M08,P03,L04,167,105,2,7
2025-02-06,12,M09,P05,L01,137,120,3,9
2025-02-06,12,M10,P02,L05,141,90,10,5
2025-02-06,13,M01,P02,L04,175,198,28,1
2025-02-06,13,M02,P01,L03,154,130,9,9
2025-02-06,13,M03,P02,L02,113,84,24,5
2025-02-06,13,M04,P05,L03,106,195,17,3
2025-02-06,13,M05,P03,L01,170,173,3,2
2025-02-06,13,M06,P02,L05,173,93,3,6
2025-02-06,13,M07,P04,L04,133,105,5,4
2025-02-06,13,M08,P05,L03,114,185,6,2
2025-02-06,13,M09,P05,L04,194,140,4,9
2025-02-06,13,M10,P04,L03,117,139,14,8
2025-02-06,14,M01,P04,L01,140,98,6,2
2025-02-06,14,M02,P04,L02,186,177,18,7
2025-02-06,14,M03,P03,L03,107,92,8,1
2025-02-06,14,M04,P03,L02,123,190,20,1
2025-02-06,14,M05,P05,L02,118,156,24,1
2025-02-06,14,M06,P02,L01,148,169,21,5
2025-02-06,14,M07,P05,L04,181,172,9,2
2025-02-06,14,M08,P04,L05,136,168,20,9
2025-02-06,14,M09,P02,L03,179,139,13,5
2025-02-06,14,M10,P03,L03,168,158,5,4
2025-02-06,15,M01,P05,L02,196,178,29,6
2025-02-06,15,M02,P03,L04,106,93,17,7
2025-02-06,15,M03,P03,L05,128,101,1,6
2025-02-06,15,M04,P04,L05,137,97,18,2
2025-02-06,15,M05,P01,L04,176,101,26,5
2025-02-06,15,M06,P05,L04,189,125,3,6
2025-02-06,15,M07,P02,L02,179,119,1,0
2025-02-06,15,M08,P03,L02,192,196,17,4
2025-02-06,15,M09,P02,L02,153,117,0,8
2025-02-06,15,M10,P04,L04,145,179,6,3
2025-02-06,16,M01,P02,L02,149,162,29,3
2025-02-06,16,M02,P05,L03,137,100,25,9
2025-02-06,16,M03,P03,L04,140,150,16,7
2025-02-06,16,M04,P03,L04,101,139,18,0
2025-02-06,16,M05,P03,L02,105,117,21,2
2025-02-06,16,M06,P03,L03,157,198,28,3
2025-02-06,16,M07,P03,L04,156,120,2,5
2025-02-06,16,M08,P04,L05,123,105,8,8
2025-02-06,16,M09,P05,L05,190,127,2,8
2025-02-06,16,M10,P04,L01,131,178,6,6
2025-02-06,17,M01,P04,L05,107,147,25,5
2025-02-06,17,M02,P04,L05,145,137,5,2
2025-02-06,17,M03,P03,L05,109,150,12,0
2025-02-06,17,M04,P01,L01,121,179,13,5
2025-02-06,17,M05,P04,L01,115,147,1,0
2025-02-06,17,M06,P04,L05,133,139,12,4
2025-02-06,17,M07,P04,L01,123,170,12,4
2025-02-06,17,M08,P05,L04,125,165,23,4
2025-02-06,17,M09,P04,L01,166,193,22,6
2025-02-06,17,M10,P05,L02,148,165,21,7
2025-02-06,18,M01,P02,L05,133,90,24,5
2025-02-06,18,M02,P01,L01,171,128,7,6
2025-02-06,18,M03,P05,L05,105,131,24,8
2025-02-06,18,M04,P02,L05,113,96,15,8
2025-02-06,18,M05,P04,L03,165,83,19,8
2025-02-06,18,M06,P05,L04,105,195,0,1
2025-02-06,18,M07,P04,L03,136,188,9,9
2025-02-06,18,M08,P03,L03,132,138,26,7
2025-02-06,18,M09,P04,L05,178,150,14,3
2025-02-06,18,M10,P01,L03,108,91,17,2
2025-02-06,19,M01,P03,L05,102,135,13,3
2025-02-06,19,M02,P05,L05,157,177,20,1
2025-02-06,19,M03,P03,L02,127,135,14,2
2025-02-06,19,M04,P03,L02,182,176,18,2
2025-02-06,19,M05,P05,L04,171,168,16,0
2025-02-06,19,M06,P04,L01,193,107,0,7
2025-02-06,19,M07,P05,L04,185,131,12,7
2025-02-06,19,M08,P01,L04,140,128,13,6
2025-02-06,19,M09,P05,L04,192,105,26,7
2025-02-06,19,M10,P01,L01,132,177,25,1
2025-02-06,20,M01,P05,L01,100,150,25,1
2025-02-06,20,M02,P04,L03,134,130,24,3
2025-02-06,20,M03,P05,L01,105,142,16,4
2025-02-06,20,M04,P04,L05,100,136,11,8
2025-02-06,20,M05,P02,L02,179,172,29,3
2025-02-06,20,M06,P02,L05,133,142,3,1
2025-02-06,20,M07,P02,L03,113,87,4,4
2025-02-06,20,M08,P05,L03,154,164,6,0
2025-02-06,20,M09,P03,L03,197,181,18,3
2025-02-06,20,M10,P04,L03,177,150,19,5
2025-02-06,21,M01,P05,L01,194,158,11,0
2025-02-06,21,M02,P05,L05,118,89,11,1
2025-02-06,21,M03,P01,L01,136,137,27,3
2025-02-06,21,M04,P04,L05,142,174,17,8
2025-02-06,21,M05,P04,L04,187,123,12,8
2025-02-06,21,M06,P04,L02,131,175,21,6
2025-02-06,21,M07,P02,L05,160,182,13,3
2025-02-06,21,M08,P05,L03,118,148,21,2
2025-02-06,21,M09,P02,L02,121,191,2,6
2025-02-06,21,M10,P04,L03,197,141,12,9
2025-02-06,22,M01,P03,L04,106,103,2,5
2025-02-06,22,M02,P05,L01,133,112,28,6
2025-02-06,22,M03,P04,L02,168,177,15,7
2025-02-06,22,M04,P05,L03,141,141,2,6
2025-02-06,22,M05,P01,L03,148,157,22,0
2025-02-06,22,M06,P01,L04,140,199,23,3
2025-02-06,22,M07,P05,L04,188,114,19,9
2025-02-06,22,M08,P05,L05,185,178,21,5
2025-02-06,22,M09,P02,L04,179,192,22,2
2025-02-06,22,M10,P01,L01,152,125,25,9
2025-02-06,23,M01,P02,L02,127,163,9,6
2025-02-06,23,M02,P02,L03,154,168,6,3
2025-02-06,23,M03,P01,L01,157,173,23,0
2025-02-06,23,M04,P05,L02,121,175,7,7
2025-02-06,23,M05,P03,L02,170,146,28,1
2025-02-06,23,M06,P02,L02,162,177,3,6
2025-02-06,23,M07,P04,L05,117,122,7,1
2025-02-06,23,M08,P02,L03,193,179,27,4
2025-02-06,23,M09,P01,L03,101,138,7,0
2025-02-06,23,M10,P02,L03,189,191,20,3
2025-02-06,24,M01,P05,L04,119,83,3,5
2025-02-06,24,M02,P05,L02,176,174,19,6
2025-02-06,24,M03,P02,L01,111,134,26,5
2025-02-06,24,M04,P05,L02,108,91,16,4
2025-02-06,24,M05,P01,L03,127,96,21,2
2025-02-06,24,M06,P03,L01,178,98,14,1
2025-02-06,24,M07,P04,L02,159,123,23,2
2025-02-06,24,M08,P02,L03,121,126,22,6
2025-02-06,24,M09,P01,L02,199,196,29,9
2025-02-06,24,M10,P04,L05,144,160,14,4
2025-02-07,1,M01,P04,L01,166,174,23,9
2025-02-07,1,M02,P01,L05,121,141,23,5
2025-02-07,1,M03,P03,L04,171,190,7,5
2025-02-07,1,M04,P04,L04,190,107,21,8
2025-02-07,1,M05,P05,L05,138,160,7,4
2025-02-07,1,M06,P05,L04,120,83,22,2
2025-02-07,1,M07,P03,L05,171,116,26,9
2025-02-07,1,M08,P03,L01,151,120,15,4
2025-02-07,1,M09,P04,L01,159,127,21,6
2025-02-07,1,M10,P03,L05,197,109,11,9
2025-02-07,2,M01,P02,L04,145,194,19,5
2025-02-07,2,M02,P01,L03,134,195,24,9
2025-02-07,2,M03,P04,L05,122,108,28,8
2025-02-07,2,M04,P03,L02,180,87,17,6
2025-02-07,2,M05,P03,L03,165,162,27,7
2025-02-07,2,M06,P01,L04,174,119,10,1
2025-02-07,2,M07,P05,L04,175,193,24,4
2025-02-07,2,M08,P04,L01,160,173,1,0
2025-02-07,2,M09,P02,L04,144,191,0,2
2025-02-07,2,M10,P04,L04,166,177,11,7
2025-02-07,3,M01,P05,L02,190,129,4,6
2025-02-07,3,M02,P04,L01,196,152,0,7
2025-02-07,3,M03,P04,L02,102,117,21,3
2025-02-07,3,M04,P04,L04,168,198,28,4
2025-02-07,3,M05,P04,L05,103,149,18,5
2025-02-07,3,M06,P03,L03,153,189,29,2
2025-02-07,3,M07,P04,L05,126,95,17,6
2025-02-07,3,M08,P03,L03,163,131,5,7
2025-02-07,3,M09,P01,L05,105,181,27,1
2025-02-07,3,M10,P05,L01,152,107,12,4
2025-02-07,4,M01,P05,L01,157,103,2,8
2025-02-07,4,M02,P04,L01,183,186,16,9
2025-02-07,4,M03,P05,L05,120,192,15,0
2025-02-07,4,M04,P04,L02,181,176,28,7
2025-02-07,4,M05,P04,L04,119,149,7,4
2025-02-07,4,M06,P03,L04,135,101,7,6
2025-02-07,4,M07,P03,L04,146,103,15,5
2025-02-07,4,M08,P01,L04,195,168,9,8
2025-02-07,4,M09,P01,L02,159,189,2,8
2025-02-07,4,M10,P02,L04,159,161,16,4
2025-02-07,5,M01,P05,L04,126,164,23,5
2025-02-07,5,M02,P01,L03,171,184,3,7
2025-02-07,5,M03,P03,L03,152,109,6,0
2025-02-07,5,M04,P03,L01,151,174,16,7
2025-02-07,5,M05,P03,L02,136,191,28,5
2025-02-07,5,M06,P03,L03,196,98,2,7
2025-02-07,5,M07,P05,L02,193,144,19,0
2025-02-07,5,M08,P04,L05,110,167,25,1
2025-02-07,5,M09,P05,L05,165,102,15,7
2025-02-07,5,M10,P01,L04,174,191,5,2
2025-02-07,6,M01,P04,L05,143,179,16,9
2025-02-07,6,M02,P01,L01,183,176,29,5
2025-02-07,6,M03,P01,L02,122,165,0,9
2025-02-07,6,M04,P01,L04,185,97,6,2
2025-02-07,6,M05,P05,L01,132,127,4,7
2025-02-07,6,M06,P04,L03,111,151,7,6
2025-02-07,6,M07,P02,L04,192,184,1,1
2025-02-07,6,M08,P03,L01,146,187,2,2
2025-02-07,6,M09,P03,L04,179,85,8,7
2025-02-07,6,M10,P02,L02,136,131,11,5
2025-02-07,7,M01,P04,L02,115,140,23,0
2025-02-07,7,M02,P04,L03,149,187,1,5
2025-02-07,7,M03,P04,L03,134,145,20,6
2025-02-07,7,M04,P02,L01,117,183,25,5
2025-02-07,7,M05,P05,L05,114,94,12,3
2025-02-07,7,M06,P05,L04,166,155,29,3
2025-02-07,7,M07,P04,L04,138,118,0,2
2025-02-07,7,M08,P04,L01,108,174,13,2
2025-02-07,7,M09,P04,L05,101,82,13,0
2025-02-07,7,M10,P04,L03,146,173,21,9
2025-02-07,8,M01,P03,L03,176,134,28,3
2025-02-07,8,M02,P01,L01,123,89,6,3
2025-02-07,8,M03,P03,L01,143,90,9,6
2025-02-07,8,M04,P02,L04,189,191,29,3
2025-02-07,8,M05,P03,L03,139,153,11,4
2025-02-07,8,M06,P03,L04,183,196,27,3
2025-02-07,8,M07,P04,L03,109,94,12,4
2025-02-07,8,M08,P02,L04,106,109,13,4
2025-02-07,8,M09,P03,L01,148,136,4,8
2025-02-07,8,M10,P02,L01,102,171,4,5
2025-02-07,9,M01,P01,L05,183,165,3,3
2025-02-07,9,M02,P05,L05,106,87,21,5
2025-02-07,9,M03,P05,L02,109,148,16,8
2025-02-07,9,M04,P02,L02,108,139,4,2
2025-02-07,9,M05,P02,L03,179,170,19,2
2025-02-07,9,M06,P02,L01,110,140,14,6
2025-02-07,9,M07,P04,L02,188,166,10,0
2025-02-07,9,M08,P03,L04,161,167,5,9
2025-02-07,9,M09,P05,L02,127,138,8,6
2025-02-07,9,M10,P03,L01,191,141,24,5
2025-02-07,10,M01,P01,L03,142,189,15,1
2025-02-07,10,M02,P05,L02,145,100,27,9
2025-02-07,10,M03,P02,L02,189,163,8,3
2025-02-07,10,M04,P05,L01,165,125,21,0
2025-02-07,10,M05,P01,L04,102,180,20,7
2025-02-07,10,M06,P02,L02,195,115,16,4
2025-02-07,10,M07,P03,L01,100,169,13,2
2025-02-07,10,M08,P04,L02,143,81,10,4
2025-02-07,10,M09,P04,L02,189,160,2,0
2025-02-07,10,M10,P03,L04,199,107,27,4
2025-02-07,11,M01,P04,L04,124,136,8,4
2025-02-07,11,M02,P05,L03,184,81,21,1
2025-02-07,11,M03,P05,L02,168,90,28,4
2025-02-07,11,M04,P05,L04,138,153,28,1
2025-02-07,11,M05,P04,L01,100,83,14,5
2025-02-07,11,M06,P05,L01,153,128,6,3
2025-02-07,11,M07,P04,L03,160,158,19,8
2025-02-07,11,M08,P04,L05,106,130,12,0
2025-02-07,11,M09,P03,L04,144,113,18,0
2025-02-07,11,M10,P05,L01,171,177,7,1
2025-02-07,12,M01,P03,L05,164,152,19,9
2025-02-07,12,M02,P02,L03,180,149,10,7
2025-02-07,12,M03,P01,L04,196,197,17,4
2025-02-07,12,M04,P01,L02,101,116,19,0
2025-02-07,12,M05,P01,L02,182,185,7,3
2025-02-07,12,M06,P05,L03,176,152,4,1
2025-02-07,12,M07,P04,L05,177,113,21,0
2025-02-07,12,M08,P05,L01,112,129,26,0
2025-02-07,12,M09,P02,L04,198,198,6,9
2025-02-07,12,M10,P03,L01,183,141,9,0
2025-02-07,13,M01,P04,L02,145,165,10,0
2025-02-07,13,M02,P02,L01,173,179,4,7
2025-02-07,13,M03,P02,L02,149,107,10,7
2025-02-07,13,M04,P04,L05,157,146,17,3
2025-02-07,13,M05,P02,L01,131,175,18,0
2025-02-07,13,M06,P02,L02,110,190,22,0
2025-02-07,13,M07,P01,L01,116,193,15,1
2025-02-07,13,M08,P04,L01,131,150,28,8
2025-02-07,13,M09,P03,L02,152,84,17,4
2025-02-07,13,M10,P01,L02,113,175,14,4
2025-02-07,14,M01,P03,L01,100,119,17,1
2025-02-07,14,M02,P05,L02,199,100,0,2
2025-02-07,14,M03,P03,L03,113,171,22,5
2025-02-07,14,M04,P03,L05,123,105,24,9
2025-02-07,14,M05,P03,L03,123,103,11,6
2025-02-07,14,M06,P03,L01,169,155,14,6
2025-02-07,14,M07,P05,L03,143,107,11,3
2025-02-07,14,M08,P01,L05,148,177,4,4
2025-02-07,14,M09,P02,L04,169,100,4,7
2025-02-07,14,M10,P03,L05,162,125,4,8
2025-02-07,15,M01,P03,L03,186,83,20,7
2025-02-07,15,M02,P02,L02,165,183,7,8
2025-02-07,15,M03,P04,L02,165,147,2,6
2025-02-07,15,M04,P02,L05,119,149,27,4
2025-02-07,15,M05,P02,L03,127,198,1,8
2025-02-07,15,M06,P03,L04,121,84,27,8
2025-02-07,15,M07,P03,L05,197,147,12,0
2025-02-07,15,M08,P03,L01,113,188,4,1
2025-02-07,15,M09,P03,L03,129,194,4,6
2025-02-07,15,M10,P03,L02,123,159,25,7
2025-02-07,16,M01,P05,L03,141,155,22,1
2025-02-07,16,M02,P05,L01,128,183,24,8
2025-02-07,16,M03,P04,L04,127,116,22,4
2025-02-07,16,M04,P02,L04,178,167,20,4
2025-02-07,16,M05,P04,L05,191,111,26,6
2025-02-07,16,M06,P02,L02,192,195,26,2
2025-02-07,16,M07,P05,L02,123,166,2,3
2025-02-07,16,M08,P04,L05,143,127,9,6
2025-02-07,16,M09,P01,L04,192,136,6,3
2025-02-07,16,M10,P02,L04,101,157,7,9
2025-02-07,17,M01,P03,L02,101,115,5,3
2025-02-07,17,M02,P01,L05,153,101,15,7
2025-02-07,17,M03,P05,L05,192,138,0,5
2025-02-07,17,M04,P03,L01,171,191,24,5
2025-02-07,17,M05,P02,L01,108,143,3,2
2025-02-07,17,M06,P01,L01,187,177,16,1
2025-02-07,17,M07,P04,L03,112,138,24,6
2025-02-07,17,M08,P05,L04,164,191,5,5
2025-02-07,17,M09,P05,L03,125,136,25,9
2025-02-07,17,M10,P01,L05,125,94,6,2
2025-02-07,18,M01,P01,L03,186,147,29,8
2025-02-07,18,M02,P04,L01,189,129,28,8
2025-02-07,18,M03,P04,L02,183,127,26,1
2025-02-07,18,M04,P05,L05,185,128,10,3
2025-02-07,18,M05,P05,L01,136,179,24,7
2025-02-07,18,M06,P03,L02,184,85,20,7
2025-02-07,18,M07,P02,L05,130,109,18,4
2025-02-07,18,M08,P05,L04,126,181,2,9
2025-02-07,18,M09,P03,L04,199,180,26,5
2025-02-07,18,M10,P02,L02,123,195,6,6
2025-02-07,19,M01,P05,L04,125,122,10,1
2025-02-07,19,M02,P01,L04,195,91,13,1
2025-02-07,19,M03,P04,L05,154,114,28,9
2025-02-07,19,M04,P04,L01,192,84,2,6
2025-02-07,19,M05,P01,L04,120,106,7,3
2025-02-07,19,M06,P03,L01,162,136,20,5
2025-02-07,19,M07,P02,L02,172,191,0,5
2025-02-07,19,M08,P05,L02,185,85,8,7
2025-02-07,19,M09,P05,L05,106,82,22,5
2025-02-07,19,M10,P02,L04,178,126,17,6
2025-02-07,20,M01,P01,L01,102,101,2,8
2025-02-07,20,M02,P04,L02,100,179,29,4
2025-02-07,20,M03,P04,L05,168,115,28,5
2025-02-07,20,M04,P05,L02,113,103,27,4
2025-02-07,20,M05,P03,L05,175,99,29,2
2025-02-07,20,M06,P02,L03,184,160,0,2
2025-02-07,20,M07,P04,L04,153,81,16,6
2025-02-07,20,M08,P02,L04,139,113,10,0
2025-02-07,20,M09,P02,L02,133,166,16,2
2025-02-07,20,M10,P04,L05,154,141,5,7
2025-02-07,21,M01,P01,L01,169,159,8,3
2025-02-07,21,M02,P02,L04,137,141,25,2
2025-02-07,21,M03,P03,L01,187,87,7,8
2025-02-07,21,M04,P03,L04,127,86,17,5
2025-02-07,21,M05,P05,L04,134,85,13,0
2025-02-07,21,M06,P03,L04,180,133,13,2
2025-02-07,21,M07,P05,L03,159,167,22,4
2025-02-07,21,M08,P03,L02,171,123,14,9
2025-02-07,21,M09,P05,L02,173,111,16,8
2025-02-07,21,M10,P02,L01,185,85,26,3
2025-02-07,22,M01,P01,L01,100,180,28,6
2025-02-07,22,M02,P01,L01,145,188,27,5
2025-02-07,22,M03,P02,L03,181,91,28,6
2025-02-07,22,M04,P02,L01,179,141,22,4
2025-02-07,22,M05,P03,L05,109,91,29,3
2025-02-07,22,M06,P02,L04,177,147,14,3
2025-02-07,22,M07,P04,L01,187,153,19,5
2025-02-07,22,M08,P01,L04,184,137,13,2
2025-02-07,22,M09,P02,L01,101,183,15,3
2025-02-07,22,M10,P04,L03,141,128,16,4
2025-02-07,23,M01,P03,L01,120,114,23,6
2025-02-07,23,M02,P01,L04,192,146,10,7
2025-02-07,23,M03,P01,L02,177,115,15,6
2025-02-07,23,M04,P04,L02,154,183,22,3
2025-02-07,23,M05,P04,L05,170,132,11,9
2025-02-07,23,M06,P02,L03,126,86,22,1
2025-02-07,23,M07,P04,L01,135,136,0,4
2025-02-07,23,M08,P04,L02,162,86,29,8
2025-02-07,23,M09,P05,L05,120,177,13,4
2025-02-07,23,M10,P02,L04,171,175,19,4
2025-02-07,24,M01,P03,L04,176,190,9,3
2025-02-07,24,M02,P04,L05,189,187,19,1
2025-02-07,24,M03,P04,L05,158,108,1,8
2025-02-07,24,M04,P05,L03,168,101,15,8
2025-02-07,24,M05,P01,L05,175,126,9,3
2025-02-07,24,M06,P02,L01,181,121,10,4
2025-02-07,24,M07,P02,L01,102,138,5,0
2025-02-07,24,M08,P03,L04,180,114,8,1
2025-02-07,24,M09,P03,L04,105,111,10,6
2025-02-07,24,M10,P05,L05,138,125,1,2
2025-02-08,1,M01,P05,L04,164,152,16,1
2025-02-08,1,M02,P03,L03,185,159,7,4
2025-02-08,1,M03,P02,L01,193,107,18,1
2025-02-08,1,M04,P02,L05,193,92,21,4
2025-02-08,1,M05,P05,L05,130,141,28,6
2025-02-08,1,M06,P01,L01,105,184,16,1
2025-02-08,1,M07,P05,L04,157,173,16,4
2025-02-08,1,M08,P05,L04,154,110,26,2
2025-02-08,1,M09,P04,L02,112,131,29,9
2025-02-08,1,M10,P01,L05,144,86,17,5
2025-02-08,2,M01,P04,L04,139,191,0,7
2025-02-08,2,M02,P01,L02,150,141,4,2
2025-02-08,2,M03,P01,L03,196,128,24,0
2025-02-08,2,M04,P03,L01,166,92,19,4
2025-02-08,2,M05,P05,L02,162,128,8,3
2025-02-08,2,M06,P02,L01,158,193,6,8
2025-02-08,2,M07,P03,L05,155,189,7,3
2025-02-08,2,M08,P01,L02,143,156,15,4
2025-02-08,2,M09,P05,L02,111,134,27,5
2025-02-08,2,M10,P03,L04,174,109,21,9
2025-02-08,3,M01,P04,L05,131,196,29,2
2025-02-08,3,M02,P02,L04,147,182,27,9
2025-02-08,3,M03,P03,L03,116,141,20,4
2025-02-08,3,M04,P03,L04,133,176,28,3
2025-02-08,3,M05,P03,L04,189,161,20,9
2025-02-08,3,M06,P02,L04,132,89,9,9
2025-02-08,3,M07,P01,L02,101,169,19,2
2025-02-08,3,M08,P02,L01,142,199,11,0
2025-02-08,3,M09,P03,L04,116,137,15,0
2025-02-08,3,M10,P03,L03,175,171,1,9
2025-02-08,4,M01,P04,L03,146,87,10,6
2025-02-08,4,M02,P04,L05,162,156,22,4
2025-02-08,4,M03,P02,L04,180,144,21,3
2025-02-08,4,M04,P02,L02,125,128,28,5
2025-02-08,4,M05,P02,L01,156,165,26,3
2025-02-08,4,M06,P03,L05,167,129,29,5
2025-02-08,4,M07,P04,L03,187,138,13,0
2025-02-08,4,M08,P03,L01,162,146,14,4
2025-02-08,4,M09,P01,L02,193,194,3,1
2025-02-08,4,M10,P02,L04,135,95,0,2
2025-02-08,5,M01,P05,L03,158,158,5,0
2025-02-08,5,M02,P02,L02,110,107,26,5
2025-02-08,5,M03,P05,L02,179,81,19,7
2025-02-08,5,M04,P03,L04,198,118,15,6
2025-02-08,5,M05,P01,L02,123,114,21,6
2025-02-08,5,M06,P03,L05,130,129,6,7
2025-02-08,5,M07,P03,L05,133,156,24,5
2025-02-08,5,M08,P03,L02,120,144,1,8
2025-02-08,5,M09,P03,L02,125,146,23,9
2025-02-08,5,M10,P02,L05,117,155,3,7
2025-02-08,6,M01,P04,L02,102,183,11,1
2025-02-08,6,M02,P01,L01,109,167,17,0
2025-02-08,6,M03,P04,L05,128,162,5,6
2025-02-08,6,M04,P01,L01,160,130,4,2
2025-02-08,6,M05,P02,L02,148,169,20,8
2025-02-08,6,M06,P01,L02,116,194,12,5
2025-02-08,6,M07,P04,L05,195,161,11,3
2025-02-08,6,M08,P04,L05,149,169,16,6
2025-02-08,6,M09,P01,L02,171,81,11,2
2025-02-08,6,M10,P05,L04,156,170,22,9
2025-02-08,7,M01,P01,L04,116,151,9,0
2025-02-08,7,M02,P02,L02,199,136,6,6
2025-02-08,7,M03,P02,L04,186,132,0,4
2025-02-08,7,M04,P04,L04,122,142,6,1
2025-02-08,7,M05,P04,L01,107,128,28,1
2025-02-08,7,M06,P04,L05,123,191,8,7
2025-02-08,7,M07,P01,L04,113,106,19,4
2025-02-08,7,M08,P01,L05,161,146,15,1
2025-02-08,7,M09,P05,L02,175,105,16,4
2025-02-08,7,M10,P01,L03,140,119,13,3
2025-02-08,8,M01,P01,L03,126,87,20,0
2025-02-08,8,M02,P05,L02,161,111,24,9
2025-02-08,8,M03,P02,L03,139,108,8,1
2025-02-08,8,M04,P05,L02,179,146,9,7
2025-02-08,8,M05,P04,L02,128,91,20,4
2025-02-08,8,M06,P03,L04,118,180,14,9
2025-02-08,8,M07,P05,L05,116,99,9,9
2025-02-08,8,M08,P02,L05,173,116,26,8
2025-02-08,8,M09,P03,L03,140,95,28,2
2025-02-08,8,M10,P04,L04,156,179,4,1
2025-02-08,9,M01,P01,L05,173,115,18,3
2025-02-08,9,M02,P05,L05,122,111,16,1
2025-02-08,9,M03,P05,L02,194,92,21,2
2025-02-08,9,M04,P05,L03,122,162,15,9
2025-02-08,9,M05,P02,L03,122,136,8,2
2025-02-08,9,M06,P04,L01,123,186,17,3
2025-02-08,9,M07,P01,L04,155,145,12,3
2025-02-08,9,M08,P04,L01,181,143,14,7
2025-02-08,9,M09,P03,L02,107,108,12,0
2025-02-08,9,M10,P02,L05,136,80,11,4
2025-02-08,10,M01,P02,L05,165,190,27,5
2025-02-08,10,M02,P05,L03,102,124,12,7
2025-02-08,10,M03,P02,L03,167,93,28,6
2025-02-08,10,M04,P01,L01,156,94,27,5
2025-02-08,10,M05,P02,L05,181,143,6,5
2025-02-08,10,M06,P05,L04,166,82,12,4
2025-02-08,10,M07,P04,L02,115,171,7,5
2025-02-08,10,M08,P01,L02,190,124,21,5
2025-02-08,10,M09,P02,L04,172,176,5,7
2025-02-08,10,M10,P03,L02,125,150,12,0
2025-02-08,11,M01,P03,L05,185,169,6,9
2025-02-08,11,M02,P05,L02,186,130,29,6
2025-02-08,11,M03,P03,L01,183,142,6,6
2025-02-08,11,M04,P01,L04,130,173,23,3
2025-02-08,11,M05,P04,L02,139,183,20,1
2025-02-08,11,M06,P01,L03,160,159,20,8
2025-02-08,11,M07,P01,L04,135,190,10,0
2025-02-08,11,M08,P05,L04,155,127,7,6
2025-02-08,11,M09,P03,L01,174,108,2,6
2025-02-08,11,M10,P01,L05,119,98,12,2
2025-02-08,12,M01,P01,L02,102,103,11,5
2025-02-08,12,M02,P05,L02,136,187,3,0
2025-02-08,12,M03,P05,L04,180,163,27,8
2025-02-08,12,M04,P02,L02,180,155,23,8
2025-02-08,12,M05,P03,L02,192,80,29,4
2025-02-08,12,M06,P03,L03,198,81,13,0
2025-02-08,12,M07,P02,L02,168,92,18,2
2025-02-08,12,M08,P03,L01,117,192,24,4
2025-02-08,12,M09,P04,L03,107,171,20,5
2025-02-08,12,M10,P02,L02,172,134,2,1
2025-02-08,13,M01,P01,L04,125,177,15,5
2025-02-08,13,M02,P03,L03,188,195,4,6
2025-02-08,13,M03,P03,L03,104,99,19,4
2025-02-08,13,M04,P01,L03,163,187,22,3
2025-02-08,13,M05,P03,L04,101,198,11,8
2025-02-08,13,M06,P05,L02,108,132,27,2
2025-02-08,13,M07,P04,L04,112,171,24,4
2025-02-08,13,M08,P04,L02,136,135,23,3
2025-02-08,13,M09,P05,L04,172,169,3,8
2025-02-08,13,M10,P04,L04,148,131,1,5
2025-02-08,14,M01,P01,L05,154,123,20,7
2025-02-08,14,M02,P02,L02,142,151,5,1
2025-02-08,14,M03,P03,L05,155,85,8,5
2025-02-08,14,M04,P01,L03,130,100,5,3
2025-02-08,14,M05,P02,L03,145,180,11,2
2025-02-08,14,M06,P02,L05,178,117,29,7
2025-02-08,14,M07,P03,L03,129,152,29,0
2025-02-08,14,M08,P05,L03,165,171,7,8
2025-02-08,14,M09,P03,L02,141,103,25,6
2025-02-08,14,M10,P03,L02,138,176,23,4
2025-02-08,15,M01,P04,L01,142,187,2,6
2025-02-08,15,M02,P03,L01,165,119,21,2
2025-02-08,15,M03,P01,L04,142,137,17,8
2025-02-08,15,M04,P04,L02,126,92,14,7
2025-02-08,15,M05,P03,L03,176,86,17,7
2025-02-08,15,M06,P03,L02,138,166,27,6
2025-02-08,15,M07,P05,L04,154,87,18,5
2025-02-08,15,M08,P01,L04,109,157,26,4
2025-02-08,15,M09,P01,L04,103,98,28,6
2025-02-08,15,M10,P01,L05,171,90,0,8
2025-02-08,16,M01,P04,L01,125,115,10,8
2025-02-08,16,M02,P02,L01,192,104,3,6
2025-02-08,16,M03,P03,L01,133,165,12,5
2025-02-08,16,M04,P04,L03,105,138,21,0
2025-02-08,16,M05,P01,L02,101,99,26,5
2025-02-08,16,M06,P03,L02,187,158,22,9
2025-02-08,16,M07,P02,L01,173,100,5,6
2025-02-08,16,M08,P01,L04,102,169,1,1
2025-02-08,16,M09,P05,L01,141,100,21,7
2025-02-08,16,M10,P01,L04,147,168,18,7
2025-02-08,17,M01,P03,L04,194,190,18,2
2025-02-08,17,M02,P04,L04,179,174,6,1
2025-02-08,17,M03,P02,L03,164,199,19,5
2025-02-08,17,M04,P01,L05,118,118,22,7
2025-02-08,17,M05,P04,L02,130,165,19,8
2025-02-08,17,M06,P01,L01,179,180,20,7
2025-02-08,17,M07,P03,L03,123,141,19,2
2025-02-08,17,M08,P01,L02,154,132,24,2
2025-02-08,17,M09,P05,L05,128,175,5,7
2025-02-08,17,M10,P04,L01,100,103,9,2
2025-02-08,18,M01,P04,L04,166,134,17,4
2025-02-08,18,M02,P05,L03,118,168,23,1
2025-02-08,18,M03,P03,L02,141,132,1,9
2025-02-08,18,M04,P04,L02,162,146,16,7
2025-02-08,18,M05,P04,L01,121,91,16,8
2025-02-08,18,M06,P03,L01,116,190,1,3
2025-02-08,18,M07,P01,L01,104,175,7,0
2025-02-08,18,M08,P05,L03,116,173,2,0
2025-02-08,18,M09,P01,L04,144,111,4,2
2025-02-08,18,M10,P03,L02,188,115,3,8
2025-02-08,19,M01,P02,L02,149,136,6,4
2025-02-08,19,M02,P01,L05,173,180,24,7
2025-02-08,19,M03,P05,L05,136,148,13,0
2025-02-08,19,M04,P05,L03,143,94,2,0
2025-02-08,19,M05,P05,L04,161,157,24,9
2025-02-08,19,M06,P02,L04,113,157,12,4
2025-02-08,19,M07,P05,L03,118,163,9,6
2025-02-08,19,M08,P01,L02,167,183,16,9
2025-02-08,19,M09,P04,L03,183,159,18,2
2025-02-08,19,M10,P05,L05,141,93,19,7
2025-02-08,20,M01,P05,L01,169,157,8,2
2025-02-08,20,M02,P04,L04,188,94,12,9
2025-02-08,20,M03,P02,L04,177,92,8,4
2025-02-08,20,M04,P05,L03,140,96,4,8
2025-02-08,20,M05,P02,L03,100,119,14,5
2025-02-08,20,M06,P03,L02,149,138,27,0
2025-02-08,20,M07,P02,L03,162,125,4,9
2025-02-08,20,M08,P03,L05,142,177,9,8
2025-02-08,20,M09,P01,L02,139,118,24,2
2025-02-08,20,M10,P01,L01,126,124,15,5
2025-02-08,21,M01,P02,L04,164,90,14,0
2025-02-08,21,M02,P01,L01,138,112,28,9
2025-02-08,21,M03,P03,L02,112,148,17,2
2025-02-08,21,M04,P03,L05,125,112,29,5
2025-02-08,21,M05,P03,L05,108,137,23,6
2025-02-08,21,M06,P05,L04,147,188,26,1
2025-02-08,21,M07,P05,L02,120,117,21,2
2025-02-08,21,M08,P04,L03,196,122,16,4
2025-02-08,21,M09,P04,L04,162,102,6,3
2025-02-08,21,M10,P05,L02,133,89,19,7
2025-02-08,22,M01,P05,L02,112,166,9,5
2025-02-08,22,M02,P01,L05,181,163,22,7
2025-02-08,22,M03,P05,L05,119,123,15,9
2025-02-08,22,M04,P03,L04,188,150,24,3
2025-02-08,22,M05,P02,L03,139,95,3,9
2025-02-08,22,M06,P04,L03,119,111,1,3
2025-02-08,22,M07,P03,L05,116,89,7,5
2025-02-08,22,M08,P01,L03,156,186,24,8
2025-02-08,22,M09,P04,L05,137,115,23,8
2025-02-08,22,M10,P05,L04,165,113,27,9
2025-02-08,23,M01,P02,L03,151,168,4,1
2025-02-08,23,M02,P05,L04,142,87,16,4
2025-02-08,23,M03,P03,L04,170,169,10,0
2025-02-08,23,M04,P03,L02,164,172,15,5
2025-02-08,23,M05,P05,L05,129,119,17,5
2025-02-08,23,M06,P02,L05,117,138,12,6
2025-02-08,23,M07,P05,L04,167,156,17,6
2025-02-08,23,M08,P05,L05,198,117,7,9
2025-02-08,23,M09,P04,L02,165,122,25,3
2025-02-08,23,M10,P02,L03,171,119,13,3
2025-02-08,24,M01,P02,L02,114,162,23,2
2025-02-08,24,M02,P05,L02,156,88,24,2
2025-02-08,24,M03,P04,L02,101,95,7,9
2025-02-08,24,M04,P02,L01,125,123,4,4
2025-02-08,24,M05,P04,L03,153,169,27,1
2025-02-08,24,M06,P04,L04,184,83,26,9
2025-02-08,24,M07,P04,L01,123,176,4,8
2025-02-08,24,M08,P03,L03,144,175,21,9
2025-02-08,24,M09,P04,L03,166,197,9,4
2025-02-08,24,M10,P02,L03,127,174,16,7
2025-02-09,1,M01,P05,L01,131,132,16,8
2025-02-09,1,M02,P01,L05,142,165,6,6
2025-02-09,1,M03,P05,L02,117,83,11,2
2025-02-09,1,M04,P05,L04,190,149,10,4
2025-02-09,1,M05,P02,L01,112,102,24,0
2025-02-09,1,M06,P03,L04,102,91,11,4
2025-02-09,1,M07,P05,L05,157,122,17,4
2025-02-09,1,M08,P05,L04,180,91,16,0
2025-02-09,1,M09,P01,L03,130,185,1,8
2025-02-09,1,M10,P01,L03,130,147,3,3
2025-02-09,2,M01,P01,L04,184,108,21,3
2025-02-09,2,M02,P03,L03,156,92,22,7
2025-02-09,2,M03,P02,L01,162,163,1,7
2025-02-09,2,M04,P03,L02,130,140,21,8
2025-02-09,2,M05,P01,L04,131,168,15,9
2025-02-09,2,M06,P05,L01,141,149,13,9
2025-02-09,2,M07,P04,L04,135,110,26,1
2025-02-09,2,M08,P04,L03,144,123,24,4
2025-02-09,2,M09,P02,L05,102,80,28,7
2025-02-09,2,M10,P03,L03,108,167,16,6
2025-02-09,3,M01,P05,L04,192,124,27,7
2025-02-09,3,M02,P05,L05,128,148,10,1
2025-02-09,3,M03,P02,L04,171,198,22,6
2025-02-09,3,M04,P03,L02,180,190,17,9
2025-02-09,3,M05,P01,L02,194,159,23,8
2025-02-09,3,M06,P01,L03,135,124,9,2
2025-02-09,3,M07,P03,L03,165,186,9,2
2025-02-09,3,M08,P05,L03,178,115,16,0
2025-02-09,3,M09,P04,L01,141,120,8,8
2025-02-09,3,M10,P04,L02,119,173,13,9
2025-02-09,4,M01,P03,L05,198,131,26,5
2025-02-09,4,M02,P03,L01,129,82,11,4
2025-02-09,4,M03,P04,L03,123,191,8,7
2025-02-09,4,M04,P03,L03,172,95,13,7
2025-02-09,4,M05,P05,L02,196,198,29,8
2025-02-09,4,M06,P02,L01,148,121,12,1
2025-02-09,4,M07,P05,L05,128,171,23,7
2025-02-09,4,M08,P04,L02,170,120,15,8
2025-02-09,4,M09,P05,L03,142,87,20,4
2025-02-09,4,M10,P02,L02,151,184,20,3
2025-02-09,5,M01,P05,L03,157,176,24,7
2025-02-09,5,M02,P01,L03,199,115,24,4
2025-02-09,5,M03,P01,L01,151,189,9,5
2025-02-09,5,M04,P04,L02,176,93,0,0
2025-02-09,5,M05,P01,L03,136,128,15,4
2025-02-09,5,M06,P03,L04,152,181,22,9
2025-02-09,5,M07,P05,L02,154,171,2,7
2025-02-09,5,M08,P01,L05,135,98,3,8
2025-02-09,5,M09,P04,L03,162,135,26,3
2025-02-09,5,M10,P01,L05,125,161,21,5
2025-02-09,6,M01,P05,L03,133,90,23,7
2025-02-09,6,M02,P05,L05,122,119,10,3
2025-02-09,6,M03,P05,L02,122,91,3,3
2025-02-09,6,M04,P01,L04,177,138,25,7
2025-02-09,6,M05,P01,L03,155,154,26,3
2025-02-09,6,M06,P01,L05,148,162,12,2
2025-02-09,6,M07,P01,L02,123,195,11,3
2025-02-09,6,M08,P01,L01,155,111,16,9
2025-02-09,6,M09,P02,L02,198,116,15,4
2025-02-09,6,M10,P02,L05,181,145,23,0
2025-02-09,7,M01,P02,L01,191,180,2,4
2025-02-09,7,M02,P01,L04,106,81,0,7
2025-02-09,7,M03,P04,L01,156,128,22,4
2025-02-09,7,M04,P04,L05,162,161,22,6
2025-02-09,7,M05,P03,L01,145,157,2,9
2025-02-09,7,M06,P05,L01,170,169,6,6
2025-02-09,7,M07,P02,L04,135,195,12,2
2025-02-09,7,M08,P01,L04,152,165,19,0
2025-02-09,7,M09,P05,L05,186,181,19,9
2025-02-09,7,M10,P04,L05,193,119,16,8
2025-02-09,8,M01,P01,L02,103,105,29,5
2025-02-09,8,M02,P02,L02,135,81,27,8
2025-02-09,8,M03,P05,L01,150,146,16,7
2025-02-09,8,M04,P04,L03,167,161,23,2
2025-02-09,8,M05,P03,L04,165,112,12,9
2025-02-09,8,M06,P02,L02,112,147,26,0
2025-02-09,8,M07,P05,L01,132,133,15,7
2025-02-09,8,M08,P05,L05,166,178,28,1
2025-02-09,8,M09,P01,L01,154,160,16,3
2025-02-09,8,M10,P02,L04,134,129,14,0
2025-02-09,9,M01,P02,L03,189,120,7,5
2025-02-09,9,M02,P04,L01,173,90,11,5
2025-02-09,9,M03,P05,L03,118,119,20,6
2025-02-09,9,M04,P04,L05,166,165,24,3
2025-02-09,9,M05,P01,L04,102,165,11,4
2025-02-09,9,M06,P02,L01,183,125,4,8
2025-02-09,9,M07,P01,L05,175,136,25,0
2025-02-09,9,M08,P04,L01,192,101,29,1
2025-02-09,9,M09,P04,L01,151,167,21,4
2025-02-09,9,M10,P03,L01,129,118,14,9
2025-02-09,10,M01,P05,L03,169,168,10,2
2025-02-09,10,M02,P02,L03,154,157,26,8
2025-02-09,10,M03,P02,L04,180,96,1,9
2025-02-09,10,M04,P03,L03,161,113,3,7
2025-02-09,10,M05,P04,L03,196,199,22,9
2025-02-09,10,M06,P05,L02,141,130,6,0
2025-02-09,10,M07,P05,L04,194,109,2,8
2025-02-09,10,M08,P01,L04,161,117,16,9
2025-02-09,10,M09,P02,L01,162,125,18,1
2025-02-09,10,M10,P01,L01,145,114,11,0
2025-02-09,11,M01,P02,L01,128,85,0,6
2025-02-09,11,M02,P04,L03,103,198,15,3
2025-02-09,11,M03,P04,L03,183,105,27,9
2025-02-09,11,M04,P02,L02,126,176,28,6
2025-02-09,11,M05,P05,L04,148,113,25,6
2025-02-09,11,M06,P02,L02,151,128,22,0
2025-02-09,11,M07,P05,L01,161,94,1,0
2025-02-09,11,M08,P04,L05,160,125,18,2
2025-02-09,11,M09,P01,L04,172,100,22,8
2025-02-09,11,M10,P05,L01,197,93,21,2
2025-02-09,12,M01,P04,L03,158,93,6,4
2025-02-09,12,M02,P05,L02,180,173,24,9
2025-02-09,12,M03,P05,L04,127,155,3,8
2025-02-09,12,M04,P01,L05,155,136,20,4
2025-02-09,12,M05,P05,L01,101,82,10,9
2025-02-09,12,M06,P01,L03,139,191,28,5
2025-02-09,12,M07,P02,L05,133,104,9,7
2025-02-09,12,M08,P01,L05,164,188,3,4
2025-02-09,12,M09,P04,L01,120,196,27,2
2025-02-09,12,M10,P02,L04,151,144,19,4
2025-02-09,13,M01,P04,L02,109,149,14,9
2025-02-09,13,M02,P03,L05,167,101,5,5
2025-02-09,13,M03,P03,L02,143,109,7,7
2025-02-09,13,M04,P02,L04,105,117,25,2
2025-02-09,13,M05,P04,L02,168,126,2,4
2025-02-09,13,M06,P03,L01,107,139,25,6
2025-02-09,13,M07,P02,L04,191,168,18,5
2025-02-09,13,M08,P04,L05,198,162,2,2
2025-02-09,13,M09,P05,L03,177,164,3,5
2025-02-09,13,M10,P04,L02,114,130,17,6
2025-02-09,14,M01,P02,L04,161,84,26,9
2025-02-09,14,M02,P03,L01,112,188,11,0
2025-02-09,14,M03,P04,L02,176,153,20,0
2025-02-09,14,M04,P02,L03,108,117,22,4
2025-02-09,14,M05,P02,L01,104,101,9,8
2025-02-09,14,M06,P04,L05,127,100,10,4
2025-02-09,14,M07,P01,L05,168,112,12,3
2025-02-09,14,M08,P05,L04,108,140,23,4
2025-02-09,14,M09,P03,L02,156,182,2,9
2025-02-09,14,M10,P05,L03,111,88,15,8
2025-02-09,15,M01,P03,L05,187,101,22,9
2025-02-09,15,M02,P03,L02,197,127,6,7
2025-02-09,15,M03,P05,L04,114,160,21,2
2025-02-09,15,M04,P01,L05,154,183,21,8
2025-02-09,15,M05,P01,L03,177,140,27,3
2025-02-09,15,M06,P01,L05,199,102,7,1
2025-02-09,15,M07,P04,L05,196,90,9,4
2025-02-09,15,M08,P02,L01,121,81,18,5
2025-02-09,15,M09,P04,L05,186,141,18,9
2025-02-09,15,M10,P01,L04,117,174,4,0
2025-02-09,16,M01,P03,L02,184,80,13,0
2025-02-09,16,M02,P04,L04,144,104,14,3
2025-02-09,16,M03,P02,L02,159,157,29,9
2025-02-09,16,M04,P01,L03,190,124,7,5
2025-02-09,16,M05,P05,L03,146,194,25,7
2025-02-09,16,M06,P02,L05,110,99,19,8
2025-02-09,16,M07,P01,L04,190,167,7,8
2025-02-09,16,M08,P01,L01,130,153,6,0
2025-02-09,16,M09,P03,L05,165,82,14,7
2025-02-09,16,M10,P03,L02,199,178,27,6
2025-02-09,17,M01,P03,L04,107,86,3,9
2025-02-09,17,M02,P01,L04,141,126,23,5
2025-02-09,17,M03,P02,L02,172,104,24,8
2025-02-09,17,M04,P05,L01,106,156,7,0
2025-02-09,17,M05,P04,L02,183,111,28,0
2025-02-09,17,M06,P04,L03,154,142,13,5
2025-02-09,17,M07,P02,L04,192,118,23,8
2025-02-09,17,M08,P04,L01,150,148,21,7
2025-02-09,17,M09,P05,L03,169,100,28,6
2025-02-09,17,M10,P03,L01,121,111,8,9
2025-02-09,18,M01,P01,L04,153,181,29,4
2025-02-09,18,M02,P03,L02,102,117,16,6
2025-02-09,18,M03,P05,L05,145,194,7,3
2025-02-09,18,M04,P01,L01,168,122,6,5
2025-02-09,18,M05,P04,L04,194,147,25,7
2025-02-09,18,M06,P03,L05,161,122,25,2
2025-02-09,18,M07,P01,L05,164,156,24,3
2025-02-09,18,M08,P02,L01,187,122,8,0
2025-02-09,18,M09,P02,L02,159,80,11,2
2025-02-09,18,M10,P03,L05,116,163,25,5
2025-02-09,19,M01,P02,L04,109,174,25,9
2025-02-09,19,M02,P05,L01,177,84,2,2
2025-02-09,19,M03,P03,L04,145,158,2,2
2025-02-09,19,M04,P03,L01,146,128,23,9
2025-02-09,19,M05,P01,L04,112,87,21,5
2025-02-09,19,M06,P02,L03,122,199,28,6
2025-02-09,19,M07,P01,L05,173,126,28,3
2025-02-09,19,M08,P05,L04,172,158,11,8
2025-02-09,19,M09,P03,L03,178,132,10,5
2025-02-09,19,M10,P04,L03,184,80,23,6
2025-02-09,20,M01,P03,L05,127,108,17,6
2025-02-09,20,M02,P01,L04,161,186,5,4
2025-02-09,20,M03,P05,L01,150,174,5,6
2025-02-09,20,M04,P02,L02,159,136,12,6
2025-02-09,20,M05,P01,L03,176,111,6,7
2025-02-09,20,M06,P01,L03,184,91,27,7
2025-02-09,20,M07,P02,L02,128,140,15,3
2025-02-09,20,M08,P04,L03,155,166,3,9
2025-02-09,20,M09,P04,L05,183,84,13,1
2025-02-09,20,M10,P04,L01,187,138,0,5
2025-02-09,21,M01,P01,L05,195,196,14,2
2025-02-09,21,M02,P02,L01,166,168,27,8
2025-02-09,21,M03,P02,L01,190,179,13,6
2025-02-09,21,M04,P02,L04,106,100,25,6
2025-02-09,21,M05,P01,L04,124,114,2,6
2025-02-09,21,M06,P05,L05,168,104,19,5
2025-02-09,21,M07,P02,L05,185,140,8,2
2025-02-09,21,M08,P05,L02,131,151,15,0
2025-02-09,21,M09,P05,L03,188,99,0,4
2025-02-09,21,M10,P02,L01,188,88,21,1
2025-02-09,22,M01,P03,L05,159,149,26,4
2025-02-09,22,M02,P02,L05,164,105,25,1
2025-02-09,22,M03,P05,L03,145,91,5,0
2025-02-09,22,M04,P01,L03,154,134,9,2
2025-02-09,22,M05,P04,L04,108,108,6,5
2025-02-09,22,M06,P01,L04,166,123,19,8
2025-02-09,22,M07,P01,L04,156,94,6,3
2025-02-09,22,M08,P03,L03,138,144,6,2
2025-02-09,22,M09,P01,L01,157,90,1,5
2025-02-09,22,M10,P04,L02,108,92,25,3
2025-02-09,23,M01,P05,L03,121,144,7,8
2025-02-09,23,M02,P05,L01,103,149,12,9
2025-02-09,23,M03,P03,L01,193,102,23,7
2025-02-09,23,M04,P01,L05,180,199,20,8
2025-02-09,23,M05,P02,L01,115,134,3,7
2025-02-09,23,M06,P03,L05,134,193,3,3
2025-02-09,23,M07,P04,L05,197,166,25,2
2025-02-09,23,M08,P02,L04,196,97,4,8
2025-02-09,23,M09,P03,L04,108,97,23,2
2025-02-09,23,M10,P03,L03,159,179,14,7
2025-02-09,24,M01,P04,L02,174,120,21,0
2025-02-09,24,M02,P01,L01,192,166,8,7
2025-02-09,24,M03,P01,L01,122,197,1,6
2025-02-09,24,M04,P04,L01,178,86,1,3
2025-02-09,24,M05,P04,L02,134,145,17,2
2025-02-09,24,M06,P04,L02,103,134,19,6
2025-02-09,24,M07,P03,L04,107,146,26,7
2025-02-09,24,M08,P05,L02,145,194,3,2
2025-02-09,24,M09,P02,L01,183,145,25,0
2025-02-09,24,M10,P04,L03,147,180,17,2
2025-02-10,1,M01,P04,L05,118,167,29,1
2025-02-10,1,M02,P03,L01,153,144,14,7
2025-02-10,1,M03,P04,L02,133,192,11,5
2025-02-10,1,M04,P05,L05,195,162,28,5
2025-02-10,1,M05,P05,L01,182,99,20,2
2025-02-10,1,M06,P05,L05,193,111,23,0
2025-02-10,1,M07,P03,L03,157,121,2,5
2025-02-10,1,M08,P05,L01,147,187,21,4
2025-02-10,1,M09,P01,L04,133,95,10,0
2025-02-10,1,M10,P03,L04,191,108,4,5
2025-02-10,2,M01,P03,L05,181,161,11,1
2025-02-10,2,M02,P04,L02,182,135,3,7
2025-02-10,2,M03,P03,L03,126,190,15,1
2025-02-10,2,M04,P04,L02,141,102,3,7
2025-02-10,2,M05,P05,L03,156,190,13,4
2025-02-10,2,M06,P01,L03,177,81,17,2
2025-02-10,2,M07,P03,L01,189,146,4,8
2025-02-10,2,M08,P03,L02,180,138,1,8
2025-02-10,2,M09,P05,L02,120,85,3,8
2025-02-10,2,M10,P04,L05,108,97,26,1
2025-02-10,3,M01,P03,L05,141,115,11,9
2025-02-10,3,M02,P05,L01,197,114,7,5
2025-02-10,3,M03,P05,L05,135,163,15,7
2025-02-10,3,M04,P05,L04,168,197,12,2
2025-02-10,3,M05,P05,L01,117,193,8,1
2025-02-10,3,M06,P01,L03,140,112,19,6
2025-02-10,3,M07,P05,L02,139,107,13,2
2025-02-10,3,M08,P03,L04,138,100,4,1
2025-02-10,3,M09,P05,L04,146,122,4,1
2025-02-10,3,M10,P01,L03,113,81,6,6
2025-02-10,4,M01,P01,L02,193,158,28,9
2025-02-10,4,M02,P01,L01,153,118,15,1
2025-02-10,4,M03,P05,L04,188,122,23,7
2025-02-10,4,M04,P03,L02,120,127,1,2
2025-02-10,4,M05,P04,L05,107,157,13,6
2025-02-10,4,M06,P02,L02,104,121,14,8
2025-02-10,4,M07,P01,L01,150,136,8,4
2025-02-10,4,M08,P02,L05,125,153,5,4
2025-02-10,4,M09,P01,L05,144,173,7,7
2025-02-10,4,M10,P05,L04,137,108,18,7
2025-02-10,5,M01,P01,L03,150,154,5,0
2025-02-10,5,M02,P02,L04,184,111,21,3
2025-02-10,5,M03,P03,L01,197,98,4,0
2025-02-10,5,M04,P04,L02,167,128,24,2
2025-02-10,5,M05,P05,L02,196,137,13,6
2025-02-10,5,M06,P01,L01,111,103,23,6
2025-02-10,5,M07,P04,L02,175,158,15,6
2025-02-10,5,M08,P04,L02,194,122,14,4
2025-02-10,5,M09,P03,L05,107,128,7,3
2025-02-10,5,M10,P02,L05,105,160,7,3
2025-02-10,6,M01,P04,L05,122,110,13,3
2025-02-10,6,M02,P01,L04,156,185,5,5
2025-02-10,6,M03,P05,L01,167,174,10,0
2025-02-10,6,M04,P03,L04,101,119,4,9
2025-02-10,6,M05,P05,L01,109,155,16,9
2025-02-10,6,M06,P05,L05,126,84,28,7
2025-02-10,6,M07,P05,L01,198,100,18,3
2025-02-10,6,M08,P01,L03,101,109,25,0
2025-02-10,6,M09,P04,L04,139,108,4,8
2025-02-10,6,M10,P03,L02,160,184,15,0
2025-02-10,7,M01,P01,L02,113,104,25,4
2025-02-10,7,M02,P04,L02,144,143,19,8
2025-02-10,7,M03,P02,L04,197,174,18,7
2025-02-10,7,M04,P02,L01,120,174,6,9
2025-02-10,7,M05,P01,L05,142,147,25,0
2025-02-10,7,M06,P01,L04,148,163,8,7
2025-02-10,7,M07,P02,L04,146,162,19,6
2025-02-10,7,M08,P04,L03,172,183,15,4
2025-02-10,7,M09,P03,L05,101,155,8,0
2025-02-10,7,M10,P05,L03,113,182,16,6
2025-02-10,8,M01,P02,L01,108,158,23,8
2025-02-10,8,M02,P01,L04,199,111,14,4
2025-02-10,8,M03,P01,L02,101,110,23,1
2025-02-10,8,M04,P03,L02,151,101,13,5
2025-02-10,8,M05,P05,L02,148,142,15,7
2025-02-10,8,M06,P02,L02,145,192,21,5
2025-02-10,8,M07,P02,L02,161,196,17,4
2025-02-10,8,M08,P01,L02,152,143,0,8
2025-02-10,8,M09,P05,L02,126,96,8,8
2025-02-10,8,M10,P02,L02,156,175,5,9
2025-02-10,9,M01,P02,L02,191,124,22,1
2025-02-10,9,M02,P04,L04,141,198,21,9
2025-02-10,9,M03,P03,L01,135,157,2,6
2025-02-10,9,M04,P04,L05,199,95,6,3
2025-02-10,9,M05,P03,L01,189,175,17,4
2025-02-10,9,M06,P03,L01,118,192,24,4
2025-02-10,9,M07,P03,L02,113,143,8,2
2025-02-10,9,M08,P03,L02,105,178,24,8
2025-02-10,9,M09,P02,L01,194,86,27,1
2025-02-10,9,M10,P05,L01,158,103,29,2
2025-02-10,10,M01,P05,L03,161,144,27,6
2025-02-10,10,M02,P04,L03,195,153,1,0
2025-02-10,10,M03,P03,L05,149,191,9,5
2025-02-10,10,M04,P05,L04,105,190,5,2
2025-02-10,10,M05,P04,L01,199,143,21,0
2025-02-10,10,M06,P03,L02,174,118,0,2
2025-02-10,10,M07,P04,L03,132,111,3,7
2025-02-10,10,M08,P05,L03,113,124,19,9
2025-02-10,10,M09,P01,L02,176,143,22,3
2025-02-10,10,M10,P01,L03,191,153,21,2
2025-02-10,11,M01,P03,L01,125,123,11,5
2025-02-10,11,M02,P05,L04,100,85,22,1
2025-02-10,11,M03,P02,L03,128,132,0,2
2025-02-10,11,M04,P04,L04,181,87,21,8
2025-02-10,11,M05,P04,L03,165,152,2,5
2025-02-10,11,M06,P02,L02,170,173,16,8
2025-02-10,11,M07,P01,L01,126,144,0,7
2025-02-10,11,M08,P03,L01,199,129,12,5
2025-02-10,11,M09,P03,L02,108,114,6,3
2025-02-10,11,M10,P04,L05,108,114,15,2
2025-02-10,12,M01,P01,L01,160,131,0,0
2025-02-10,12,M02,P01,L04,153,84,28,9
2025-02-10,12,M03,P03,L05,198,145,12,6
2025-02-10,12,M04,P02,L01,132,197,15,7
2025-02-10,12,M05,P05,L02,134,188,16,4
2025-02-10,12,M06,P01,L02,116,150,1,1
2025-02-10,12,M07,P04,L03,112,166,16,5
2025-02-10,12,M08,P03,L03,198,177,20,6
2025-02-10,12,M09,P04,L03,113,146,6,7
2025-02-10,12,M10,P03,L05,174,112,18,5
2025-02-10,13,M01,P01,L01,150,194,27,6
2025-02-10,13,M02,P05,L05,195,119,25,1
2025-02-10,13,M03,P03,L05,188,99,23,2
2025-02-10,13,M04,P05,L01,170,149,26,5
2025-02-10,13,M05,P02,L04,188,98,3,2
2025-02-10,13,M06,P01,L05,144,111,29,4
2025-02-10,13,M07,P05,L02,171,184,9,6
2025-02-10,13,M08,P05,L03,102,97,18,9
2025-02-10,13,M09,P01,L01,123,86,0,8
2025-02-10,13,M10,P02,L02,157,164,5,7
2025-02-10,14,M01,P02,L02,138,129,0,7
2025-02-10,14,M02,P04,L01,183,86,3,8
2025-02-10,14,M03,P03,L05,184,144,19,2
2025-02-10,14,M04,P02,L05,195,95,5,7
2025-02-10,14,M05,P01,L05,110,129,22,5
2025-02-10,14,M06,P03,L03,178,124,5,3
2025-02-10,14,M07,P02,L05,153,108,11,7
2025-02-10,14,M08,P05,L04,165,99,11,5
2025-02-10,14,M09,P02,L02,173,150,9,4
2025-02-10,14,M10,P03,L05,198,182,18,9
2025-02-10,15,M01,P05,L05,165,146,13,3
2025-02-10,15,M02,P01,L05,151,147,18,9
2025-02-10,15,M03,P03,L01,101,182,8,5
2025-02-10,15,M04,P01,L05,102,88,7,8
2025-02-10,15,M05,P05,L01,113,133,15,1
2025-02-10,15,M06,P04,L01,146,106,27,6
2025-02-10,15,M07,P03,L02,133,182,18,5
2025-02-10,15,M08,P04,L04,114,188,6,6
2025-02-10,15,M09,P04,L02,166,80,6,8
2025-02-10,15,M10,P05,L01,146,179,9,1
2025-02-10,16,M01,P03,L05,137,126,19,2
2025-02-10,16,M02,P04,L04,148,150,22,6
2025-02-10,16,M03,P01,L02,147,81,4,4
2025-02-10,16,M04,P05,L05,110,167,0,6
2025-02-10,16,M05,P02,L03,184,147,28,8
2025-02-10,16,M06,P01,L03,110,146,18,3
2025-02-10,16,M07,P03,L05,157,157,5,2
2025-02-10,16,M08,P05,L05,130,190,27,1
2025-02-10,16,M09,P04,L04,118,146,11,3
2025-02-10,16,M10,P01,L04,191,159,20,1
2025-02-10,17,M01,P03,L02,194,159,25,9
2025-02-10,17,M02,P05,L05,108,157,24,7
2025-02-10,17,M03,P03,L02,101,190,17,4
2025-02-10,17,M04,P02,L04,156,150,22,2
2025-02-10,17,M05,P02,L03,182,128,12,7
2025-02-10,17,M06,P03,L04,149,90,22,8
2025-02-10,17,M07,P05,L02,120,127,25,4
2025-02-10,17,M08,P01,L01,166,157,17,6
2025-02-10,17,M09,P05,L04,119,99,14,8
2025-02-10,17,M10,P01,L01,111,188,9,6
2025-02-10,18,M01,P05,L03,170,151,23,8
2025-02-10,18,M02,P02,L05,132,153,21,2
2025-02-10,18,M03,P03,L05,138,83,4,5
2025-02-10,18,M04,P02,L04,111,189,21,1
2025-02-10,18,M05,P01,L03,163,114,23,3
2025-02-10,18,M06,P04,L02,179,173,14,6
2025-02-10,18,M07,P05,L01,128,180,27,4
2025-02-10,18,M08,P01,L02,186,175,13,2
2025-02-10,18,M09,P01,L02,198,140,10,7
2025-02-10,18,M10,P04,L04,120,135,4,9
2025-02-10,19,M01,P04,L02,132,105,24,5
2025-02-10,19,M02,P02,L04,140,133,24,1
2025-02-10,19,M03,P03,L05,120,101,2,8
2025-02-10,19,M04,P04,L02,133,132,26,9
2025-02-10,19,M05,P05,L03,101,127,5,5
2025-02-10,19,M06,P03,L04,109,112,4,5
2025-02-10,19,M07,P05,L03,118,97,18,2
2025-02-10,19,M08,P03,L01,102,89,26,6
2025-02-10,19,M09,P02,L01,115,118,12,7
2025-02-10,19,M10,P03,L05,196,104,16,2
2025-02-10,20,M01,P05,L05,155,123,20,0
2025-02-10,20,M02,P02,L03,197,104,5,3
2025-02-10,20,M03,P01,L02,178,150,6,7
2025-02-10,20,M04,P02,L03,116,161,18,4
2025-02-10,20,M05,P03,L05,110,130,6,4
2025-02-10,20,M06,P02,L05,189,158,22,9
2025-02-10,20,M07,P04,L03,145,140,7,4
2025-02-10,20,M08,P01,L04,154,194,17,9
2025-02-10,20,M09,P01,L05,177,152,25,4
2025-02-10,20,M10,P03,L01,104,123,15,3
2025-02-10,21,M01,P03,L04,104,141,25,9
2025-02-10,21,M02,P03,L05,168,135,17,3
2025-02-10,21,M03,P01,L05,168,175,17,6
2025-02-10,21,M04,P04,L02,116,132,26,9
2025-02-10,21,M05,P04,L05,160,193,5,6
2025-02-10,21,M06,P01,L02,136,133,22,8
2025-02-10,21,M07,P02,L03,118,106,24,7
2025-02-10,21,M08,P05,L01,124,130,6,2
2025-02-10,21,M09,P01,L02,167,86,29,0
2025-02-10,21,M10,P05,L02,108,134,18,3
2025-02-10,22,M01,P01,L05,154,162,5,2
2025-02-10,22,M02,P05,L04,137,149,16,7
2025-02-10,22,M03,P04,L03,194,164,21,0
2025-02-10,22,M04,P01,L05,122,174,1,5
2025-02-10,22,M05,P01,L03,105,144,21,2
2025-02-10,22,M06,P05,L04,156,151,22,4
2025-02-10,22,M07,P03,L02,151,140,18,0
2025-02-10,22,M08,P01,L01,131,129,13,0
2025-02-10,22,M09,P01,L01,150,177,27,7
2025-02-10,22,M10,P03,L02,164,165,0,5
2025-02-10,23,M01,P02,L02,111,153,1,1
2025-02-10,23,M02,P04,L04,141,82,15,4
2025-02-10,23,M03,P02,L05,188,166,12,8
2025-02-10,23,M04,P02,L03,162,194,5,9
2025-02-10,23,M05,P03,L04,164,153,9,8
2025-02-10,23,M06,P03,L01,131,186,26,0
2025-02-10,23,M07,P01,L04,151,193,3,1
2025-02-10,23,M08,P01,L03,179,168,7,0
2025-02-10,23,M09,P04,L02,157,196,20,4
2025-02-10,23,M10,P01,L05,159,122,24,6
2025-02-10,24,M01,P03,L02,167,134,14,1
2025-02-10,24,M02,P05,L03,174,154,3,9
2025-02-10,24,M03,P01,L03,100,169,12,2
2025-02-10,24,M04,P04,L03,118,181,12,2
2025-02-10,24,M05,P01,L04,188,126,12,9
2025-02-10,24,M06,P04,L02,185,149,26,7
2025-02-10,24,M07,P01,L04,138,162,22,1
2025-02-10,24,M08,P03,L01,173,80,26,0
2025-02-10,24,M09,P04,L03,143,130,16,6
2025-02-10,24,M10,P02,L03,122,120,29,9
2025-02-11,1,M01,P02,L05,193,178,24,0
2025-02-11,1,M02,P03,L04,181,161,13,2
2025-02-11,1,M03,P05,L02,185,123,8,9
2025-02-11,1,M04,P03,L05,141,141,18,4
2025-02-11,1,M05,P03,L01,175,87,24,6
2025-02-11,1,M06,P05,L05,110,181,5,4
2025-02-11,1,M07,P03,L03,105,168,8,3
2025-02-11,1,M08,P02,L01,171,129,4,5
2025-02-11,1,M09,P01,L02,121,135,3,2
2025-02-11,1,M10,P01,L04,147,112,23,0
2025-02-11,2,M01,P02,L05,147,136,2,9
2025-02-11,2,M02,P05,L02,159,193,25,0
2025-02-11,2,M03,P01,L03,125,138,8,0
2025-02-11,2,M04,P05,L04,143,97,26,8
2025-02-11,2,M05,P01,L01,139,181,16,9
2025-02-11,2,M06,P04,L05,145,147,7,5
2025-02-11,2,M07,P01,L01,166,192,19,2
2025-02-11,2,M08,P01,L03,146,150,26,4
2025-02-11,2,M09,P05,L01,100,165,28,7
2025-02-11,2,M10,P04,L01,193,143,24,9
2025-02-11,3,M01,P01,L02,195,101,27,3
2025-02-11,3,M02,P03,L03,177,183,6,4
2025-02-11,3,M03,P01,L03,118,94,24,0
2025-02-11,3,M04,P04,L05,142,125,21,1
2025-02-11,3,M05,P01,L04,161,190,10,4
2025-02-11,3,M06,P04,L02,156,139,22,6
2025-02-11,3,M07,P01,L02,126,107,4,2
2025-02-11,3,M08,P05,L03,144,85,29,0
2025-02-11,3,M09,P03,L02,124,178,25,2
2025-02-11,3,M10,P05,L02,170,94,22,3
2025-02-11,4,M01,P03,L03,129,177,0,0
2025-02-11,4,M02,P03,L02,126,165,7,2
2025-02-11,4,M03,P01,L04,147,119,6,3
2025-02-11,4,M04,P01,L03,122,181,2,2
2025-02-11,4,M05,P01,L02,147,170,20,6
2025-02-11,4,M06,P02,L03,110,86,14,7
2025-02-11,4,M07,P01,L05,186,145,26,4
2025-02-11,4,M08,P05,L01,189,173,11,5
2025-02-11,4,M09,P02,L01,115,94,25,6
2025-02-11,4,M10,P04,L04,195,101,2,9
2025-02-11,5,M01,P03,L03,135,153,15,7
2025-02-11,5,M02,P05,L05,139,184,3,0
2025-02-11,5,M03,P05,L02,186,100,20,0
2025-02-11,5,M04,P01,L03,154,164,27,3
2025-02-11,5,M05,P01,L01,156,117,29,8
2025-02-11,5,M06,P03,L05,136,186,20,9
2025-02-11,5,M07,P05,L03,112,170,22,1
2025-02-11,5,M08,P02,L03,122,187,25,3
2025-02-11,5,M09,P02,L01,158,99,14,6
2025-02-11,5,M10,P01,L01,189,170,1,8
2025-02-11,6,M01,P05,L05,167,166,20,0
2025-02-11,6,M02,P03,L01,125,82,2,6
2025-02-11,6,M03,P01,L02,106,175,23,4
2025-02-11,6,M04,P05,L04,131,185,1,2
2025-02-11,6,M05,P05,L02,121,174,11,6
2025-02-11,6,M06,P03,L04,113,115,12,7
2025-02-11,6,M07,P03,L03,177,130,17,6
2025-02-11,6,M08,P02,L04,119,176,1,6
2025-02-11,6,M09,P02,L05,101,146,19,9
2025-02-11,6,M10,P05,L02,139,88,1,2
2025-02-11,7,M01,P05,L04,105,153,22,0
2025-02-11,7,M02,P02,L01,180,195,10,1
2025-02-11,7,M03,P01,L03,139,172,6,6
2025-02-11,7,M04,P04,L05,136,146,18,1
2025-02-11,7,M05,P04,L05,165,89,19,9
2025-02-11,7,M06,P01,L04,101,170,0,1
2025-02-11,7,M07,P01,L04,121,192,2,1
2025-02-11,7,M08,P04,L02,102,123,21,9
2025-02-11,7,M09,P02,L03,184,104,2,7
2025-02-11,7,M10,P02,L04,140,189,0,2
2025-02-11,8,M01,P03,L04,176,122,14,1
2025-02-11,8,M02,P03,L03,169,126,20,4
2025-02-11,8,M03,P04,L03,144,143,12,3
2025-02-11,8,M04,P05,L01,144,107,7,3
2025-02-11,8,M05,P03,L03,163,144,8,8
2025-02-11,8,M06,P04,L02,128,83,27,0
2025-02-11,8,M07,P02,L04,112,183,5,0
2025-02-11,8,M08,P05,L03,129,106,7,4
2025-02-11,8,M09,P04,L02,174,157,23,7
2025-02-11,8,M10,P05,L04,121,152,25,9
2025-02-11,9,M01,P03,L02,110,159,17,4
2025-02-11,9,M02,P03,L01,199,131,18,9
2025-02-11,9,M03,P01,L05,143,154,23,4
2025-02-11,9,M04,P01,L02,180,99,14,3
2025-02-11,9,M05,P01,L03,141,193,14,2
2025-02-11,9,M06,P04,L01,137,81,12,1
2025-02-11,9,M07,P05,L05,181,90,4,8
2025-02-11,9,M08,P01,L01,160,180,10,0
2025-02-11,9,M09,P01,L04,105,126,16,5
2025-02-11,9,M10,P03,L03,154,113,8,8
2025-02-11,10,M01,P03,L01,137,88,25,1
2025-02-11,10,M02,P03,L05,146,85,27,5
2025-02-11,10,M03,P04,L03,160,83,4,5
2025-02-11,10,M04,P05,L04,187,171,12,9
2025-02-11,10,M05,P02,L01,158,86,3,7
2025-02-11,10,M06,P02,L05,189,109,20,3
2025-02-11,10,M07,P03,L03,161,130,22,7
2025-02-11,10,M08,P02,L05,129,98,17,5
2025-02-11,10,M09,P03,L03,185,83,12,9
2025-02-11,10,M10,P05,L02,118,132,7,2
2025-02-11,11,M01,P01,L01,128,86,7,8
2025-02-11,11,M02,P02,L01,182,117,24,9
2025-02-11,11,M03,P02,L03,167,122,4,9
2025-02-11,11,M04,P03,L05,167,179,4,8
2025-02-11,11,M05,P01,L01,192,95,4,4
2025-02-11,11,M06,P01,L03,121,122,29,5
2025-02-11,11,M07,P05,L03,115,164,10,4
2025-02-11,11,M08,P03,L01,185,158,10,6
2025-02-11,11,M09,P05,L03,179,82,15,7
2025-02-11,11,M10,P02,L02,172,114,6,7
2025-02-11,12,M01,P05,L03,135,85,6,6
2025-02-11,12,M02,P01,L03,149,122,10,0
2025-02-11,12,M03,P04,L01,154,170,22,2
2025-02-11,12,M04,P02,L05,120,167,12,9
2025-02-11,12,M05,P04,L03,114,129,0,2
2025-02-11,12,M06,P02,L02,161,174,17,3
2025-02-11,12,M07,P05,L05,153,153,25,4
2025-02-11,12,M08,P03,L04,120,97,19,6
2025-02-11,12,M09,P02,L04,172,195,28,0
2025-02-11,12,M10,P05,L03,193,118,13,9
2025-02-11,13,M01,P05,L01,195,157,19,1
2025-02-11,13,M02,P04,L01,113,199,22,1
2025-02-11,13,M03,P01,L02,139,176,4,6
2025-02-11,13,M04,P03,L02,196,110,5,3
2025-02-11,13,M05,P04,L03,126,181,24,4
2025-02-11,13,M06,P01,L03,199,189,14,3
2025-02-11,13,M07,P02,L05,106,109,17,3
2025-02-11,13,M08,P01,L05,104,149,25,6
2025-02-11,13,M09,P05,L03,181,153,7,8
2025-02-11,13,M10,P02,L03,190,131,21,7
2025-02-11,14,M01,P02,L05,171,128,26,5
2025-02-11,14,M02,P03,L04,186,198,13,9
2025-02-11,14,M03,P04,L03,188,145,12,0
2025-02-11,14,M04,P02,L04,145,114,14,8
2025-02-11,14,M05,P05,L02,154,84,4,5
2025-02-11,14,M06,P01,L02,158,96,18,0
2025-02-11,14,M07,P02,L01,114,188,28,4
2025-02-11,14,M08,P05,L01,180,170,27,6
2025-02-11,14,M09,P03,L04,132,150,4,9
2025-02-11,14,M10,P01,L01,166,146,1,7
2025-02-11,15,M01,P04,L05,155,149,4,5
2025-02-11,15,M02,P02,L01,170,192,7,2
2025-02-11,15,M03,P02,L04,186,145,20,7
2025-02-11,15,M04,P05,L01,163,84,17,3
2025-02-11,15,M05,P05,L03,153,111,27,5
2025-02-11,15,M06,P04,L05,164,149,10,9
2025-02-11,15,M07,P05,L01,120,138,15,6
2025-02-11,15,M08,P03,L03,136,193,2,6
2025-02-11,15,M09,P04,L02,178,144,18,9
2025-02-11,15,M10,P01,L02,148,168,9,4
2025-02-11,16,M01,P04,L04,177,92,12,8
2025-02-11,16,M02,P02,L03,179,118,2,6
2025-02-11,16,M03,P01,L05,107,169,27,5
2025-02-11,16,M04,P02,L05,197,106,27,2
2025-02-11,16,M05,P03,L03,134,188,19,2
2025-02-11,16,M06,P05,L05,155,161,17,0
2025-02-11,16,M07,P01,L05,184,170,10,0
2025-02-11,16,M08,P03,L03,154,95,25,2
2025-02-11,16,M09,P04,L02,192,153,29,5
2025-02-11,16,M10,P02,L02,120,116,4,5
2025-02-11,17,M01,P02,L03,168,167,19,4
2025-02-11,17,M02,P01,L01,123,161,25,9
2025-02-11,17,M03,P01,L03,101,109,16,0
2025-02-11,17,M04,P04,L03,155,153,23,8
2025-02-11,17,M05,P05,L02,170,107,13,3
2025-02-11,17,M06,P04,L03,115,115,3,2
2025-02-11,17,M07,P04,L01,173,189,11,1
2025-02-11,17,M08,P05,L03,154,196,0,0
2025-02-11,17,M09,P04,L04,102,188,24,8
2025-02-11,17,M10,P04,L04,115,122,23,3
2025-02-11,18,M01,P03,L04,143,159,21,6
2025-02-11,18,M02,P04,L04,108,161,8,4
2025-02-11,18,M03,P01,L02,158,102,4,2
2025-02-11,18,M04,P01,L03,154,189,17,7
2025-02-11,18,M05,P04,L04,112,132,15,8
2025-02-11,18,M06,P04,L03,164,135,7,6
2025-02-11,18,M07,P02,L05,183,131,4,3
2025-02-11,18,M08,P01,L04,169,189,2,2
2025-02-11,18,M09,P03,L02,199,133,8,5
2025-02-11,18,M10,P04,L03,119,132,29,4
2025-02-11,19,M01,P05,L03,191,107,4,6
2025-02-11,19,M02,P05,L01,172,126,20,3
2025-02-11,19,M03,P05,L04,157,96,9,0
2025-02-11,19,M04,P01,L05,132,146,5,0
2025-02-11,19,M05,P02,L04,131,143,25,4
2025-02-11,19,M06,P02,L03,178,161,16,3
2025-02-11,19,M07,P01,L02,158,186,18,8
2025-02-11,19,M08,P02,L04,175,150,22,5
2025-02-11,19,M09,P03,L03,169,132,26,2
2025-02-11,19,M10,P04,L05,118,112,23,3
2025-02-11,20,M01,P03,L04,127,101,18,7
2025-02-11,20,M02,P05,L03,173,196,8,8
2025-02-11,20,M03,P02,L03,122,134,9,2
2025-02-11,20,M04,P03,L04,154,167,2,1
2025-02-11,20,M05,P04,L01,175,166,16,9
2025-02-11,20,M06,P01,L02,136,161,22,8
2025-02-11,20,M07,P03,L05,135,136,17,3
2025-02-11,20,M08,P04,L05,105,152,10,3
2025-02-11,20,M09,P01,L03,148,187,5,6
2025-02-11,20,M10,P01,L01,142,187,27,0
2025-02-11,21,M01,P03,L02,142,143,29,5
2025-02-11,21,M02,P05,L02,141,117,22,5
2025-02-11,21,M03,P05,L02,114,140,13,5
2025-02-11,21,M04,P05,L01,113,91,22,3
2025-02-11,21,M05,P04,L02,184,160,28,2
2025-02-11,21,M06,P01,L02,143,154,27,1
2025-02-11,21,M07,P02,L02,185,84,8,6
2025-02-11,21,M08,P01,L03,189,97,11,2
2025-02-11,21,M09,P03,L05,175,83,23,3
2025-02-11,21,M10,P02,L01,176,87,11,4
2025-02-11,22,M01,P03,L02,114,119,29,1
2025-02-11,22,M02,P01,L05,142,107,0,7
2025-02-11,22,M03,P05,L02,160,196,1,3
2025-02-11,22,M04,P02,L01,112,115,28,9
2025-02-11,22,M05,P02,L05,114,172,25,4
2025-02-11,22,M06,P04,L04,168,140,9,9
2025-02-11,22,M07,P03,L02,153,87,23,9
2025-02-11,22,M08,P03,L02,186,153,5,4
2025-02-11,22,M09,P01,L05,101,192,28,9
2025-02-11,22,M10,P01,L05,154,152,3,6
2025-02-11,23,M01,P02,L04,179,153,6,9
2025-02-11,23,M02,P02,L02,197,119,13,1
2025-02-11,23,M03,P01,L01,148,165,4,6
2025-02-11,23,M04,P05,L03,165,138,15,8
2025-02-11,23,M05,P04,L01,149,89,23,3
2025-02-11,23,M06,P04,L05,129,113,29,5
2025-02-11,23,M07,P04,L01,107,154,0,4
2025-02-11,23,M08,P05,L01,148,153,22,6
2025-02-11,23,M09,P05,L05,199,132,12,0
2025-02-11,23,M10,P03,L01,127,132,8,7
2025-02-11,24,M01,P04,L05,170,140,26,5
2025-02-11,24,M02,P04,L01,183,94,14,4
2025-02-11,24,M03,P01,L04,122,149,12,6
2025-02-11,24,M04,P05,L01,106,124,6,7
2025-02-11,24,M05,P01,L02,147,128,7,6
2025-02-11,24,M06,P02,L01,162,179,23,5
2025-02-11,24,M07,P02,L02,195,102,24,7
2025-02-11,24,M08,P03,L02,187,147,21,1
2025-02-11,24,M09,P05,L01,179,132,0,9
2025-02-11,24,M10,P03,L02,160,161,24,9
2025-02-12,1,M01,P03,L02,193,109,24,2
2025-02-12,1,M02,P03,L03,109,143,15,9
2025-02-12,1,M03,P03,L03,119,196,6,0
2025-02-12,1,M04,P03,L03,173,106,18,8
2025-02-12,1,M05,P05,L02,198,82,28,3
2025-02-12,1,M06,P05,L05,141,197,20,1
2025-02-12,1,M07,P03,L05,134,109,11,6
2025-02-12,1,M08,P01,L05,153,159,14,0
2025-02-12,1,M09,P02,L05,126,94,16,8
2025-02-12,1,M10,P03,L05,122,187,16,7
2025-02-12,2,M01,P02,L01,153,185,20,5
2025-02-12,2,M02,P03,L05,116,161,18,6
2025-02-12,2,M03,P01,L02,181,123,14,9
2025-02-12,2,M04,P01,L01,103,88,3,2
2025-02-12,2,M05,P01,L02,117,94,19,9
2025-02-12,2,M06,P01,L02,112,170,12,4
2025-02-12,2,M07,P05,L04,166,193,2,1
2025-02-12,2,M08,P05,L02,101,155,26,1
2025-02-12,2,M09,P05,L05,160,104,10,4
2025-02-12,2,M10,P03,L01,125,106,25,1
2025-02-12,3,M01,P04,L05,103,109,12,8
2025-02-12,3,M02,P04,L02,139,82,8,0
2025-02-12,3,M03,P05,L04,175,129,6,6
2025-02-12,3,M04,P02,L01,157,152,18,7
2025-02-12,3,M05,P03,L04,132,102,12,2
2025-02-12,3,M06,P03,L04,121,121,12,0
2025-02-12,3,M07,P02,L05,146,175,28,6
2025-02-12,3,M08,P03,L02,124,161,14,9
2025-02-12,3,M09,P02,L03,140,123,20,5
2025-02-12,3,M10,P05,L02,113,83,23,1
2025-02-12,4,M01,P02,L01,112,106,19,0
2025-02-12,4,M02,P05,L01,116,148,23,8
2025-02-12,4,M03,P05,L01,172,97,15,2
2025-02-12,4,M04,P01,L05,153,123,13,9
2025-02-12,4,M05,P02,L05,137,122,3,4
2025-02-12,4,M06,P01,L05,157,116,25,8
2025-02-12,4,M07,P01,L03,188,105,22,5
2025-02-12,4,M08,P03,L01,153,162,5,1
2025-02-12,4,M09,P04,L02,170,199,22,4
2025-02-12,4,M10,P04,L04,124,118,16,3
2025-02-12,5,M01,P04,L05,182,147,24,0
2025-02-12,5,M02,P01,L02,122,109,16,6
2025-02-12,5,M03,P01,L05,196,139,1,5
2025-02-12,5,M04,P05,L04,151,131,21,8
2025-02-12,5,M05,P02,L01,139,183,26,5
2025-02-12,5,M06,P02,L04,117,92,0,5
2025-02-12,5,M07,P03,L05,197,198,18,0
2025-02-12,5,M08,P01,L01,182,183,14,9
2025-02-12,5,M09,P02,L05,101,164,11,9
2025-02-12,5,M10,P02,L04,164,145,22,4
2025-02-12,6,M01,P04,L01,184,123,1,8
2025-02-12,6,M02,P01,L01,144,111,4,8
2025-02-12,6,M03,P01,L05,160,174,8,4
2025-02-12,6,M04,P01,L04,121,166,22,0
2025-02-12,6,M05,P01,L03,160,102,19,4
2025-02-12,6,M06,P01,L02,183,103,15,6
2025-02-12,6,M07,P05,L04,190,187,27,9
2025-02-12,6,M08,P02,L03,170,135,22,5
2025-02-12,6,M09,P05,L01,190,181,20,5
2025-02-12,6,M10,P04,L02,160,158,12,5
2025-02-12,7,M01,P05,L04,114,108,5,0
2025-02-12,7,M02,P04,L01,109,132,7,4
2025-02-12,7,M03,P05,L02,181,83,19,9
2025-02-12,7,M04,P03,L02,196,102,8,5
2025-02-12,7,M05,P05,L05,117,125,1,0
2025-02-12,7,M06,P01,L05,191,192,0,9
2025-02-12,7,M07,P04,L05,100,112,9,2
2025-02-12,7,M08,P05,L05,120,143,8,8
2025-02-12,7,M09,P01,L03,187,125,7,7
2025-02-12,7,M10,P02,L05,198,147,24,6
2025-02-12,8,M01,P01,L04,174,186,15,6
2025-02-12,8,M02,P04,L04,118,183,3,5
2025-02-12,8,M03,P02,L01,186,197,12,9
2025-02-12,8,M04,P05,L04,106,161,9,3
2025-02-12,8,M05,P05,L05,125,156,13,4
2025-02-12,8,M06,P04,L01,161,115,8,1
2025-02-12,8,M07,P02,L03,140,84,24,9
2025-02-12,8,M08,P04,L05,124,190,1,6
2025-02-12,8,M09,P01,L03,181,142,9,4
2025-02-12,8,M10,P05,L01,180,107,0,1
2025-02-12,9,M01,P02,L01,190,87,26,4
2025-02-12,9,M02,P04,L01,143,193,5,4
2025-02-12,9,M03,P01,L04,191,98,4,9
2025-02-12,9,M04,P03,L01,199,188,12,0
2025-02-12,9,M05,P03,L02,193,137,22,6
2025-02-12,9,M06,P01,L01,102,156,12,2
2025-02-12,9,M07,P03,L02,128,153,19,1
2025-02-12,9,M08,P01,L05,189,142,23,1
2025-02-12,9,M09,P05,L01,183,166,18,9
2025-02-12,9,M10,P04,L03,173,162,25,7
2025-02-12,10,M01,P05,L01,128,180,27,2
2025-02-12,10,M02,P03,L03,103,134,13,5
2025-02-12,10,M03,P04,L05,162,118,11,3
2025-02-12,10,M04,P04,L04,195,93,12,5
2025-02-12,10,M05,P02,L02,157,94,8,2
2025-02-12,10,M06,P04,L05,141,94,2,4
2025-02-12,10,M07,P03,L02,106,173,23,4
2025-02-12,10,M08,P04,L03,102,178,8,3
2025-02-12,10,M09,P04,L03,110,158,3,7
2025-02-12,10,M10,P01,L02,149,82,2,4
2025-02-12,11,M01,P04,L03,113,102,26,0
2025-02-12,11,M02,P05,L02,155,169,12,7
2025-02-12,11,M03,P01,L01,134,115,18,1
2025-02-12,11,M04,P03,L05,128,122,18,8
2025-02-12,11,M05,P02,L04,130,180,18,8
2025-02-12,11,M06,P04,L02,159,130,17,1
2025-02-12,11,M07,P01,L05,133,113,14,7
2025-02-12,11,M08,P03,L04,198,85,5,5
2025-02-12,11,M09,P04,L05,159,120,10,3
2025-02-12,11,M10,P01,L05,107,186,23,2
2025-02-12,12,M01,P05,L01,106,148,27,2
2025-02-12,12,M02,P04,L02,168,130,28,2
2025-02-12,12,M03,P04,L01,129,123,21,5
2025-02-12,12,M04,P05,L05,181,132,15,9
2025-02-12,12,M05,P02,L03,143,189,3,9
2025-02-12,12,M06,P02,L01,140,173,2,1
2025-02-12,12,M07,P02,L01,135,83,9,9
2025-02-12,12,M08,P04,L05,158,116,14,7
2025-02-12,12,M09,P04,L02,180,191,29,0
2025-02-12,12,M10,P03,L04,187,181,20,9
2025-02-12,13,M01,P02,L02,112,116,11,4
2025-02-12,13,M02,P02,L02,104,84,27,0
2025-02-12,13,M03,P01,L05,174,144,23,9
2025-02-12,13,M04,P05,L02,127,181,12,4
2025-02-12,13,M05,P04,L04,110,130,26,3
2025-02-12,13,M06,P05,L01,146,167,10,7
2025-02-12,13,M07,P05,L01,153,173,13,8
2025-02-12,13,M08,P02,L02,121,174,12,0
2025-02-12,13,M09,P04,L01,138,114,22,4
2025-02-12,13,M10,P03,L01,144,136,21,1
2025-02-12,14,M01,P02,L01,153,137,3,5
2025-02-12,14,M02,P03,L04,163,82,27,7
2025-02-12,14,M03,P05,L05,196,87,18,3
2025-02-12,14,M04,P03,L01,193,148,27,7
2025-02-12,14,M05,P05,L03,104,181,26,2
2025-02-12,14,M06,P01,L04,152,128,24,7
2025-02-12,14,M07,P03,L05,145,88,11,6
2025-02-12,14,M08,P03,L04,107,143,2,5
2025-02-12,14,M09,P04,L04,192,130,3,1
2025-02-12,14,M10,P05,L05,101,86,23,3
2025-02-12,15,M01,P02,L03,117,143,22,9
2025-02-12,15,M02,P04,L05,136,131,18,5
2025-02-12,15,M03,P03,L04,151,156,22,9
2025-02-12,15,M04,P05,L05,180,172,20,5
2025-02-12,15,M05,P03,L01,153,157,22,6
2025-02-12,15,M06,P02,L01,131,181,29,0
2025-02-12,15,M07,P02,L02,167,166,19,5
2025-02-12,15,M08,P03,L05,102,101,19,8
2025-02-12,15,M09,P02,L02,152,172,24,9
2025-02-12,15,M10,P02,L05,119,181,22,7
2025-02-12,16,M01,P04,L05,124,118,1,8
2025-02-12,16,M02,P03,L05,124,166,18,4
2025-02-12,16,M03,P03,L03,111,182,24,4
2025-02-12,16,M04,P03,L04,103,195,18,7
2025-02-12,16,M05,P04,L02,196,114,17,6
2025-02-12,16,M06,P03,L01,174,147,9,6
2025-02-12,16,M07,P04,L03,161,186,6,3
2025-02-12,16,M08,P04,L01,185,145,26,0
2025-02-12,16,M09,P03,L03,154,191,13,3
2025-02-12,16,M10,P01,L03,162,197,21,5
2025-02-12,17,M01,P03,L05,185,83,1,2
2025-02-12,17,M02,P03,L04,192,124,0,6
2025-02-12,17,M03,P05,L04,127,106,24,5
2025-02-12,17,M04,P05,L01,186,149,21,1
2025-02-12,17,M05,P02,L05,104,99,11,5
2025-02-12,17,M06,P01,L02,163,129,10,0
2025-02-12,17,M07,P03,L02,182,191,22,7
2025-02-12,17,M08,P02,L05,186,187,29,4
2025-02-12,17,M09,P04,L01,148,158,14,4
2025-02-12,17,M10,P03,L03,174,163,12,7
2025-02-12,18,M01,P05,L04,142,130,5,7
2025-02-12,18,M02,P05,L03,196,169,11,9
2025-02-12,18,M03,P04,L02,181,136,20,6
2025-02-12,18,M04,P02,L04,142,90,19,2
2025-02-12,18,M05,P02,L01,148,148,1,3
2025-02-12,18,M06,P05,L03,148,82,25,8
2025-02-12,18,M07,P02,L01,115,137,2,2
2025-02-12,18,M08,P05,L01,183,143,23,5
2025-02-12,18,M09,P04,L03,138,82,12,8
2025-02-12,18,M10,P05,L03,113,154,17,2
2025-02-12,19,M01,P04,L05,166,168,12,9
2025-02-12,19,M02,P01,L02,121,181,14,8
2025-02-12,19,M03,P02,L04,158,119,6,6
2025-02-12,19,M04,P02,L05,141,108,27,4
2025-02-12,19,M05,P03,L01,162,169,5,1
2025-02-12,19,M06,P01,L04,178,188,0,0
2025-02-12,19,M07,P04,L04,161,196,13,4
2025-02-12,19,M08,P01,L03,144,155,26,5
2025-02-12,19,M09,P04,L03,184,95,11,3
2025-02-12,19,M10,P02,L04,144,176,17,1
2025-02-12,20,M01,P02,L02,132,121,29,7
2025-02-12,20,M02,P01,L01,109,111,18,8
2025-02-12,20,M03,P04,L02,155,91,28,8
2025-02-12,20,M04,P04,L01,179,94,8,7
2025-02-12,20,M05,P02,L04,177,91,26,3
2025-02-12,20,M06,P02,L04,167,163,23,1
2025-02-12,20,M07,P02,L04,158,81,24,8
2025-02-12,20,M08,P04,L02,104,118,14,7
2025-02-12,20,M09,P03,L03,181,164,16,6
2025-02-12,20,M10,P01,L03,166,135,12,8
2025-02-12,21,M01,P05,L03,137,181,25,5
2025-02-12,21,M02,P03,L05,147,165,27,2
2025-02-12,21,M03,P01,L03,199,80,21,8
2025-02-12,21,M04,P02,L05,179,162,7,8
2025-02-12,21,M05,P01,L02,118,170,23,0
2025-02-12,21,M06,P04,L04,111,166,19,7
2025-02-12,21,M07,P02,L04,157,127,23,0
2025-02-12,21,M08,P03,L01,143,142,8,5
2025-02-12,21,M09,P01,L05,105,149,28,3
2025-02-12,21,M10,P03,L03,115,81,3,8
2025-02-12,22,M01,P05,L03,145,172,8,0
2025-02-12,22,M02,P01,L04,156,150,2,3
2025-02-12,22,M03,P01,L01,194,116,10,0
2025-02-12,22,M04,P04,L03,119,109,9,6
2025-02-12,22,M05,P02,L05,131,98,28,0
2025-02-12,22,M06,P05,L05,187,83,17,3
2025-02-12,22,M07,P04,L02,104,162,8,6
2025-02-12,22,M08,P04,L01,109,108,19,4
2025-02-12,22,M09,P01,L05,150,167,15,9
2025-02-12,22,M10,P04,L03,100,100,11,3
2025-02-12,23,M01,P05,L05,100,87,14,2
2025-02-12,23,M02,P03,L01,126,198,27,7
2025-02-12,23,M03,P02,L04,119,185,7,3
2025-02-12,23,M04,P04,L05,125,114,27,2
2025-02-12,23,M05,P04,L03,192,141,17,2
2025-02-12,23,M06,P04,L03,181,93,10,5
2025-02-12,23,M07,P03,L05,197,152,7,4
2025-02-12,23,M08,P01,L05,104,196,12,3
2025-02-12,23,M09,P03,L04,112,169,8,3
2025-02-12,23,M10,P04,L05,177,167,9,5
2025-02-12,24,M01,P03,L05,197,171,14,7
2025-02-12,24,M02,P05,L05,114,189,24,2
2025-02-12,24,M03,P05,L05,191,182,7,6
2025-02-12,24,M04,P01,L03,156,129,18,8
2025-02-12,24,M05,P05,L03,109,171,6,9
2025-02-12,24,M06,P02,L03,192,114,26,4
2025-02-12,24,M07,P04,L01,107,173,29,7
2025-02-12,24,M08,P04,L02,194,119,14,4
2025-02-12,24,M09,P04,L01,110,101,14,8
2025-02-12,24,M10,P04,L05,144,188,10,4
2025-02-13,1,M01,P02,L01,177,101,2,1
2025-02-13,1,M02,P02,L03,139,167,27,4
2025-02-13,1,M03,P01,L01,191,118,17,3
2025-02-13,1,M04,P05,L02,139,137,24,0
2025-02-13,1,M05,P05,L01,167,89,20,8
2025-02-13,1,M06,P05,L02,175,100,12,9
2025-02-13,1,M07,P01,L05,108,82,16,4
2025-02-13,1,M08,P03,L02,105,86,10,3
2025-02-13,1,M09,P02,L04,195,175,17,6
2025-02-13,1,M10,P05,L03,127,129,6,1
2025-02-13,2,M01,P04,L05,136,180,18,1
2025-02-13,2,M02,P03,L03,168,123,12,5
2025-02-13,2,M03,P02,L04,161,197,13,8
2025-02-13,2,M04,P05,L02,119,133,11,3
2025-02-13,2,M05,P01,L01,163,89,2,5
2025-02-13,2,M06,P03,L01,150,106,6,8
2025-02-13,2,M07,P01,L04,112,196,1,2
2025-02-13,2,M08,P05,L03,159,81,13,2
2025-02-13,2,M09,P04,L05,117,97,16,6
2025-02-13,2,M10,P05,L05,118,167,18,4
2025-02-13,3,M01,P03,L04,158,181,16,1
2025-02-13,3,M02,P05,L01,113,105,19,4
2025-02-13,3,M03,P04,L04,110,130,9,1
2025-02-13,3,M04,P02,L03,113,199,16,4
2025-02-13,3,M05,P05,L01,113,82,24,0
2025-02-13,3,M06,P01,L02,155,162,26,6
2025-02-13,3,M07,P05,L02,101,159,29,6
2025-02-13,3,M08,P05,L03,164,176,17,6
2025-02-13,3,M09,P01,L03,118,153,19,7
2025-02-13,3,M10,P03,L04,136,165,23,3
2025-02-13,4,M01,P05,L05,157,81,24,8
2025-02-13,4,M02,P02,L04,189,181,21,9
2025-02-13,4,M03,P02,L04,132,92,13,6
2025-02-13,4,M04,P05,L04,132,93,7,9
2025-02-13,4,M05,P03,L01,159,128,15,3
2025-02-13,4,M06,P05,L05,149,115,19,7
2025-02-13,4,M07,P01,L02,124,195,9,6
2025-02-13,4,M08,P05,L03,132,148,5,4
2025-02-13,4,M09,P04,L04,151,125,15,8
2025-02-13,4,M10,P01,L02,194,179,13,5
2025-02-13,5,M01,P05,L02,128,173,14,7
2025-02-13,5,M02,P01,L04,145,88,18,5
2025-02-13,5,M03,P03,L02,152,106,22,9
2025-02-13,5,M04,P01,L01,110,109,23,1
2025-02-13,5,M05,P04,L01,185,189,7,0
2025-02-13,5,M06,P02,L01,165,187,3,6
2025-02-13,5,M07,P03,L03,132,176,8,3
2025-02-13,5,M08,P03,L05,182,196,16,2
2025-02-13,5,M09,P05,L04,127,165,24,2
2025-02-13,5,M10,P05,L04,187,111,8,2
2025-02-13,6,M01,P01,L03,196,192,13,1
2025-02-13,6,M02,P04,L03,198,157,23,7
2025-02-13,6,M03,P05,L02,102,102,1,8
2025-02-13,6,M04,P03,L02,165,101,18,2
2025-02-13,6,M05,P02,L02,177,188,15,4
2025-02-13,6,M06,P03,L04,131,164,22,7
2025-02-13,6,M07,P03,L04,105,191,11,4
2025-02-13,6,M08,P02,L04,105,163,13,7
2025-02-13,6,M09,P01,L01,164,163,21,7
2025-02-13,6,M10,P04,L04,115,176,2,3
2025-02-13,7,M01,P02,L02,102,110,19,3
2025-02-13,7,M02,P05,L01,104,145,14,0
2025-02-13,7,M03,P05,L05,170,90,25,9
2025-02-13,7,M04,P05,L02,159,93,23,4
2025-02-13,7,M05,P01,L05,133,153,26,1
2025-02-13,7,M06,P01,L05,174,148,20,7
2025-02-13,7,M07,P05,L03,184,167,29,0
2025-02-13,7,M08,P01,L01,165,98,16,4
2025-02-13,7,M09,P03,L02,132,152,26,8
2025-02-13,7,M10,P03,L03,171,124,26,8
2025-02-13,8,M01,P02,L05,114,174,19,2
2025-02-13,8,M02,P02,L02,189,89,7,4
2025-02-13,8,M03,P04,L02,131,152,29,0
2025-02-13,8,M04,P04,L05,143,114,23,7
2025-02-13,8,M05,P04,L05,162,89,14,7
2025-02-13,8,M06,P01,L01,117,136,7,8
2025-02-13,8,M07,P03,L01,168,190,28,2
2025-02-13,8,M08,P05,L02,168,161,18,6
2025-02-13,8,M09,P02,L02,143,132,2,3
2025-02-13,8,M10,P04,L04,134,129,18,4
2025-02-13,9,M01,P02,L05,174,145,9,4
2025-02-13,9,M02,P05,L03,196,104,13,6
2025-02-13,9,M03,P05,L04,166,188,18,2
2025-02-13,9,M04,P03,L01,102,140,1,7
2025-02-13,9,M05,P02,L02,185,196,16,1
2025-02-13,9,M06,P04,L02,115,159,6,5
2025-02-13,9,M07,P01,L04,155,162,18,8
2025-02-13,9,M08,P05,L01,126,84,25,0
2025-02-13,9,M09,P03,L03,152,147,19,0
2025-02-13,9,M10,P02,L04,135,128,25,5
2025-02-13,10,M01,P05,L05,101,176,15,6
2025-02-13,10,M02,P03,L05,145,165,18,5
2025-02-13,10,M03,P01,L01,138,122,24,1
2025-02-13,10,M04,P03,L01,123,134,27,7
2025-02-13,10,M05,P05,L01,109,158,9,9
2025-02-13,10,M06,P05,L05,197,97,1,8
2025-02-13,10,M07,P03,L05,194,101,8,8
2025-02-13,10,M08,P03,L01,173,173,26,3
2025-02-13,10,M09,P04,L05,129,112,10,9
2025-02-13,10,M10,P04,L02,146,163,24,0
2025-02-13,11,M01,P03,L02,167,97,22,8
2025-02-13,11,M02,P03,L05,168,104,23,0
2025-02-13,11,M03,P03,L02,153,160,23,1
2025-02-13,11,M04,P02,L01,107,188,25,4
2025-02-13,11,M05,P01,L04,127,98,23,3
2025-02-13,11,M06,P02,L02,155,114,18,0
2025-02-13,11,M07,P03,L02,138,109,22,3
2025-02-13,11,M08,P03,L02,162,199,8,6
2025-02-13,11,M09,P02,L05,146,166,9,1
2025-02-13,11,M10,P05,L05,137,80,15,1
2025-02-13,12,M01,P04,L03,185,132,24,9
2025-02-13,12,M02,P03,L01,174,130,26,7
2025-02-13,12,M03,P01,L04,181,115,1,6
2025-02-13,12,M04,P04,L04,185,167,14,5
2025-02-13,12,M05,P01,L04,146,181,26,9
2025-02-13,12,M06,P03,L05,107,179,24,5
2025-02-13,12,M07,P05,L04,127,128,22,7
2025-02-13,12,M08,P04,L04,145,147,29,0
2025-02-13,12,M09,P03,L02,162,89,24,4
2025-02-13,12,M10,P04,L05,179,151,15,5
2025-02-13,13,M01,P01,L03,185,97,3,3
2025-02-13,13,M02,P05,L02,109,180,25,1
2025-02-13,13,M03,P03,L03,108,94,21,2
2025-02-13,13,M04,P05,L03,169,179,11,4
2025-02-13,13,M05,P02,L03,176,83,23,7
2025-02-13,13,M06,P04,L01,197,179,20,0
2025-02-13,13,M07,P05,L04,168,198,12,8
2025-02-13,13,M08,P01,L05,163,89,9,1
2025-02-13,13,M09,P01,L05,129,161,2,9
2025-02-13,13,M10,P03,L05,169,179,15,2
2025-02-13,14,M01,P03,L04,116,98,25,7
2025-02-13,14,M02,P02,L04,188,130,15,8
2025-02-13,14,M03,P03,L02,167,107,3,6
2025-02-13,14,M04,P02,L05,134,119,11,4
2025-02-13,14,M05,P02,L02,129,178,22,9
2025-02-13,14,M06,P01,L01,137,138,29,8
2025-02-13,14,M07,P04,L03,141,177,16,2
2025-02-13,14,M08,P05,L01,174,183,19,0
2025-02-13,14,M09,P02,L02,149,88,6,8
2025-02-13,14,M10,P02,L02,101,84,16,1
2025-02-13,15,M01,P02,L04,130,112,11,7
2025-02-13,15,M02,P01,L01,194,160,10,3
2025-02-13,15,M03,P05,L05,158,152,28,1
2025-02-13,15,M04,P01,L04,159,191,29,0
2025-02-13,15,M05,P03,L04,103,119,6,5
2025-02-13,15,M06,P02,L05,166,135,19,7
2025-02-13,15,M07,P03,L01,112,97,13,1
2025-02-13,15,M08,P05,L04,125,121,28,6
2025-02-13,15,M09,P01,L02,149,192,15,1
2025-02-13,15,M10,P03,L03,162,109,21,6
2025-02-13,16,M01,P01,L03,178,88,11,7
2025-02-13,16,M02,P02,L04,148,127,22,2
2025-02-13,16,M03,P03,L03,125,184,13,1
2025-02-13,16,M04,P05,L05,177,80,5,5
2025-02-13,16,M05,P01,L03,186,133,13,3
2025-02-13,16,M06,P02,L03,158,101,5,9
2025-02-13,16,M07,P02,L03,136,156,16,5
2025-02-13,16,M08,P05,L05,138,99,6,4
2025-02-13,16,M09,P02,L01,143,145,17,6
2025-02-13,16,M10,P04,L01,185,82,20,9
2025-02-13,17,M01,P01,L02,121,104,24,6
2025-02-13,17,M02,P04,L05,196,158,8,5
2025-02-13,17,M03,P04,L02,159,181,12,3
2025-02-13,17,M04,P03,L05,105,84,0,2
2025-02-13,17,M05,P02,L02,173,192,23,6
2025-02-13,17,M06,P05,L02,185,112,11,8
2025-02-13,17,M07,P04,L01,114,108,18,3
2025-02-13,17,M08,P02,L01,199,115,2,7
2025-02-13,17,M09,P02,L01,157,194,21,1
2025-02-13,17,M10,P04,L05,159,111,17,9
2025-02-13,18,M01,P04,L02,133,172,20,0
2025-02-13,18,M02,P01,L01,120,198,2,6
2025-02-13,18,M03,P03,L01,119,174,15,4
2025-02-13,18,M04,P05,L01,152,81,24,5
2025-02-13,18,M05,P05,L05,151,160,5,0
2025-02-13,18,M06,P02,L02,170,172,16,7
2025-02-13,18,M07,P05,L01,118,148,4,6
2025-02-13,18,M08,P02,L03,123,133,20,0
2025-02-13,18,M09,P02,L02,141,108,24,5
2025-02-13,18,M10,P04,L03,111,137,11,6
2025-02-13,19,M01,P05,L04,134,171,6,5
2025-02-13,19,M02,P04,L03,161,153,23,1
2025-02-13,19,M03,P03,L03,142,176,1,3
2025-02-13,19,M04,P03,L01,119,89,18,4
2025-02-13,19,M05,P04,L03,109,150,23,7
2025-02-13,19,M06,P02,L03,179,176,28,5
2025-02-13,19,M07,P05,L01,124,185,9,0
2025-02-13,19,M08,P01,L04,142,195,1,0
2025-02-13,19,M09,P03,L04,104,91,13,6
2025-02-13,19,M10,P01,L04,141,121,0,8
2025-02-13,20,M01,P03,L01,143,162,25,8
2025-02-13,20,M02,P05,L04,154,171,28,8
2025-02-13,20,M03,P05,L05,191,146,29,1
2025-02-13,20,M04,P02,L02,156,199,24,8
2025-02-13,20,M05,P02,L01,189,142,15,8
2025-02-13,20,M06,P05,L01,163,163,23,4
2025-02-13,20,M07,P01,L04,116,119,5,0
2025-02-13,20,M08,P02,L05,167,190,13,4
2025-02-13,20,M09,P02,L01,160,147,29,0
2025-02-13,20,M10,P01,L04,190,115,6,9
2025-02-13,21,M01,P02,L01,176,120,13,0
2025-02-13,21,M02,P02,L01,174,182,19,8
2025-02-13,21,M03,P04,L04,121,155,13,9
2025-02-13,21,M04,P05,L04,154,93,1,1
2025-02-13,21,M05,P03,L05,105,104,2,6
2025-02-13,21,M06,P04,L01,124,178,0,1
2025-02-13,21,M07,P01,L03,198,87,6,4
2025-02-13,21,M08,P05,L03,196,180,2,1
2025-02-13,21,M09,P03,L05,173,147,29,0
2025-02-13,21,M10,P01,L04,116,122,6,7
2025-02-13,22,M01,P05,L01,156,105,28,2
2025-02-13,22,M02,P02,L01,129,169,12,0
2025-02-13,22,M03,P01,L02,184,195,1,2
2025-02-13,22,M04,P05,L01,192,189,18,7
2025-02-13,22,M05,P01,L04,175,94,4,1
2025-02-13,22,M06,P02,L04,166,84,1,8
2025-02-13,22,M07,P03,L05,183,126,29,8
2025-02-13,22,M08,P02,L02,160,172,10,2
2025-02-13,22,M09,P02,L03,155,113,0,5
2025-02-13,22,M10,P01,L03,104,104,25,9
2025-02-13,23,M01,P04,L05,154,181,10,9
2025-02-13,23,M02,P05,L04,189,188,4,9
2025-02-13,23,M03,P01,L05,144,194,18,6
2025-02-13,23,M04,P02,L02,122,119,25,5
2025-02-13,23,M05,P03,L05,119,111,13,7
2025-02-13,23,M06,P04,L02,147,93,9,5
2025-02-13,23,M07,P02,L05,104,110,2,6
2025-02-13,23,M08,P04,L03,163,173,9,8
2025-02-13,23,M09,P04,L01,137,86,26,4
2025-02-13,23,M10,P03,L01,101,174,13,1
2025-02-13,24,M01,P02,L01,115,152,19,3
2025-02-13,24,M02,P05,L01,135,86,28,4
2025-02-13,24,M03,P03,L03,105,141,28,8
2025-02-13,24,M04,P02,L04,110,98,6,9
2025-02-13,24,M05,P02,L05,120,94,26,9
2025-02-13,24,M06,P04,L01,127,171,9,6
2025-02-13,24,M07,P03,L05,135,161,27,5
2025-02-13,24,M08,P01,L05,162,176,23,7
2025-02-13,24,M09,P01,L03,116,142,25,7
2025-02-13,24,M10,P03,L02,153,198,18,1
2025-02-14,1,M01,P05,L01,100,196,15,2
2025-02-14,1,M02,P03,L02,110,198,2,1
2025-02-14,1,M03,P03,L03,163,126,27,1
2025-02-14,1,M04,P05,L05,111,83,23,8
2025-02-14,1,M05,P03,L02,159,112,20,6
2025-02-14,1,M06,P05,L05,111,180,20,4
2025-02-14,1,M07,P04,L01,169,186,11,5
2025-02-14,1,M08,P02,L05,115,124,6,0
2025-02-14,1,M09,P04,L05,152,123,2,1
2025-02-14,1,M10,P04,L03,138,89,18,5
2025-02-14,2,M01,P02,L05,198,127,24,0
2025-02-14,2,M02,P03,L01,174,199,6,2
2025-02-14,2,M03,P01,L04,139,104,24,3
2025-02-14,2,M04,P03,L04,121,182,29,0
2025-02-14,2,M05,P05,L01,137,135,12,4
2025-02-14,2,M06,P03,L04,189,192,22,4
2025-02-14,2,M07,P01,L01,156,165,26,8
2025-02-14,2,M08,P02,L03,181,83,0,7
2025-02-14,2,M09,P04,L05,115,173,22,1
2025-02-14,2,M10,P01,L05,108,81,13,1
2025-02-14,3,M01,P03,L05,176,128,26,0
2025-02-14,3,M02,P03,L05,156,156,27,2
2025-02-14,3,M03,P03,L03,132,146,15,4
2025-02-14,3,M04,P05,L04,144,154,3,3
2025-02-14,3,M05,P04,L04,171,167,1,6
2025-02-14,3,M06,P03,L04,113,196,1,2
2025-02-14,3,M07,P04,L03,131,150,21,1
2025-02-14,3,M08,P03,L05,185,178,17,8
2025-02-14,3,M09,P02,L01,141,121,16,7
2025-02-14,3,M10,P03,L04,168,199,9,6
2025-02-14,4,M01,P04,L01,150,126,1,0
2025-02-14,4,M02,P05,L02,147,106,13,2
2025-02-14,4,M03,P03,L03,171,160,28,1
2025-02-14,4,M04,P04,L01,166,162,9,2
2025-02-14,4,M05,P05,L02,148,116,25,7
2025-02-14,4,M06,P03,L03,175,170,25,6
2025-02-14,4,M07,P04,L01,145,159,2,4
2025-02-14,4,M08,P05,L03,119,198,22,9
2025-02-14,4,M09,P03,L01,126,170,9,7
2025-02-14,4,M10,P02,L01,105,180,2,6
2025-02-14,5,M01,P04,L05,186,108,12,6
2025-02-14,5,M02,P02,L05,100,99,10,0
2025-02-14,5,M03,P05,L03,106,114,19,1
2025-02-14,5,M04,P05,L02,128,193,15,6
2025-02-14,5,M05,P01,L01,157,144,26,0
2025-02-14,5,M06,P02,L01,127,195,2,4
2025-02-14,5,M07,P04,L02,180,155,25,8
2025-02-14,5,M08,P02,L01,158,87,26,9
2025-02-14,5,M09,P02,L02,140,166,23,0
2025-02-14,5,M10,P01,L02,117,158,8,2
2025-02-14,6,M01,P02,L02,103,105,18,0
2025-02-14,6,M02,P05,L02,105,141,0,7
2025-02-14,6,M03,P03,L04,177,147,8,8
2025-02-14,6,M04,P03,L03,199,198,28,5
2025-02-14,6,M05,P04,L03,157,175,7,8
2025-02-14,6,M06,P02,L02,197,195,2,5
2025-02-14,6,M07,P04,L02,155,151,2,0
2025-02-14,6,M08,P03,L03,195,174,11,0
2025-02-14,6,M09,P02,L04,187,115,29,8
2025-02-14,6,M10,P01,L03,144,128,29,0
2025-02-14,7,M01,P03,L02,163,84,7,7
2025-02-14,7,M02,P01,L02,172,182,15,9
2025-02-14,7,M03,P05,L05,187,110,23,4
2025-02-14,7,M04,P01,L05,129,192,14,9
2025-02-14,7,M05,P05,L03,188,145,12,3
2025-02-14,7,M06,P04,L05,190,103,11,1
2025-02-14,7,M07,P05,L04,112,161,22,0
2025-02-14,7,M08,P01,L03,181,169,14,6
2025-02-14,7,M09,P04,L04,183,83,3,4
2025-02-14,7,M10,P03,L02,186,178,10,2
2025-02-14,8,M01,P05,L03,162,81,21,3
2025-02-14,8,M02,P04,L04,194,175,1,6
2025-02-14,8,M03,P05,L02,171,165,11,6
2025-02-14,8,M04,P04,L02,154,164,29,8
2025-02-14,8,M05,P01,L03,187,87,29,3
2025-02-14,8,M06,P02,L04,135,196,4,4
2025-02-14,8,M07,P05,L01,117,102,0,8
2025-02-14,8,M08,P03,L04,142,181,3,2
2025-02-14,8,M09,P02,L05,144,162,23,2
2025-02-14,8,M10,P01,L02,117,182,8,6
2025-02-14,9,M01,P01,L03,110,107,15,8
2025-02-14,9,M02,P01,L04,167,169,3,1
2025-02-14,9,M03,P03,L02,188,177,0,4
2025-02-14,9,M04,P04,L04,166,181,11,7
2025-02-14,9,M05,P05,L03,113,170,17,5
2025-02-14,9,M06,P04,L01,129,163,29,8
2025-02-14,9,M07,P03,L05,113,113,8,8
2025-02-14,9,M08,P04,L02,107,105,21,4
2025-02-14,9,M09,P02,L03,149,160,16,0
2025-02-14,9,M10,P04,L03,174,184,8,2
2025-02-14,10,M01,P02,L02,148,190,24,3
2025-02-14,10,M02,P04,L02,139,80,23,5
2025-02-14,10,M03,P04,L01,156,156,24,9
2025-02-14,10,M04,P03,L01,196,151,12,9
2025-02-14,10,M05,P04,L01,194,137,15,9
2025-02-14,10,M06,P04,L05,166,176,18,7
2025-02-14,10,M07,P02,L04,176,180,9,7
2025-02-14,10,M08,P03,L05,105,97,7,8
2025-02-14,10,M09,P04,L01,153,129,5,6
2025-02-14,10,M10,P02,L02,110,151,20,2
2025-02-14,11,M01,P02,L02,165,105,11,4
2025-02-14,11,M02,P04,L02,115,157,1,4
2025-02-14,11,M03,P03,L05,155,123,21,8
2025-02-14,11,M04,P05,L02,147,141,21,6
2025-02-14,11,M05,P04,L04,167,106,5,1
2025-02-14,11,M06,P04,L01,181,139,11,0
2025-02-14,11,M07,P04,L02,135,189,17,4
2025-02-14,11,M08,P03,L04,118,91,25,2
2025-02-14,11,M09,P03,L04,152,99,8,3
2025-02-14,11,M10,P02,L03,104,153,8,8
2025-02-14,12,M01,P05,L05,131,151,21,5
2025-02-14,12,M02,P02,L04,186,184,8,1
2025-02-14,12,M03,P05,L01,120,85,12,7
2025-02-14,12,M04,P03,L02,186,82,0,5
2025-02-14,12,M05,P01,L01,115,168,9,6
2025-02-14,12,M06,P05,L03,118,86,17,5
2025-02-14,12,M07,P02,L02,188,85,4,5
2025-02-14,12,M08,P04,L05,185,174,25,5
2025-02-14,12,M09,P03,L01,131,96,25,8
2025-02-14,12,M10,P03,L02,102,156,29,8
2025-02-14,13,M01,P01,L04,136,164,18,6
2025-02-14,13,M02,P03,L03,185,80,5,6
2025-02-14,13,M03,P04,L04,182,164,27,0
2025-02-14,13,M04,P04,L02,129,117,10,5
2025-02-14,13,M05,P02,L04,132,111,21,8
2025-02-14,13,M06,P04,L03,196,148,28,4
2025-02-14,13,M07,P05,L01,174,165,6,0
2025-02-14,13,M08,P02,L03,108,92,23,9
2025-02-14,13,M09,P02,L04,128,127,28,6
2025-02-14,13,M10,P03,L02,149,90,4,9
2025-02-14,14,M01,P04,L05,188,178,4,2
2025-02-14,14,M02,P04,L02,126,148,8,5
2025-02-14,14,M03,P02,L04,127,150,15,1
2025-02-14,14,M04,P01,L02,178,110,3,0
2025-02-14,14,M05,P01,L01,161,110,26,1
2025-02-14,14,M06,P03,L01,100,162,8,1
2025-02-14,14,M07,P01,L05,157,144,13,6
2025-02-14,14,M08,P02,L02,164,144,28,4
2025-02-14,14,M09,P03,L03,167,117,17,6
2025-02-14,14,M10,P04,L05,191,151,19,4
2025-02-14,15,M01,P03,L03,131,115,8,4
2025-02-14,15,M02,P04,L05,103,86,1,3
2025-02-14,15,M03,P04,L03,123,100,24,8
2025-02-14,15,M04,P01,L03,183,107,29,1
2025-02-14,15,M05,P03,L05,180,154,22,3
2025-02-14,15,M06,P05,L02,139,185,17,1
2025-02-14,15,M07,P05,L01,178,124,15,0
2025-02-14,15,M08,P05,L03,178,114,7,2
2025-02-14,15,M09,P04,L05,126,157,22,6
2025-02-14,15,M10,P01,L04,169,167,22,3
2025-02-14,16,M01,P02,L04,126,111,28,1
2025-02-14,16,M02,P01,L04,128,112,3,0
2025-02-14,16,M03,P01,L02,142,142,20,0
2025-02-14,16,M04,P04,L02,199,137,12,4
2025-02-14,16,M05,P02,L01,166,172,2,8
2025-02-14,16,M06,P02,L03,137,197,5,0
2025-02-14,16,M07,P05,L01,157,133,18,2
2025-02-14,16,M08,P04,L02,166,193,19,4
2025-02-14,16,M09,P05,L05,113,173,29,1
2025-02-14,16,M10,P03,L05,166,101,0,6
2025-02-14,17,M01,P04,L05,106,96,28,7
2025-02-14,17,M02,P02,L02,102,168,16,5
2025-02-14,17,M03,P03,L01,119,171,21,3
2025-02-14,17,M04,P05,L01,164,135,13,1
2025-02-14,17,M05,P04,L03,172,80,9,7
2025-02-14,17,M06,P05,L03,128,85,23,7
2025-02-14,17,M07,P03,L04,138,150,11,0
2025-02-14,17,M08,P05,L03,199,98,25,4
2025-02-14,17,M09,P01,L03,142,152,12,5
2025-02-14,17,M10,P05,L03,110,135,24,2
2025-02-14,18,M01,P05,L05,161,174,13,1
2025-02-14,18,M02,P02,L02,159,143,5,2
2025-02-14,18,M03,P05,L02,104,145,5,1
2025-02-14,18,M04,P02,L05,186,141,19,3
2025-02-14,18,M05,P01,L04,120,181,8,4
2025-02-14,18,M06,P03,L02,175,189,18,7
2025-02-14,18,M07,P02,L03,110,147,24,3
2025-02-14,18,M08,P01,L02,109,151,3,5
2025-02-14,18,M09,P02,L03,172,143,5,4
2025-02-14,18,M10,P05,L02,177,153,14,0
2025-02-14,19,M01,P03,L04,176,198,20,0
2025-02-14,19,M02,P04,L05,135,176,9,1
2025-02-14,19,M03,P05,L05,124,123,0,9
2025-02-14,19,M04,P05,L04,173,182,14,1
2025-02-14,19,M05,P04,L04,132,171,7,2
2025-02-14,19,M06,P05,L04,143,124,19,1
2025-02-14,19,M07,P02,L04,120,111,27,4
2025-02-14,19,M08,P01,L03,128,127,1,0
2025-02-14,19,M09,P02,L04,138,168,4,6
2025-02-14,19,M10,P04,L04,151,108,4,7
2025-02-14,20,M01,P01,L04,169,115,4,7
2025-02-14,20,M02,P05,L04,167,182,21,0
2025-02-14,20,M03,P05,L01,104,89,10,1
2025-02-14,20,M04,P05,L05,199,194,15,1
2025-02-14,20,M05,P01,L01,125,173,1,5
2025-02-14,20,M06,P04,L05,164,119,10,3
2025-02-14,20,M07,P01,L02,163,177,6,0
2025-02-14,20,M08,P04,L03,102,183,10,6
2025-02-14,20,M09,P02,L03,195,187,10,2
2025-02-14,20,M10,P05,L02,168,171,12,8
2025-02-14,21,M01,P04,L04,166,101,8,4
2025-02-14,21,M02,P01,L04,101,87,17,0
2025-02-14,21,M03,P02,L04,137,97,29,4
2025-02-14,21,M04,P05,L01,164,187,27,7
2025-02-14,21,M05,P05,L04,104,178,17,5
2025-02-14,21,M06,P05,L04,125,139,3,5
2025-02-14,21,M07,P02,L02,128,110,9,3
2025-02-14,21,M08,P03,L02,139,149,1,5
2025-02-14,21,M09,P01,L02,142,128,15,5
2025-02-14,21,M10,P04,L02,134,98,3,2
2025-02-14,22,M01,P04,L01,103,128,25,9
2025-02-14,22,M02,P04,L03,193,115,8,5
2025-02-14,22,M03,P03,L03,115,126,15,3
2025-02-14,22,M04,P04,L02,138,85,19,8
2025-02-14,22,M05,P05,L01,110,191,29,0
2025-02-14,22,M06,P02,L03,158,191,16,5
2025-02-14,22,M07,P02,L03,160,136,21,1
2025-02-14,22,M08,P05,L04,144,94,14,8
2025-02-14,22,M09,P04,L02,145,121,29,5
2025-02-14,22,M10,P03,L01,139,149,10,6
2025-02-14,23,M01,P05,L05,182,165,9,8
2025-02-14,23,M02,P02,L01,158,128,29,3
2025-02-14,23,M03,P02,L05,170,119,15,0
2025-02-14,23,M04,P04,L01,132,147,18,1
2025-02-14,23,M05,P04,L05,162,131,2,5
2025-02-14,23,M06,P03,L05,126,185,8,5
2025-02-14,23,M07,P03,L05,116,166,16,8
2025-02-14,23,M08,P02,L01,109,162,7,8
2025-02-14,23,M09,P04,L03,121,97,1,9
2025-02-14,23,M10,P01,L01,113,174,8,6
2025-02-14,24,M01,P02,L03,166,142,1,9
2025-02-14,24,M02,P02,L05,153,130,8,4
2025-02-14,24,M03,P01,L05,100,88,1,2
2025-02-14,24,M04,P05,L04,103,100,28,9
2025-02-14,24,M05,P04,L05,136,157,13,9
2025-02-14,24,M06,P02,L02,181,170,16,9
2025-02-14,24,M07,P03,L03,179,102,23,5
2025-02-14,24,M08,P03,L03,124,146,12,4
2025-02-14,24,M09,P01,L05,124,102,26,0
2025-02-14,24,M10,P05,L05,104,118,2,2
2025-02-15,1,M01,P02,L01,114,130,22,9
2025-02-15,1,M02,P03,L02,123,88,13,7
2025-02-15,1,M03,P01,L02,196,189,26,7
2025-02-15,1,M04,P01,L02,189,198,8,0
2025-02-15,1,M05,P03,L03,141,161,21,9
2025-02-15,1,M06,P02,L04,117,101,24,5
2025-02-15,1,M07,P04,L04,130,88,17,5
2025-02-15,1,M08,P03,L05,151,134,24,4
2025-02-15,1,M09,P05,L03,133,151,24,1
2025-02-15,1,M10,P02,L02,196,179,28,0
2025-02-15,2,M01,P05,L01,186,146,6,4
2025-02-15,2,M02,P03,L02,155,86,16,0
2025-02-15,2,M03,P05,L01,177,133,5,8
2025-02-15,2,M04,P04,L04,174,90,7,2
2025-02-15,2,M05,P04,L03,154,82,12,2
2025-02-15,2,M06,P04,L05,152,199,21,4
2025-02-15,2,M07,P05,L01,139,173,8,5
2025-02-15,2,M08,P05,L03,130,140,9,2
2025-02-15,2,M09,P05,L05,101,127,0,7
2025-02-15,2,M10,P03,L02,102,152,16,7
2025-02-15,3,M01,P02,L04,161,113,22,2
2025-02-15,3,M02,P04,L04,195,192,27,9
2025-02-15,3,M03,P05,L01,175,186,25,7
2025-02-15,3,M04,P04,L02,117,108,14,7
2025-02-15,3,M05,P03,L02,127,106,20,0
2025-02-15,3,M06,P03,L02,177,147,3,0
2025-02-15,3,M07,P05,L04,132,100,23,9
2025-02-15,3,M08,P02,L05,112,192,1,5
2025-02-15,3,M09,P05,L05,163,115,7,4
2025-02-15,3,M10,P05,L04,110,151,27,0
2025-02-15,4,M01,P02,L01,129,93,23,8
2025-02-15,4,M02,P01,L02,151,170,1,2
2025-02-15,4,M03,P05,L05,126,147,2,2
2025-02-15,4,M04,P02,L02,170,170,29,7
2025-02-15,4,M05,P05,L05,155,156,8,3
2025-02-15,4,M06,P05,L02,133,129,5,9
2025-02-15,4,M07,P02,L03,100,113,20,9
2025-02-15,4,M08,P02,L05,143,98,20,8
2025-02-15,4,M09,P05,L02,178,119,15,2
2025-02-15,4,M10,P03,L02,148,140,0,3
2025-02-15,5,M01,P05,L04,163,183,23,9
2025-02-15,5,M02,P04,L01,171,155,25,0
2025-02-15,5,M03,P04,L03,104,124,10,9
2025-02-15,5,M04,P04,L02,155,183,5,3
2025-02-15,5,M05,P03,L04,166,167,19,9
2025-02-15,5,M06,P04,L01,181,185,12,0
2025-02-15,5,M07,P01,L04,175,191,6,8
2025-02-15,5,M08,P02,L01,162,184,24,6
2025-02-15,5,M09,P02,L04,188,161,23,1
2025-02-15,5,M10,P04,L03,155,114,1,5
2025-02-15,6,M01,P04,L01,112,91,10,0
2025-02-15,6,M02,P05,L04,185,174,23,7
2025-02-15,6,M03,P03,L02,152,140,21,7
2025-02-15,6,M04,P04,L03,160,162,18,3
2025-02-15,6,M05,P01,L03,117,99,11,9
2025-02-15,6,M06,P02,L01,139,154,22,5
2025-02-15,6,M07,P04,L03,191,86,5,1
2025-02-15,6,M08,P05,L05,197,144,14,9
2025-02-15,6,M09,P02,L02,136,111,3,8
2025-02-15,6,M10,P01,L01,182,125,25,2
2025-02-15,7,M01,P03,L05,157,84,5,5
2025-02-15,7,M02,P04,L03,185,188,19,8
2025-02-15,7,M03,P04,L02,158,97,20,2
2025-02-15,7,M04,P01,L04,114,121,26,4
2025-02-15,7,M05,P05,L01,104,185,24,7
2025-02-15,7,M06,P05,L01,166,164,27,2
2025-02-15,7,M07,P01,L02,193,138,17,1
2025-02-15,7,M08,P02,L04,195,93,5,0
2025-02-15,7,M09,P03,L03,180,115,18,7
2025-02-15,7,M10,P01,L01,158,173,24,5
2025-02-15,8,M01,P03,L05,111,100,14,5
2025-02-15,8,M02,P02,L03,115,112,20,0
2025-02-15,8,M03,P04,L02,115,119,2,9
2025-02-15,8,M04,P03,L04,180,93,1,5
2025-02-15,8,M05,P05,L04,198,147,25,3
2025-02-15,8,M06,P02,L04,176,197,7,8
2025-02-15,8,M07,P01,L05,100,88,10,3
2025-02-15,8,M08,P02,L03,109,128,10,6
2025-02-15,8,M09,P02,L03,199,108,12,0
2025-02-15,8,M10,P01,L01,181,129,15,5
2025-02-15,9,M01,P01,L05,105,170,5,6
2025-02-15,9,M02,P02,L04,153,142,8,8
2025-02-15,9,M03,P05,L02,192,102,20,2
2025-02-15,9,M04,P05,L01,147,86,12,7
2025-02-15,9,M05,P04,L04,188,93,17,4
2025-02-15,9,M06,P04,L03,176,81,18,3
2025-02-15,9,M07,P02,L02,187,173,18,2
2025-02-15,9,M08,P03,L04,184,162,21,9
2025-02-15,9,M09,P04,L03,184,82,4,6
2025-02-15,9,M10,P03,L03,116,113,19,8
2025-02-15,10,M01,P02,L03,120,184,19,3
2025-02-15,10,M02,P03,L04,121,108,28,3
2025-02-15,10,M03,P03,L04,109,130,2,6
2025-02-15,10,M04,P02,L04,164,181,24,2
2025-02-15,10,M05,P05,L01,167,105,25,9
2025-02-15,10,M06,P05,L04,101,120,12,4
2025-02-15,10,M07,P02,L05,104,181,1,0
2025-02-15,10,M08,P01,L01,145,173,8,4
2025-02-15,10,M09,P01,L02,102,87,24,3
2025-02-15,10,M10,P04,L03,149,142,20,1
2025-02-15,11,M01,P01,L03,109,106,24,2
2025-02-15,11,M02,P04,L04,115,91,24,0
2025-02-15,11,M03,P01,L02,176,157,11,2
2025-02-15,11,M04,P02,L05,163,146,21,8
2025-02-15,11,M05,P05,L02,102,174,4,5
2025-02-15,11,M06,P02,L03,181,86,3,2
2025-02-15,11,M07,P04,L05,188,171,5,8
2025-02-15,11,M08,P05,L01,182,112,3,0
2025-02-15,11,M09,P04,L05,100,141,14,5
2025-02-15,11,M10,P05,L03,122,112,16,7
2025-02-15,12,M01,P04,L02,117,175,2,3
2025-02-15,12,M02,P01,L01,188,99,16,0
2025-02-15,12,M03,P01,L02,125,106,27,1
2025-02-15,12,M04,P04,L04,160,129,8,9
2025-02-15,12,M05,P03,L02,126,119,3,8
2025-02-15,12,M06,P03,L03,138,94,24,1
2025-02-15,12,M07,P05,L04,193,116,15,4
2025-02-15,12,M08,P01,L04,124,158,24,4
2025-02-15,12,M09,P03,L02,187,86,20,0
2025-02-15,12,M10,P01,L03,148,168,21,6
2025-02-15,13,M01,P03,L02,115,175,14,7
2025-02-15,13,M02,P02,L05,169,179,6,5
2025-02-15,13,M03,P05,L04,158,84,17,6
2025-02-15,13,M04,P03,L04,158,170,28,8
2025-02-15,13,M05,P03,L02,118,81,9,6
2025-02-15,13,M06,P02,L04,165,86,18,0
2025-02-15,13,M07,P05,L03,109,192,26,5
2025-02-15,13,M08,P05,L04,113,167,7,6
2025-02-15,13,M09,P05,L05,198,88,24,9
2025-02-15,13,M10,P04,L01,105,175,12,6
2025-02-15,14,M01,P05,L03,136,91,5,6
2025-02-15,14,M02,P05,L05,191,179,16,6
2025-02-15,14,M03,P02,L05,181,145,21,8
2025-02-15,14,M04,P02,L05,121,186,21,9
2025-02-15,14,M05,P05,L04,183,85,8,4
2025-02-15,14,M06,P03,L05,176,106,22,4
2025-02-15,14,M07,P01,L02,136,102,27,6
2025-02-15,14,M08,P04,L02,151,182,2,8
2025-02-15,14,M09,P02,L04,179,113,19,0
2025-02-15,14,M10,P04,L05,167,198,29,5
2025-02-15,15,M01,P02,L03,192,192,27,1
2025-02-15,15,M02,P05,L01,131,165,2,0
2025-02-15,15,M03,P04,L05,163,142,13,7
2025-02-15,15,M04,P02,L01,152,113,28,7
2025-02-15,15,M05,P03,L04,173,119,6,0
2025-02-15,15,M06,P03,L02,104,135,21,7
2025-02-15,15,M07,P02,L05,172,172,12,5
2025-02-15,15,M08,P01,L03,144,115,1,7
2025-02-15,15,M09,P02,L05,185,92,18,0
2025-02-15,15,M10,P03,L04,148,82,5,9
2025-02-15,16,M01,P03,L05,170,94,5,8
2025-02-15,16,M02,P02,L05,109,179,4,1
2025-02-15,16,M03,P02,L03,141,185,6,3
2025-02-15,16,M04,P02,L01,123,148,24,4
2025-02-15,16,M05,P05,L04,136,99,17,3
2025-02-15,16,M06,P05,L03,163,165,19,9
2025-02-15,16,M07,P04,L05,103,95,5,6
2025-02-15,16,M08,P04,L05,168,162,20,9
2025-02-15,16,M09,P04,L05,169,84,23,1
2025-02-15,16,M10,P04,L02,121,83,12,0
2025-02-15,17,M01,P05,L03,162,166,2,9
2025-02-15,17,M02,P01,L04,186,147,1,4
2025-02-15,17,M03,P01,L02,136,85,6,8
2025-02-15,17,M04,P05,L04,159,146,16,2
2025-02-15,17,M05,P01,L05,154,88,3,9
2025-02-15,17,M06,P01,L02,186,194,16,3
2025-02-15,17,M07,P01,L03,178,197,5,6
2025-02-15,17,M08,P05,L01,151,195,6,1
2025-02-15,17,M09,P03,L05,161,111,1,0
2025-02-15,17,M10,P04,L05,104,83,23,1
2025-02-15,18,M01,P04,L05,119,132,8,2
2025-02-15,18,M02,P01,L05,129,99,9,5
2025-02-15,18,M03,P04,L04,121,80,20,2
2025-02-15,18,M04,P05,L05,181,172,14,1
2025-02-15,18,M05,P02,L05,152,124,2,9
2025-02-15,18,M06,P03,L01,123,156,26,0
2025-02-15,18,M07,P01,L03,169,176,24,6
2025-02-15,18,M08,P01,L01,120,122,19,7
2025-02-15,18,M09,P02,L05,121,142,23,0
2025-02-15,18,M10,P01,L03,195,96,15,8
2025-02-15,19,M01,P03,L03,159,108,11,3
2025-02-15,19,M02,P02,L01,185,132,28,4
2025-02-15,19,M03,P04,L01,193,158,14,0
2025-02-15,19,M04,P02,L03,163,96,11,4
2025-02-15,19,M05,P03,L03,162,158,29,6
2025-02-15,19,M06,P04,L02,120,126,9,4
2025-02-15,19,M07,P04,L01,185,181,18,3
2025-02-15,19,M08,P04,L04,144,156,8,8
2025-02-15,19,M09,P05,L05,139,153,19,3
2025-02-15,19,M10,P05,L03,120,87,23,8
2025-02-15,20,M01,P04,L01,135,101,20,3
2025-02-15,20,M02,P03,L05,166,177,24,9
2025-02-15,20,M03,P04,L03,130,192,0,9
2025-02-15,20,M04,P03,L01,179,163,9,3
2025-02-15,20,M05,P05,L02,106,128,7,5
2025-02-15,20,M06,P05,L01,103,186,1,8
2025-02-15,20,M07,P03,L02,155,116,6,6
2025-02-15,20,M08,P02,L04,169,188,15,5
2025-02-15,20,M09,P02,L01,194,199,14,7
2025-02-15,20,M10,P03,L01,160,157,29,1
2025-02-15,21,M01,P04,L05,184,132,21,6
2025-02-15,21,M02,P05,L01,178,109,15,5
2025-02-15,21,M03,P05,L03,191,85,4,5
2025-02-15,21,M04,P04,L01,100,93,18,2
2025-02-15,21,M05,P03,L01,131,136,25,4
2025-02-15,21,M06,P03,L02,140,104,14,5
2025-02-15,21,M07,P01,L01,171,140,3,7
2025-02-15,21,M08,P03,L02,140,105,3,1
2025-02-15,21,M09,P01,L03,146,150,7,2
2025-02-15,21,M10,P04,L01,121,178,1,3
2025-02-15,22,M01,P01,L03,185,171,8,7
2025-02-15,22,M02,P02,L05,148,122,12,2
2025-02-15,22,M03,P05,L04,114,122,15,6
2025-02-15,22,M04,P03,L01,181,120,17,2
2025-02-15,22,M05,P04,L03,115,122,22,6
2025-02-15,22,M06,P02,L01,139,197,5,4
2025-02-15,22,M07,P04,L02,145,85,20,3
2025-02-15,22,M08,P01,L03,190,195,28,8
2025-02-15,22,M09,P04,L04,110,97,11,7
2025-02-15,22,M10,P01,L02,168,199,1,9
2025-02-15,23,M01,P02,L02,115,168,5,5
2025-02-15,23,M02,P05,L04,154,155,8,0
2025-02-15,23,M03,P01,L02,195,150,24,9
2025-02-15,23,M04,P01,L01,196,194,21,6
2025-02-15,23,M05,P02,L04,165,125,11,3
2025-02-15,23,M06,P04,L05,127,89,1,8
2025-02-15,23,M07,P02,L01,186,159,8,2
2025-02-15,23,M08,P01,L03,124,83,15,7
2025-02-15,23,M09,P03,L03,175,126,19,8
2025-02-15,23,M10,P03,L02,139,124,21,0
2025-02-15,24,M01,P04,L03,124,122,18,2
2025-02-15,24,M02,P04,L01,194,199,14,3
2025-02-15,24,M03,P05,L02,120,106,18,3
2025-02-15,24,M04,P03,L04,147,176,3,8
2025-02-15,24,M05,P02,L05,119,85,18,2
2025-02-15,24,M06,P02,L02,155,100,23,8
2025-02-15,24,M07,P05,L02,138,140,12,1
2025-02-15,24,M08,P05,L03,118,183,3,8
2025-02-15,24,M09,P04,L04,133,115,20,7
2025-02-15,24,M10,P01,L03,140,122,9,2
2025-02-16,1,M01,P02,L03,107,198,1,3
2025-02-16,1,M02,P01,L05,193,97,11,6
2025-02-16,1,M03,P02,L05,141,143,11,2
2025-02-16,1,M04,P02,L05,195,144,6,0
2025-02-16,1,M05,P01,L04,194,118,7,2
2025-02-16,1,M06,P02,L04,197,128,24,3
2025-02-16,1,M07,P01,L05,156,117,4,9
2025-02-16,1,M08,P04,L01,136,124,13,8
2025-02-16,1,M09,P02,L02,130,162,18,6
2025-02-16,1,M10,P02,L01,110,128,13,8
2025-02-16,2,M01,P01,L02,128,162,27,2
2025-02-16,2,M02,P05,L01,133,157,18,7
2025-02-16,2,M03,P02,L01,194,160,7,0
2025-02-16,2,M04,P05,L02,142,119,12,7
2025-02-16,2,M05,P03,L02,165,123,3,4
2025-02-16,2,M06,P03,L02,123,135,12,3
2025-02-16,2,M07,P05,L04,190,187,14,4
2025-02-16,2,M08,P01,L05,172,126,29,3
2025-02-16,2,M09,P03,L01,164,175,15,6
2025-02-16,2,M10,P05,L04,119,160,3,6
2025-02-16,3,M01,P02,L05,112,152,4,7
2025-02-16,3,M02,P02,L02,119,127,3,2
2025-02-16,3,M03,P02,L05,116,107,3,5
2025-02-16,3,M04,P04,L02,125,158,0,0
2025-02-16,3,M05,P04,L02,155,114,26,4
2025-02-16,3,M06,P04,L03,107,172,7,8
2025-02-16,3,M07,P03,L02,125,182,9,0
2025-02-16,3,M08,P04,L05,119,147,22,4
2025-02-16,3,M09,P03,L05,189,132,4,7
2025-02-16,3,M10,P02,L03,114,125,13,7
2025-02-16,4,M01,P01,L04,107,116,4,8
2025-02-16,4,M02,P05,L05,172,165,26,0
2025-02-16,4,M03,P04,L03,143,135,15,0
2025-02-16,4,M04,P05,L02,149,188,5,6
2025-02-16,4,M05,P03,L03,139,111,3,9
2025-02-16,4,M06,P05,L01,182,174,29,4
2025-02-16,4,M07,P05,L01,175,88,23,7
2025-02-16,4,M08,P05,L01,144,170,28,8
2025-02-16,4,M09,P03,L05,145,149,6,8
2025-02-16,4,M10,P04,L03,147,142,12,5
2025-02-16,5,M01,P02,L05,131,147,7,2
2025-02-16,5,M02,P04,L02,182,118,11,3
2025-02-16,5,M03,P04,L02,108,123,10,4
2025-02-16,5,M04,P02,L03,137,117,0,6
2025-02-16,5,M05,P05,L04,154,155,19,4
2025-02-16,5,M06,P01,L01,144,156,26,2
2025-02-16,5,M07,P02,L01,101,173,27,1
2025-02-16,5,M08,P05,L03,159,101,24,9
2025-02-16,5,M09,P03,L05,148,159,16,1
2025-02-16,5,M10,P03,L05,118,186,9,9
2025-02-16,6,M01,P04,L05,109,138,5,5
2025-02-16,6,M02,P03,L05,137,196,14,5
2025-02-16,6,M03,P01,L04,113,82,29,0
2025-02-16,6,M04,P04,L04,142,195,8,5
2025-02-16,6,M05,P04,L01,154,134,13,7
2025-02-16,6,M06,P03,L02,156,135,1,2
2025-02-16,6,M07,P02,L04,148,143,28,6
2025-02-16,6,M08,P02,L05,192,122,29,8
2025-02-16,6,M09,P01,L04,119,159,4,7
2025-02-16,6,M10,P04,L05,187,130,28,2
2025-02-16,7,M01,P04,L01,139,147,10,3
2025-02-16,7,M02,P04,L04,107,153,22,7
2025-02-16,7,M03,P01,L05,119,194,11,8
2025-02-16,7,M04,P02,L04,171,120,4,4
2025-02-16,7,M05,P05,L02,117,108,6,7
2025-02-16,7,M06,P04,L05,154,135,8,4
2025-02-16,7,M07,P01,L01,187,183,28,6
2025-02-16,7,M08,P02,L01,185,106,15,1
2025-02-16,7,M09,P02,L05,145,150,10,9
2025-02-16,7,M10,P05,L01,148,158,15,8
2025-02-16,8,M01,P05,L05,154,120,5,0
2025-02-16,8,M02,P05,L05,125,80,0,5
2025-02-16,8,M03,P03,L01,127,84,20,0
2025-02-16,8,M04,P04,L04,105,108,12,7
2025-02-16,8,M05,P03,L05,174,131,0,8
2025-02-16,8,M06,P05,L05,160,199,12,6
2025-02-16,8,M07,P05,L05,196,154,19,4
2025-02-16,8,M08,P01,L04,143,80,9,1
2025-02-16,8,M09,P02,L01,124,119,25,0
2025-02-16,8,M10,P03,L03,163,98,24,9
2025-02-16,9,M01,P02,L02,185,129,2,9
2025-02-16,9,M02,P01,L04,108,109,17,7
2025-02-16,9,M03,P02,L03,110,169,7,2
2025-02-16,9,M04,P05,L05,179,165,0,1
2025-02-16,9,M05,P05,L05,133,95,13,6
2025-02-16,9,M06,P01,L02,104,122,17,9
2025-02-16,9,M07,P02,L02,160,170,8,4
2025-02-16,9,M08,P04,L04,101,82,12,4
2025-02-16,9,M09,P04,L01,119,179,17,8
2025-02-16,9,M10,P01,L05,137,94,17,0
2025-02-16,10,M01,P05,L04,196,143,7,0
2025-02-16,10,M02,P01,L05,148,195,23,7
2025-02-16,10,M03,P03,L01,127,162,29,6
2025-02-16,10,M04,P03,L02,164,84,15,3
2025-02-16,10,M05,P04,L04,104,191,2,6
2025-02-16,10,M06,P01,L02,191,80,15,6
2025-02-16,10,M07,P04,L02,170,186,5,1
2025-02-16,10,M08,P03,L04,156,101,28,1
2025-02-16,10,M09,P05,L02,144,146,20,5
2025-02-16,10,M10,P04,L05,180,108,0,6
2025-02-16,11,M01,P05,L02,157,197,8,1
2025-02-16,11,M02,P03,L01,185,111,10,9
2025-02-16,11,M03,P03,L01,175,109,27,9
2025-02-16,11,M04,P05,L04,190,85,5,3
2025-02-16,11,M05,P05,L02,169,142,1,0
2025-02-16,11,M06,P01,L05,120,111,7,6
2025-02-16,11,M07,P02,L03,148,166,19,5
2025-02-16,11,M08,P05,L01,131,124,12,8
2025-02-16,11,M09,P05,L01,167,197,9,4
2025-02-16,11,M10,P02,L04,107,174,9,4
2025-02-16,12,M01,P05,L01,112,100,20,2
2025-02-16,12,M02,P04,L04,188,132,27,1
2025-02-16,12,M03,P01,L05,185,136,22,1
2025-02-16,12,M04,P05,L01,102,138,19,8
2025-02-16,12,M05,P02,L05,189,196,28,1
2025-02-16,12,M06,P04,L01,159,91,4,1
2025-02-16,12,M07,P02,L02,153,121,25,2
2025-02-16,12,M08,P05,L05,158,167,27,0
2025-02-16,12,M09,P05,L05,190,124,28,2
2025-02-16,12,M10,P02,L05,174,147,21,0
2025-02-16,13,M01,P02,L05,179,145,8,4
2025-02-16,13,M02,P05,L05,179,169,18,8
2025-02-16,13,M03,P04,L03,191,94,8,9
2025-02-16,13,M04,P04,L01,141,138,15,3
2025-02-16,13,M05,P02,L02,112,122,9,8
2025-02-16,13,M06,P03,L03,150,82,20,5
2025-02-16,13,M07,P01,L02,178,141,28,6
2025-02-16,13,M08,P04,L05,102,152,2,3
2025-02-16,13,M09,P02,L03,114,84,12,6
2025-02-16,13,M10,P03,L04,162,87,9,1
2025-02-16,14,M01,P04,L02,121,170,25,1
2025-02-16,14,M02,P03,L03,104,95,16,8
2025-02-16,14,M03,P03,L02,164,101,16,2
2025-02-16,14,M04,P01,L04,154,84,8,2
2025-02-16,14,M05,P04,L03,196,83,15,8
2025-02-16,14,M06,P01,L02,187,143,2,1
2025-02-16,14,M07,P01,L01,157,146,6,9
2025-02-16,14,M08,P05,L03,124,107,23,4
2025-02-16,14,M09,P02,L03,175,161,5,7
2025-02-16,14,M10,P01,L02,142,104,29,1
2025-02-16,15,M01,P05,L01,106,101,9,9
2025-02-16,15,M02,P02,L05,127,179,26,8
2025-02-16,15,M03,P05,L01,168,117,1,2
2025-02-16,15,M04,P01,L03,151,117,12,2
2025-02-16,15,M05,P01,L03,147,152,28,2
2025-02-16,15,M06,P05,L03,148,109,20,8
2025-02-16,15,M07,P01,L01,102,152,23,0
2025-02-16,15,M08,P01,L01,114,143,23,1
2025-02-16,15,M09,P03,L04,194,199,13,5
2025-02-16,15,M10,P03,L05,124,191,11,4
2025-02-16,16,M01,P02,L02,175,116,16,4
2025-02-16,16,M02,P05,L01,173,114,5,0
2025-02-16,16,M03,P01,L03,122,163,22,6
2025-02-16,16,M04,P03,L03,113,93,3,3
2025-02-16,16,M05,P03,L01,183,181,24,5
2025-02-16,16,M06,P05,L03,111,198,17,7
2025-02-16,16,M07,P03,L03,114,177,3,1
2025-02-16,16,M08,P01,L04,169,165,4,9
2025-02-16,16,M09,P04,L03,189,83,9,3
2025-02-16,16,M10,P05,L04,180,129,2,6
2025-02-16,17,M01,P05,L05,100,110,18,6
2025-02-16,17,M02,P04,L02,147,127,16,4
2025-02-16,17,M03,P02,L04,193,135,9,5
2025-02-16,17,M04,P04,L04,181,115,2,8
2025-02-16,17,M05,P01,L01,156,101,29,6
2025-02-16,17,M06,P05,L03,144,99,8,8
2025-02-16,17,M07,P04,L04,177,97,0,2
2025-02-16,17,M08,P05,L02,130,165,13,8
2025-02-16,17,M09,P04,L04,146,195,0,2
2025-02-16,17,M10,P01,L04,168,89,8,0
2025-02-16,18,M01,P02,L04,141,138,24,3
2025-02-16,18,M02,P04,L03,190,198,21,9
2025-02-16,18,M03,P04,L01,122,85,13,7
2025-02-16,18,M04,P01,L01,193,165,1,8
2025-02-16,18,M05,P02,L05,166,186,25,6
2025-02-16,18,M06,P01,L05,144,173,15,6
2025-02-16,18,M07,P02,L04,145,180,25,9
2025-02-16,18,M08,P01,L04,199,172,23,8
2025-02-16,18,M09,P04,L03,133,139,24,0
2025-02-16,18,M10,P04,L05,167,180,4,0
2025-02-16,19,M01,P02,L02,129,84,8,6
2025-02-16,19,M02,P05,L05,112,88,13,0
2025-02-16,19,M03,P02,L03,111,198,8,1
2025-02-16,19,M04,P02,L04,150,112,5,1
2025-02-16,19,M05,P04,L03,154,129,21,6
2025-02-16,19,M06,P01,L02,137,87,7,6
2025-02-16,19,M07,P04,L04,136,151,13,3
2025-02-16,19,M08,P03,L01,124,161,21,4
2025-02-16,19,M09,P03,L05,130,85,9,6
2025-02-16,19,M10,P04,L04,127,184,3,7
2025-02-16,20,M01,P05,L02,148,83,1,9
2025-02-16,20,M02,P02,L05,179,102,25,6
2025-02-16,20,M03,P05,L01,199,158,4,2
2025-02-16,20,M04,P01,L05,191,124,29,6
2025-02-16,20,M05,P01,L04,146,126,17,2
2025-02-16,20,M06,P04,L05,104,127,22,8
2025-02-16,20,M07,P01,L02,121,174,22,7
2025-02-16,20,M08,P01,L04,168,91,12,2
2025-02-16,20,M09,P01,L01,118,169,29,1
2025-02-16,20,M10,P04,L05,162,86,27,7
2025-02-16,21,M01,P03,L04,162,136,23,6
2025-02-16,21,M02,P02,L03,196,99,9,6
2025-02-16,21,M03,P03,L03,127,179,29,9
2025-02-16,21,M04,P02,L01,167,104,6,5
2025-02-16,21,M05,P05,L03,175,108,1,1
2025-02-16,21,M06,P04,L01,108,144,6,6
2025-02-16,21,M07,P02,L02,195,107,25,3
2025-02-16,21,M08,P03,L05,177,124,15,6
2025-02-16,21,M09,P03,L02,174,117,24,9
2025-02-16,21,M10,P01,L02,121,117,8,9
2025-02-16,22,M01,P03,L01,198,195,29,8
2025-02-16,22,M02,P05,L02,165,93,4,6
2025-02-16,22,M03,P05,L04,182,103,2,3
2025-02-16,22,M04,P02,L02,137,113,1,2
2025-02-16,22,M05,P04,L03,135,83,25,9
2025-02-16,22,M06,P03,L03,148,88,13,1
2025-02-16,22,M07,P02,L03,185,197,28,0
2025-02-16,22,M08,P02,L04,152,123,5,4
2025-02-16,22,M09,P03,L03,182,101,19,3
2025-02-16,22,M10,P04,L03,195,87,18,9
2025-02-16,23,M01,P01,L03,125,197,14,8
2025-02-16,23,M02,P02,L03,118,127,15,2
2025-02-16,23,M03,P05,L02,126,195,7,6
2025-02-16,23,M04,P01,L02,123,172,22,5
2025-02-16,23,M05,P02,L03,183,167,11,1
2025-02-16,23,M06,P05,L04,148,102,3,0
2025-02-16,23,M07,P05,L05,192,85,14,7
2025-02-16,23,M08,P05,L04,178,195,29,1
2025-02-16,23,M09,P02,L05,183,107,29,1
2025-02-16,23,M10,P01,L05,138,152,28,9
2025-02-16,24,M01,P05,L02,168,138,21,7
2025-02-16,24,M02,P03,L02,199,81,5,8
2025-02-16,24,M03,P05,L03,106,129,5,1
2025-02-16,24,M04,P04,L02,154,184,15,2
2025-02-16,24,M05,P02,L02,192,95,24,7
2025-02-16,24,M06,P04,L04,154,131,26,9
2025-02-16,24,M07,P01,L02,191,152,24,9
2025-02-16,24,M08,P02,L04,146,165,0,7
2025-02-16,24,M09,P03,L02,105,162,20,3
2025-02-16,24,M10,P04,L05,124,194,27,6
2025-02-17,1,M01,P03,L01,189,160,7,9
2025-02-17,1,M02,P04,L05,118,150,23,7
2025-02-17,1,M03,P01,L05,138,116,17,7
2025-02-17,1,M04,P04,L02,121,90,25,7
2025-02-17,1,M05,P05,L01,102,146,6,2
2025-02-17,1,M06,P02,L03,127,196,9,3
2025-02-17,1,M07,P01,L03,190,155,7,8
2025-02-17,1,M08,P01,L02,110,196,1,6
2025-02-17,1,M09,P02,L05,150,157,22,2
2025-02-17,1,M10,P04,L04,133,149,4,4
2025-02-17,2,M01,P01,L05,145,110,1,3
2025-02-17,2,M02,P01,L04,115,109,6,0
2025-02-17,2,M03,P04,L05,136,186,25,2
2025-02-17,2,M04,P04,L05,118,179,10,2
2025-02-17,2,M05,P02,L05,124,194,25,0
2025-02-17,2,M06,P04,L05,117,190,15,7
2025-02-17,2,M07,P02,L01,142,149,16,9
2025-02-17,2,M08,P04,L03,128,192,21,6
2025-02-17,2,M09,P03,L03,107,87,4,1
2025-02-17,2,M10,P05,L02,103,187,3,4
2025-02-17,3,M01,P03,L01,141,189,14,9
2025-02-17,3,M02,P03,L01,181,142,22,3
2025-02-17,3,M03,P05,L05,190,191,9,4
2025-02-17,3,M04,P01,L03,143,193,1,2
2025-02-17,3,M05,P04,L05,109,191,11,8
2025-02-17,3,M06,P01,L03,139,192,0,5
2025-02-17,3,M07,P04,L03,142,132,13,8
2025-02-17,3,M08,P05,L04,105,162,27,4
2025-02-17,3,M09,P01,L01,109,189,25,6
2025-02-17,3,M10,P03,L01,174,147,17,2
2025-02-17,4,M01,P04,L04,149,169,0,3
2025-02-17,4,M02,P03,L01,158,104,27,8
2025-02-17,4,M03,P01,L03,164,146,25,7
2025-02-17,4,M04,P03,L04,107,173,6,7
2025-02-17,4,M05,P01,L02,125,170,21,2
2025-02-17,4,M06,P03,L01,106,164,1,4
2025-02-17,4,M07,P02,L05,142,96,20,5
2025-02-17,4,M08,P03,L05,181,117,11,7
2025-02-17,4,M09,P03,L03,142,166,1,2
2025-02-17,4,M10,P01,L01,104,108,1,4
2025-02-17,5,M01,P05,L05,153,103,6,4
2025-02-17,5,M02,P05,L03,161,97,5,2
2025-02-17,5,M03,P02,L03,187,179,4,8
2025-02-17,5,M04,P05,L04,132,170,21,4
2025-02-17,5,M05,P03,L02,114,189,4,7
2025-02-17,5,M06,P04,L01,103,177,1,1
2025-02-17,5,M07,P04,L03,192,158,3,2
2025-02-17,5,M08,P03,L01,173,96,29,5
2025-02-17,5,M09,P03,L04,136,138,10,3
2025-02-17,5,M10,P02,L04,126,156,29,3
2025-02-17,6,M01,P02,L04,132,189,25,3
2025-02-17,6,M02,P02,L05,126,115,3,9
2025-02-17,6,M03,P02,L05,170,116,3,7
2025-02-17,6,M04,P01,L02,169,105,25,7
2025-02-17,6,M05,P01,L01,166,152,4,5
2025-02-17,6,M06,P05,L03,122,146,22,2
2025-02-17,6,M07,P04,L05,153,99,17,6
2025-02-17,6,M08,P02,L04,175,177,15,1
2025-02-17,6,M09,P02,L01,193,142,20,9
2025-02-17,6,M10,P04,L05,176,167,0,4
2025-02-17,7,M01,P04,L04,157,177,28,7
2025-02-17,7,M02,P02,L05,195,165,8,1
2025-02-17,7,M03,P04,L05,100,111,18,5
2025-02-17,7,M04,P05,L04,175,163,4,3
2025-02-17,7,M05,P01,L02,187,173,14,0
2025-02-17,7,M06,P05,L02,107,185,2,8
2025-02-17,7,M07,P03,L03,125,86,27,6
2025-02-17,7,M08,P03,L04,177,115,18,2
2025-02-17,7,M09,P05,L01,159,130,11,0
2025-02-17,7,M10,P03,L01,183,107,24,1
2025-02-17,8,M01,P04,L02,103,100,26,0
2025-02-17,8,M02,P04,L05,109,129,20,9
2025-02-17,8,M03,P03,L02,119,190,4,5
2025-02-17,8,M04,P01,L01,153,91,0,5
2025-02-17,8,M05,P03,L02,120,84,25,3
2025-02-17,8,M06,P01,L03,154,140,7,4
2025-02-17,8,M07,P03,L04,123,133,8,4
2025-02-17,8,M08,P03,L01,118,154,20,1
2025-02-17,8,M09,P04,L05,186,155,15,6
2025-02-17,8,M10,P05,L05,140,114,13,7
2025-02-17,9,M01,P04,L01,191,161,2,5
2025-02-17,9,M02,P01,L04,120,178,28,1
2025-02-17,9,M03,P05,L04,151,178,29,4
2025-02-17,9,M04,P02,L05,172,166,1,2
2025-02-17,9,M05,P05,L01,146,137,4,7
2025-02-17,9,M06,P03,L05,108,82,28,9
2025-02-17,9,M07,P01,L05,110,120,10,0
2025-02-17,9,M08,P03,L01,134,146,3,7
2025-02-17,9,M09,P04,L01,135,156,23,6
2025-02-17,9,M10,P04,L04,139,122,18,9
2025-02-17,10,M01,P04,L01,135,176,5,2
2025-02-17,10,M02,P01,L03,106,184,2,6
2025-02-17,10,M03,P03,L01,163,122,17,2
2025-02-17,10,M04,P04,L03,161,118,26,8
2025-02-17,10,M05,P01,L05,159,184,9,4
2025-02-17,10,M06,P05,L04,110,139,21,9
2025-02-17,10,M07,P05,L05,111,100,14,7
2025-02-17,10,M08,P02,L05,139,105,3,8
2025-02-17,10,M09,P02,L04,108,165,23,5
2025-02-17,10,M10,P04,L05,135,90,2,6
2025-02-17,11,M01,P02,L02,166,160,10,0
2025-02-17,11,M02,P05,L02,177,160,1,0
2025-02-17,11,M03,P01,L03,155,168,11,3
2025-02-17,11,M04,P05,L03,119,172,3,1
2025-02-17,11,M05,P01,L02,161,96,11,3
2025-02-17,11,M06,P04,L01,197,161,12,9
2025-02-17,11,M07,P03,L01,119,80,11,0
2025-02-17,11,M08,P01,L01,184,168,19,8
2025-02-17,11,M09,P05,L05,176,126,17,7
2025-02-17,11,M10,P02,L03,175,81,26,9
2025-02-17,12,M01,P05,L01,100,198,24,0
2025-02-17,12,M02,P04,L02,145,92,1,7
2025-02-17,12,M03,P03,L01,182,166,8,6
2025-02-17,12,M04,P05,L04,106,157,1,0
2025-02-17,12,M05,P04,L02,153,171,11,9
2025-02-17,12,M06,P02,L05,113,104,9,3
2025-02-17,12,M07,P05,L05,108,90,26,9
2025-02-17,12,M08,P01,L05,110,136,2,1
2025-02-17,12,M09,P04,L02,148,119,14,5
2025-02-17,12,M10,P02,L04,153,94,15,1
2025-02-17,13,M01,P04,L01,194,109,27,3
2025-02-17,13,M02,P01,L01,120,189,22,9
2025-02-17,13,M03,P05,L05,189,133,18,7
2025-02-17,13,M04,P01,L03,148,183,3,6
2025-02-17,13,M05,P05,L04,191,192,4,3
2025-02-17,13,M06,P03,L04,132,132,23,9
2025-02-17,13,M07,P01,L04,104,197,8,8
2025-02-17,13,M08,P03,L05,153,170,23,4
2025-02-17,13,M09,P02,L01,186,97,18,4
2025-02-17,13,M10,P01,L02,143,148,10,0
2025-02-17,14,M01,P03,L03,120,187,2,7
2025-02-17,14,M02,P01,L03,187,115,26,5
2025-02-17,14,M03,P02,L02,187,102,19,4
2025-02-17,14,M04,P02,L03,149,126,3,6
2025-02-17,14,M05,P01,L04,164,142,19,8
2025-02-17,14,M06,P04,L04,116,146,26,5
2025-02-17,14,M07,P03,L05,158,133,5,4
2025-02-17,14,M08,P05,L02,156,98,14,9
2025-02-17,14,M09,P04,L05,197,143,25,2
2025-02-17,14,M10,P03,L03,166,105,5,5
2025-02-17,15,M01,P01,L03,187,89,15,6
2025-02-17,15,M02,P04,L04,176,97,25,1
2025-02-17,15,M03,P01,L01,153,122,13,6
2025-02-17,15,M04,P04,L01,137,137,8,0
2025-02-17,15,M05,P02,L02,173,162,29,3
2025-02-17,15,M06,P05,L03,168,198,22,6
2025-02-17,15,M07,P01,L01,196,142,2,5
2025-02-17,15,M08,P01,L02,196,141,20,6
2025-02-17,15,M09,P03,L02,161,193,28,2
2025-02-17,15,M10,P01,L04,155,162,4,9
2025-02-17,16,M01,P05,L03,153,150,10,0
2025-02-17,16,M02,P02,L02,102,93,4,0
2025-02-17,16,M03,P03,L01,191,181,15,0
2025-02-17,16,M04,P03,L02,106,126,26,7
2025-02-17,16,M05,P03,L02,152,169,15,1
2025-02-17,16,M06,P01,L02,150,115,2,7
2025-02-17,16,M07,P05,L01,128,184,0,8
2025-02-17,16,M08,P01,L03,199,159,14,9
2025-02-17,16,M09,P04,L05,152,158,2,2
2025-02-17,16,M10,P05,L01,158,146,7,7
2025-02-17,17,M01,P03,L05,115,150,8,2
2025-02-17,17,M02,P04,L04,148,189,15,2
2025-02-17,17,M03,P04,L04,134,124,8,9
2025-02-17,17,M04,P03,L05,166,138,1,9
2025-02-17,17,M05,P02,L01,140,109,2,6
2025-02-17,17,M06,P04,L02,199,107,17,1
2025-02-17,17,M07,P04,L02,152,146,25,6
2025-02-17,17,M08,P05,L05,158,83,15,8
2025-02-17,17,M09,P04,L04,146,156,9,9
2025-02-17,17,M10,P04,L05,118,109,14,8
2025-02-17,18,M01,P04,L04,156,122,16,4
2025-02-17,18,M02,P01,L01,111,166,11,9
2025-02-17,18,M03,P05,L01,189,173,24,3
2025-02-17,18,M04,P03,L05,149,83,18,8
2025-02-17,18,M05,P04,L05,127,188,11,7
2025-02-17,18,M06,P01,L04,133,82,21,4
2025-02-17,18,M07,P05,L03,185,92,11,7
2025-02-17,18,M08,P05,L01,137,138,9,5
2025-02-17,18,M09,P02,L01,170,179,22,6
2025-02-17,18,M10,P03,L03,137,191,15,7
2025-02-17,19,M01,P05,L05,157,187,28,5
2025-02-17,19,M02,P02,L03,120,124,0,9
2025-02-17,19,M03,P04,L02,160,185,29,8
2025-02-17,19,M04,P01,L04,182,153,12,1
2025-02-17,19,M05,P02,L01,141,123,21,3
2025-02-17,19,M06,P04,L03,131,166,7,3
2025-02-17,19,M07,P04,L03,191,104,27,2
2025-02-17,19,M08,P02,L03,128,129,18,7
2025-02-17,19,M09,P05,L02,187,181,29,1
2025-02-17,19,M10,P01,L04,112,147,12,2
2025-02-17,20,M01,P03,L04,123,112,0,8
2025-02-17,20,M02,P03,L01,102,109,17,1
2025-02-17,20,M03,P01,L03,165,163,26,3
2025-02-17,20,M04,P03,L01,115,105,13,1
2025-02-17,20,M05,P03,L04,129,184,20,4
2025-02-17,20,M06,P02,L01,136,120,13,5
2025-02-17,20,M07,P02,L04,187,80,23,5
2025-02-17,20,M08,P03,L04,115,84,12,4
2025-02-17,20,M09,P03,L01,161,104,2,5
2025-02-17,20,M10,P02,L04,163,148,18,3
2025-02-17,21,M01,P02,L03,190,110,2,6
2025-02-17,21,M02,P05,L05,151,99,8,8
2025-02-17,21,M03,P01,L02,100,162,2,6
2025-02-17,21,M04,P05,L04,149,167,16,7
2025-02-17,21,M05,P05,L01,151,181,5,7
2025-02-17,21,M06,P01,L01,148,146,22,4
2025-02-17,21,M07,P04,L05,177,173,19,7
2025-02-17,21,M08,P05,L03,137,179,5,3
2025-02-17,21,M09,P02,L02,194,90,10,2
2025-02-17,21,M10,P05,L03,131,128,26,9
2025-02-17,22,M01,P01,L01,147,172,19,6
2025-02-17,22,M02,P05,L01,128,180,26,1
2025-02-17,22,M03,P03,L04,111,137,18,3
2025-02-17,22,M04,P05,L02,171,121,13,4
2025-02-17,22,M05,P01,L02,109,162,10,2
2025-02-17,22,M06,P01,L03,140,172,3,2
2025-02-17,22,M07,P03,L04,154,186,18,0
2025-02-17,22,M08,P03,L05,107,178,18,9
2025-02-17,22,M09,P01,L03,171,87,24,7
2025-02-17,22,M10,P01,L04,143,84,1,8
2025-02-17,23,M01,P05,L03,182,123,14,6
2025-02-17,23,M02,P05,L02,135,90,21,8
2025-02-17,23,M03,P05,L01,136,163,24,9
2025-02-17,23,M04,P02,L02,135,157,10,6
2025-02-17,23,M05,P04,L02,133,142,1,6
2025-02-17,23,M06,P02,L03,119,86,21,3
2025-02-17,23,M07,P05,L01,197,125,6,9
2025-02-17,23,M08,P02,L04,179,157,27,8
2025-02-17,23,M09,P01,L02,108,111,23,4
2025-02-17,23,M10,P01,L04,151,100,11,5
2025-02-17,24,M01,P02,L05,136,86,28,2
2025-02-17,24,M02,P04,L01,105,150,26,9
2025-02-17,24,M03,P01,L01,156,86,24,3
2025-02-17,24,M04,P02,L02,109,178,26,0
2025-02-17,24,M05,P02,L04,147,82,27,0
2025-02-17,24,M06,P03,L03,167,173,6,5
2025-02-17,24,M07,P03,L01,199,111,24,2
2025-02-17,24,M08,P02,L03,104,168,27,1
2025-02-17,24,M09,P04,L03,165,113,21,5
2025-02-17,24,M10,P02,L05,147,144,28,2
2025-02-18,1,M01,P01,L03,151,120,28,0
2025-02-18,1,M02,P01,L03,164,129,8,0
2025-02-18,1,M03,P02,L04,116,175,19,2
2025-02-18,1,M04,P02,L04,158,150,8,8
2025-02-18,1,M05,P01,L04,174,150,5,8
2025-02-18,1,M06,P01,L04,137,172,16,9
2025-02-18,1,M07,P05,L01,149,171,7,9
2025-02-18,1,M08,P05,L03,134,110,1,9
2025-02-18,1,M09,P04,L03,116,192,20,9
2025-02-18,1,M10,P04,L01,152,101,25,8
2025-02-18,2,M01,P04,L03,162,179,1,3
2025-02-18,2,M02,P04,L02,107,118,24,1
2025-02-18,2,M03,P01,L04,185,104,8,6
2025-02-18,2,M04,P02,L02,175,157,6,5
2025-02-18,2,M05,P03,L03,184,98,21,2
2025-02-18,2,M06,P02,L04,142,92,3,8
2025-02-18,2,M07,P05,L01,133,189,24,1
2025-02-18,2,M08,P03,L03,118,128,16,1
2025-02-18,2,M09,P05,L02,137,94,10,7
2025-02-18,2,M10,P04,L04,182,172,13,1
2025-02-18,3,M01,P05,L01,186,172,14,1
2025-02-18,3,M02,P04,L04,137,103,5,3
2025-02-18,3,M03,P01,L05,189,96,3,0
2025-02-18,3,M04,P03,L05,188,173,8,8
2025-02-18,3,M05,P01,L04,157,164,9,1
2025-02-18,3,M06,P01,L04,112,132,20,0
2025-02-18,3,M07,P05,L05,186,82,10,5
2025-02-18,3,M08,P01,L02,133,97,16,0
2025-02-18,3,M09,P04,L04,120,149,20,4
2025-02-18,3,M10,P01,L04,195,132,24,3
2025-02-18,4,M01,P05,L01,171,96,14,3
2025-02-18,4,M02,P05,L05,199,129,18,7
2025-02-18,4,M03,P01,L04,197,195,26,5
2025-02-18,4,M04,P03,L03,105,119,22,4
2025-02-18,4,M05,P03,L05,103,142,23,4
2025-02-18,4,M06,P01,L05,198,121,18,7
2025-02-18,4,M07,P05,L04,156,164,4,5
2025-02-18,4,M08,P03,L02,189,185,24,1
2025-02-18,4,M09,P04,L03,102,136,0,4
2025-02-18,4,M10,P03,L03,196,87,29,2
2025-02-18,5,M01,P05,L04,168,139,1,6
2025-02-18,5,M02,P02,L03,141,194,23,5
2025-02-18,5,M03,P03,L01,132,107,16,9
2025-02-18,5,M04,P02,L02,178,181,21,0
2025-02-18,5,M05,P05,L02,182,81,29,8
2025-02-18,5,M06,P01,L02,115,106,16,2
2025-02-18,5,M07,P05,L02,101,186,7,3
2025-02-18,5,M08,P02,L04,188,180,5,1
2025-02-18,5,M09,P02,L03,127,151,10,4
2025-02-18,5,M10,P01,L02,156,110,28,0
2025-02-18,6,M01,P02,L01,105,86,12,0
2025-02-18,6,M02,P03,L02,148,174,15,4
2025-02-18,6,M03,P03,L02,109,107,20,4
2025-02-18,6,M04,P02,L01,110,112,4,1
2025-02-18,6,M05,P05,L03,154,186,5,1
2025-02-18,6,M06,P01,L03,122,129,13,6
2025-02-18,6,M07,P01,L01,113,109,8,5
2025-02-18,6,M08,P01,L02,153,136,24,6
2025-02-18,6,M09,P03,L04,196,194,21,0
2025-02-18,6,M10,P04,L04,107,101,29,5
2025-02-18,7,M01,P04,L03,187,94,17,4
2025-02-18,7,M02,P04,L01,102,98,5,0
2025-02-18,7,M03,P05,L05,150,133,10,0
2025-02-18,7,M04,P05,L02,142,193,3,9
2025-02-18,7,M05,P02,L01,190,105,10,1
2025-02-18,7,M06,P04,L01,197,139,25,5
2025-02-18,7,M07,P03,L04,159,100,15,3
2025-02-18,7,M08,P05,L05,127,103,22,4
2025-02-18,7,M09,P03,L05,194,151,0,7
2025-02-18,7,M10,P01,L03,140,138,12,5
2025-02-18,8,M01,P05,L03,139,170,29,9
2025-02-18,8,M02,P03,L04,151,156,15,1
2025-02-18,8,M03,P01,L02,138,157,6,5
2025-02-18,8,M04,P02,L04,152,80,17,4
2025-02-18,8,M05,P05,L05,197,164,23,0
2025-02-18,8,M06,P05,L03,144,125,25,6
2025-02-18,8,M07,P05,L03,152,99,0,8
2025-02-18,8,M08,P03,L02,145,109,4,6
2025-02-18,8,M09,P02,L03,178,115,9,0
2025-02-18,8,M10,P05,L04,125,186,10,8
2025-02-18,9,M01,P01,L01,162,94,22,8
2025-02-18,9,M02,P04,L05,121,168,17,4
2025-02-18,9,M03,P05,L04,136,125,22,2
2025-02-18,9,M04,P05,L03,196,185,1,2
2025-02-18,9,M05,P05,L04,189,173,29,8
2025-02-18,9,M06,P04,L04,152,140,18,6
2025-02-18,9,M07,P01,L01,153,191,14,8
2025-02-18,9,M08,P02,L03,106,106,15,6
2025-02-18,9,M09,P03,L03,131,157,5,0
2025-02-18,9,M10,P02,L03,130,131,15,7
2025-02-18,10,M01,P02,L03,161,160,19,4
2025-02-18,10,M02,P01,L05,130,95,24,4
2025-02-18,10,M03,P05,L01,140,132,9,8
2025-02-18,10,M04,P01,L05,137,198,27,7
2025-02-18,10,M05,P02,L01,158,114,21,0
2025-02-18,10,M06,P05,L05,157,136,10,1
2025-02-18,10,M07,P01,L01,193,93,16,1
2025-02-18,10,M08,P02,L01,188,143,28,0
2025-02-18,10,M09,P02,L01,138,153,13,0
2025-02-18,10,M10,P02,L03,143,182,7,5
2025-02-18,11,M01,P01,L05,157,122,12,0
2025-02-18,11,M02,P01,L02,116,173,17,4
2025-02-18,11,M03,P01,L05,119,140,24,2
2025-02-18,11,M04,P01,L04,158,174,13,0
2025-02-18,11,M05,P04,L04,104,175,10,5
2025-02-18,11,M06,P04,L03,169,118,5,3
2025-02-18,11,M07,P01,L04,112,128,11,8
2025-02-18,11,M08,P04,L03,102,175,10,4
2025-02-18,11,M09,P01,L03,123,184,5,1
2025-02-18,11,M10,P02,L05,142,93,11,8
2025-02-18,12,M01,P02,L04,123,197,14,9
2025-02-18,12,M02,P02,L01,151,81,3,6
2025-02-18,12,M03,P05,L03,196,185,13,0
2025-02-18,12,M04,P03,L02,194,91,0,2
2025-02-18,12,M05,P05,L03,142,84,14,3
2025-02-18,12,M06,P04,L03,195,170,14,2
2025-02-18,12,M07,P05,L02,109,177,5,0
2025-02-18,12,M08,P05,L02,131,100,12,6
2025-02-18,12,M09,P04,L04,147,182,26,9
2025-02-18,12,M10,P02,L05,130,178,2,4
2025-02-18,13,M01,P03,L02,132,115,9,2
2025-02-18,13,M02,P03,L03,191,185,26,5
2025-02-18,13,M03,P01,L04,125,108,9,1
2025-02-18,13,M04,P02,L05,185,96,16,8
2025-02-18,13,M05,P05,L02,172,123,11,7
2025-02-18,13,M06,P01,L01,106,99,23,6
2025-02-18,13,M07,P01,L04,171,98,20,2
2025-02-18,13,M08,P04,L03,124,96,6,8
2025-02-18,13,M09,P03,L03,165,95,20,9
2025-02-18,13,M10,P02,L05,109,81,26,5
2025-02-18,14,M01,P02,L02,113,160,18,0
2025-02-18,14,M02,P02,L04,128,190,27,6
2025-02-18,14,M03,P04,L04,170,188,0,2
2025-02-18,14,M04,P01,L05,197,80,11,8
2025-02-18,14,M05,P02,L01,165,112,4,6
2025-02-18,14,M06,P04,L02,122,189,8,5
2025-02-18,14,M07,P04,L04,163,103,28,8
2025-02-18,14,M08,P02,L04,197,108,22,1
2025-02-18,14,M09,P01,L03,119,196,20,1
2025-02-18,14,M10,P03,L05,173,96,2,4
2025-02-18,15,M01,P01,L01,131,127,5,1
2025-02-18,15,M02,P02,L04,169,160,20,9
2025-02-18,15,M03,P01,L02,124,117,0,9
2025-02-18,15,M04,P04,L01,172,92,6,8
2025-02-18,15,M05,P05,L01,198,167,2,7
2025-02-18,15,M06,P04,L03,127,123,29,3
2025-02-18,15,M07,P02,L05,158,147,22,3
2025-02-18,15,M08,P01,L03,152,167,21,3
2025-02-18,15,M09,P05,L04,116,143,25,0
2025-02-18,15,M10,P04,L03,114,83,17,8
2025-02-18,16,M01,P03,L03,181,160,9,8
2025-02-18,16,M02,P05,L05,146,195,17,4
2025-02-18,16,M03,P03,L03,104,129,27,2
2025-02-18,16,M04,P05,L01,101,162,12,3
2025-02-18,16,M05,P02,L02,144,116,22,8
2025-02-18,16,M06,P02,L01,160,197,5,0
2025-02-18,16,M07,P03,L02,139,117,12,0
2025-02-18,16,M08,P05,L02,109,181,25,6
2025-02-18,16,M09,P03,L02,183,102,12,5
2025-02-18,16,M10,P05,L03,185,113,0,4
2025-02-18,17,M01,P02,L03,193,155,9,8
2025-02-18,17,M02,P01,L02,135,83,25,4
2025-02-18,17,M03,P05,L05,193,117,11,6
2025-02-18,17,M04,P03,L01,101,101,29,8
2025-02-18,17,M05,P04,L03,102,102,3,5
2025-02-18,17,M06,P05,L01,106,156,0,7
2025-02-18,17,M07,P04,L02,109,198,27,5
2025-02-18,17,M08,P05,L04,147,158,12,6
2025-02-18,17,M09,P05,L05,195,175,26,6
2025-02-18,17,M10,P04,L03,186,180,22,6
2025-02-18,18,M01,P02,L03,119,94,9,3
2025-02-18,18,M02,P03,L05,148,150,10,5
2025-02-18,18,M03,P01,L02,193,175,29,7
2025-02-18,18,M04,P05,L05,106,103,22,9
2025-02-18,18,M05,P05,L04,164,85,26,0
2025-02-18,18,M06,P04,L04,169,172,29,6
2025-02-18,18,M07,P04,L05,173,134,6,9
2025-02-18,18,M08,P04,L02,154,184,15,7
2025-02-18,18,M09,P05,L02,110,167,18,3
2025-02-18,18,M10,P04,L03,142,160,8,8
2025-02-18,19,M01,P02,L01,154,124,0,5
2025-02-18,19,M02,P04,L02,126,90,9,7
2025-02-18,19,M03,P01,L03,178,176,24,2
2025-02-18,19,M04,P04,L02,139,180,12,0
2025-02-18,19,M05,P02,L01,106,81,24,5
2025-02-18,19,M06,P04,L04,144,125,19,2
2025-02-18,19,M07,P02,L01,156,95,18,3
2025-02-18,19,M08,P03,L01,105,123,14,4
2025-02-18,19,M09,P05,L05,145,106,18,1
2025-02-18,19,M10,P05,L02,140,195,25,5
2025-02-18,20,M01,P05,L01,170,109,20,8
2025-02-18,20,M02,P03,L02,136,193,27,5
2025-02-18,20,M03,P03,L02,120,180,9,7
2025-02-18,20,M04,P04,L01,189,80,20,3
2025-02-18,20,M05,P03,L05,177,103,26,7
2025-02-18,20,M06,P04,L01,138,156,19,5
2025-02-18,20,M07,P04,L04,168,84,16,5
2025-02-18,20,M08,P05,L02,152,93,9,5
2025-02-18,20,M09,P01,L05,168,145,3,1
2025-02-18,20,M10,P05,L05,108,115,4,8
2025-02-18,21,M01,P02,L01,127,106,13,0
2025-02-18,21,M02,P02,L03,196,117,7,3
2025-02-18,21,M03,P04,L03,130,153,16,8
2025-02-18,21,M04,P05,L02,198,189,13,2
2025-02-18,21,M05,P02,L05,167,131,17,3
2025-02-18,21,M06,P03,L02,178,154,22,4
2025-02-18,21,M07,P04,L02,149,80,12,0
2025-02-18,21,M08,P05,L05,136,102,16,4
2025-02-18,21,M09,P02,L02,163,96,6,2
2025-02-18,21,M10,P01,L03,163,142,20,4
2025-02-18,22,M01,P01,L05,192,121,12,0
2025-02-18,22,M02,P02,L05,169,168,2,0
2025-02-18,22,M03,P03,L04,142,183,24,5
2025-02-18,22,M04,P04,L05,143,197,5,8
2025-02-18,22,M05,P01,L01,159,81,0,1
2025-02-18,22,M06,P05,L03,113,124,1,5
2025-02-18,22,M07,P05,L04,109,88,17,2
2025-02-18,22,M08,P01,L02,146,97,16,8
2025-02-18,22,M09,P03,L03,188,134,15,8
2025-02-18,22,M10,P04,L05,198,138,8,4
2025-02-18,23,M01,P03,L01,121,124,1,2
2025-02-18,23,M02,P04,L02,181,84,25,3
2025-02-18,23,M03,P04,L03,160,87,29,5
2025-02-18,23,M04,P02,L02,144,144,4,6
2025-02-18,23,M05,P04,L05,103,116,10,9
2025-02-18,23,M06,P01,L05,125,182,26,1
2025-02-18,23,M07,P02,L01,193,151,1,5
2025-02-18,23,M08,P02,L05,192,148,13,2
2025-02-18,23,M09,P05,L01,151,173,23,2
2025-02-18,23,M10,P05,L05,150,81,20,7
2025-02-18,24,M01,P05,L01,134,123,2,7
2025-02-18,24,M02,P01,L03,179,110,0,0
2025-02-18,24,M03,P04,L05,134,192,22,0
2025-02-18,24,M04,P02,L02,177,143,19,7
2025-02-18,24,M05,P01,L03,153,193,0,4
2025-02-18,24,M06,P04,L01,179,135,29,1
2025-02-18,24,M07,P02,L04,192,190,4,0
2025-02-18,24,M08,P01,L05,169,166,0,9
2025-02-18,24,M09,P02,L04,150,136,7,9
2025-02-18,24,M10,P01,L05,157,155,5,6
2025-02-19,1,M01,P01,L05,154,134,12,5
2025-02-19,1,M02,P05,L03,121,184,10,9
2025-02-19,1,M03,P03,L03,190,86,22,4
2025-02-19,1,M04,P03,L03,133,90,5,4
2025-02-19,1,M05,P04,L04,104,135,4,8
2025-02-19,1,M06,P02,L02,197,94,8,1
2025-02-19,1,M07,P04,L03,187,113,1,2
2025-02-19,1,M08,P02,L03,120,176,6,7
2025-02-19,1,M09,P04,L04,154,168,6,1
2025-02-19,1,M10,P02,L02,173,153,5,7
2025-02-19,2,M01,P02,L04,158,124,25,2
2025-02-19,2,M02,P01,L01,110,129,25,5
2025-02-19,2,M03,P03,L02,100,120,27,6
2025-02-19,2,M04,P01,L01,192,168,10,9
2025-02-19,2,M05,P02,L03,149,123,13,7
2025-02-19,2,M06,P04,L01,149,174,20,6
2025-02-19,2,M07,P04,L04,124,171,14,3
2025-02-19,2,M08,P04,L03,121,126,5,2
2025-02-19,2,M09,P02,L02,174,144,27,5
2025-02-19,2,M10,P05,L01,146,139,17,3
2025-02-19,3,M01,P04,L04,140,161,25,5
2025-02-19,3,M02,P01,L01,116,172,12,7
2025-02-19,3,M03,P01,L05,132,128,9,6
2025-02-19,3,M04,P05,L02,162,90,2,8
2025-02-19,3,M05,P04,L02,165,112,8,2
2025-02-19,3,M06,P01,L01,143,132,15,3
2025-02-19,3,M07,P02,L03,113,114,13,0
2025-02-19,3,M08,P01,L05,160,172,7,4
2025-02-19,3,M09,P03,L02,177,157,17,9
2025-02-19,3,M10,P04,L02,191,147,6,1
2025-02-19,4,M01,P04,L01,111,102,9,0
2025-02-19,4,M02,P05,L05,169,110,8,7
2025-02-19,4,M03,P03,L02,166,175,12,2
2025-02-19,4,M04,P04,L05,163,149,17,1
2025-02-19,4,M05,P01,L04,196,160,4,8
2025-02-19,4,M06,P05,L04,105,189,8,9
2025-02-19,4,M07,P01,L01,141,157,15,1
2025-02-19,4,M08,P04,L05,120,110,14,4
2025-02-19,4,M09,P05,L03,154,137,23,8
2025-02-19,4,M10,P02,L05,101,116,4,4
2025-02-19,5,M01,P03,L04,176,146,8,3
2025-02-19,5,M02,P01,L04,174,134,18,9
2025-02-19,5,M03,P04,L03,154,109,7,9
2025-02-19,5,M04,P05,L05,144,143,1,1
2025-02-19,5,M05,P03,L04,105,101,24,6
2025-02-19,5,M06,P04,L05,108,185,26,4
2025-02-19,5,M07,P05,L05,129,163,5,0
2025-02-19,5,M08,P01,L02,185,181,9,3
2025-02-19,5,M09,P01,L05,101,146,9,7
2025-02-19,5,M10,P04,L01,120,194,0,1
2025-02-19,6,M01,P04,L04,188,141,11,1
2025-02-19,6,M02,P05,L02,175,193,13,9
2025-02-19,6,M03,P04,L05,136,134,3,1
2025-02-19,6,M04,P02,L01,180,187,11,6
2025-02-19,6,M05,P03,L04,164,155,28,7
2025-02-19,6,M06,P04,L04,133,115,22,3
2025-02-19,6,M07,P03,L05,158,82,9,0
2025-02-19,6,M08,P05,L01,197,101,17,5
2025-02-19,6,M09,P02,L01,178,144,22,7
2025-02-19,6,M10,P04,L02,143,174,29,3
2025-02-19,7,M01,P01,L04,196,153,28,6
2025-02-19,7,M02,P03,L03,127,170,26,2
2025-02-19,7,M03,P03,L03,161,93,17,5
2025-02-19,7,M04,P01,L02,156,120,26,9
2025-02-19,7,M05,P04,L01,167,137,23,2
2025-02-19,7,M06,P03,L01,102,187,18,8
2025-02-19,7,M07,P03,L03,179,136,19,5
2025-02-19,7,M08,P03,L01,149,106,29,2
2025-02-19,7,M09,P03,L02,189,94,2,4
2025-02-19,7,M10,P01,L04,100,154,22,8
2025-02-19,8,M01,P03,L01,126,172,17,6
2025-02-19,8,M02,P04,L05,156,182,17,6
2025-02-19,8,M03,P03,L04,127,125,20,2
2025-02-19,8,M04,P02,L03,148,147,21,1
2025-02-19,8,M05,P03,L02,152,114,8,6
2025-02-19,8,M06,P05,L05,164,136,29,1
2025-02-19,8,M07,P01,L02,149,176,15,8
2025-02-19,8,M08,P02,L03,160,81,25,1
2025-02-19,8,M09,P03,L02,116,103,1,5
2025-02-19,8,M10,P01,L02,148,136,23,5
2025-02-19,9,M01,P05,L04,115,85,1,2
2025-02-19,9,M02,P03,L01,128,111,9,6
2025-02-19,9,M03,P05,L03,176,99,27,8
2025-02-19,9,M04,P05,L04,114,124,12,9
2025-02-19,9,M05,P02,L04,170,114,0,6
2025-02-19,9,M06,P03,L05,130,159,0,4
2025-02-19,9,M07,P01,L02,185,171,4,3
2025-02-19,9,M08,P05,L01,151,117,12,7
2025-02-19,9,M09,P05,L05,103,133,27,1
2025-02-19,9,M10,P04,L03,181,159,15,8
2025-02-19,10,M01,P05,L02,153,194,27,5
2025-02-19,10,M02,P05,L04,139,114,23,2
2025-02-19,10,M03,P03,L05,133,181,6,7
2025-02-19,10,M04,P04,L05,149,173,13,7
2025-02-19,10,M05,P02,L04,135,158,2,3
2025-02-19,10,M06,P03,L04,154,128,14,8
2025-02-19,10,M07,P03,L05,186,134,23,9
2025-02-19,10,M08,P05,L04,124,81,5,2
2025-02-19,10,M09,P04,L04,170,136,12,7
2025-02-19,10,M10,P04,L04,105,109,22,3
2025-02-19,11,M01,P02,L04,166,89,5,1
2025-02-19,11,M02,P03,L05,199,183,2,7
2025-02-19,11,M03,P01,L03,167,122,7,1
2025-02-19,11,M04,P04,L03,116,159,6,1
2025-02-19,11,M05,P01,L05,176,155,18,5
2025-02-19,11,M06,P04,L04,170,191,21,1
2025-02-19,11,M07,P05,L02,103,196,8,2
2025-02-19,11,M08,P05,L04,101,82,12,4
2025-02-19,11,M09,P02,L05,112,93,8,7
2025-02-19,11,M10,P01,L01,190,166,6,9
2025-02-19,12,M01,P01,L01,153,114,23,0
2025-02-19,12,M02,P03,L02,183,153,17,4
2025-02-19,12,M03,P04,L04,154,106,0,3
2025-02-19,12,M04,P04,L03,105,137,5,0
2025-02-19,12,M05,P01,L03,160,96,16,2
2025-02-19,12,M06,P04,L02,167,166,26,1
2025-02-19,12,M07,P05,L02,159,123,14,6
2025-02-19,12,M08,P01,L04,134,89,7,5
2025-02-19,12,M09,P03,L05,189,152,8,3
2025-02-19,12,M10,P05,L05,189,187,21,4
2025-02-19,13,M01,P02,L04,103,150,18,2
2025-02-19,13,M02,P03,L03,131,93,16,4
2025-02-19,13,M03,P04,L01,148,163,21,4
2025-02-19,13,M04,P01,L02,103,91,25,4
2025-02-19,13,M05,P03,L04,189,94,7,5
2025-02-19,13,M06,P04,L03,166,149,25,7
2025-02-19,13,M07,P01,L05,115,197,16,3
2025-02-19,13,M08,P03,L02,138,129,12,3
2025-02-19,13,M09,P02,L05,179,168,17,5
2025-02-19,13,M10,P04,L04,122,142,21,7
2025-02-19,14,M01,P02,L05,172,145,5,9
2025-02-19,14,M02,P04,L04,190,134,24,4
2025-02-19,14,M03,P02,L01,137,125,10,0
2025-02-19,14,M04,P04,L04,118,141,23,5
2025-02-19,14,M05,P03,L01,183,144,29,3
2025-02-19,14,M06,P01,L04,120,98,1,5
2025-02-19,14,M07,P03,L04,102,112,8,6
2025-02-19,14,M08,P03,L01,100,119,17,2
2025-02-19,14,M09,P04,L01,110,180,12,2
2025-02-19,14,M10,P04,L05,159,171,25,5
2025-02-19,15,M01,P04,L02,160,145,24,1
2025-02-19,15,M02,P05,L05,174,124,14,3
2025-02-19,15,M03,P02,L05,133,97,20,3
2025-02-19,15,M04,P03,L04,156,151,19,6
2025-02-19,15,M05,P03,L02,193,115,3,6
2025-02-19,15,M06,P01,L01,180,171,29,6
2025-02-19,15,M07,P02,L04,123,196,0,1
2025-02-19,15,M08,P03,L02,181,188,6,1
2025-02-19,15,M09,P04,L04,180,109,29,4
2025-02-19,15,M10,P01,L05,135,195,21,1
2025-02-19,16,M01,P04,L02,141,120,15,4
2025-02-19,16,M02,P01,L03,100,167,0,9
2025-02-19,16,M03,P03,L05,143,160,16,6
2025-02-19,16,M04,P04,L01,194,197,1,9
2025-02-19,16,M05,P02,L05,141,138,10,9
2025-02-19,16,M06,P05,L03,141,87,10,3
2025-02-19,16,M07,P03,L03,170,139,20,4
2025-02-19,16,M08,P05,L04,112,128,8,3
2025-02-19,16,M09,P01,L05,150,151,26,7
2025-02-19,16,M10,P02,L01,114,118,5,7
2025-02-19,17,M01,P02,L03,189,121,23,2
2025-02-19,17,M02,P02,L05,140,80,9,9
2025-02-19,17,M03,P01,L02,136,136,24,3
2025-02-19,17,M04,P02,L02,188,83,18,2
2025-02-19,17,M05,P04,L05,165,116,17,6
2025-02-19,17,M06,P03,L03,187,102,3,1
2025-02-19,17,M07,P05,L04,134,106,10,2
2025-02-19,17,M08,P05,L05,151,96,18,2
2025-02-19,17,M09,P04,L01,134,99,16,3
2025-02-19,17,M10,P02,L02,129,149,1,8
2025-02-19,18,M01,P04,L02,183,95,27,0
2025-02-19,18,M02,P03,L05,164,92,7,2
2025-02-19,18,M03,P04,L02,145,169,20,2
2025-02-19,18,M04,P03,L03,158,144,0,1
2025-02-19,18,M05,P02,L05,153,145,3,5
2025-02-19,18,M06,P04,L02,116,191,15,8
2025-02-19,18,M07,P02,L02,170,152,22,0
2025-02-19,18,M08,P01,L03,192,103,15,3
2025-02-19,18,M09,P03,L05,173,105,27,1
2025-02-19,18,M10,P02,L03,124,188,3,1
2025-02-19,19,M01,P02,L03,170,199,28,8
2025-02-19,19,M02,P04,L04,132,145,17,6
2025-02-19,19,M03,P01,L03,182,87,20,4
2025-02-19,19,M04,P05,L02,158,107,20,7
2025-02-19,19,M05,P04,L03,154,115,29,5
2025-02-19,19,M06,P01,L05,153,148,28,0
2025-02-19,19,M07,P03,L05,180,194,3,0
2025-02-19,19,M08,P02,L04,122,129,10,3
2025-02-19,19,M09,P01,L04,187,161,26,8
2025-02-19,19,M10,P03,L01,196,119,5,3
2025-02-19,20,M01,P05,L03,125,113,12,4
2025-02-19,20,M02,P03,L04,173,111,20,6
2025-02-19,20,M03,P01,L03,170,121,2,1
2025-02-19,20,M04,P02,L04,175,131,16,5
2025-02-19,20,M05,P04,L01,102,101,21,3
2025-02-19,20,M06,P02,L03,180,106,21,2
2025-02-19,20,M07,P05,L03,116,140,17,2
2025-02-19,20,M08,P01,L01,164,106,13,3
2025-02-19,20,M09,P05,L04,149,175,28,0
2025-02-19,20,M10,P01,L04,120,103,13,2
2025-02-19,21,M01,P04,L04,121,147,15,4
2025-02-19,21,M02,P05,L04,110,199,27,4
2025-02-19,21,M03,P04,L04,121,163,1,4
2025-02-19,21,M04,P01,L01,116,115,13,4
2025-02-19,21,M05,P02,L04,184,156,5,4
2025-02-19,21,M06,P05,L02,131,150,29,5
2025-02-19,21,M07,P01,L02,129,167,29,4
2025-02-19,21,M08,P03,L04,108,134,0,2
2025-02-19,21,M09,P04,L05,182,188,21,1
2025-02-19,21,M10,P04,L04,184,140,3,3
2025-02-19,22,M01,P04,L04,144,179,13,4
2025-02-19,22,M02,P01,L02,173,97,18,1
2025-02-19,22,M03,P03,L03,110,125,15,9
2025-02-19,22,M04,P03,L01,107,119,6,3
2025-02-19,22,M05,P05,L04,127,107,26,9
2025-02-19,22,M06,P02,L04,140,190,21,0
2025-02-19,22,M07,P05,L01,171,185,25,6
2025-02-19,22,M08,P05,L03,170,109,4,7
2025-02-19,22,M09,P01,L05,171,86,6,1
2025-02-19,22,M10,P04,L03,127,187,18,2
2025-02-19,23,M01,P04,L04,189,181,5,2
2025-02-19,23,M02,P05,L03,108,198,8,1
2025-02-19,23,M03,P02,L02,196,161,21,9
2025-02-19,23,M04,P03,L03,162,184,10,1
2025-02-19,23,M05,P05,L03,118,192,17,5
2025-02-19,23,M06,P01,L02,110,110,1,9
2025-02-19,23,M07,P01,L05,145,174,10,9
2025-02-19,23,M08,P05,L04,136,180,13,9
2025-02-19,23,M09,P01,L01,168,149,23,6
2025-02-19,23,M10,P03,L04,151,92,18,7
2025-02-19,24,M01,P05,L01,171,129,29,2
2025-02-19,24,M02,P01,L04,143,156,3,9
2025-02-19,24,M03,P05,L04,191,123,15,6
2025-02-19,24,M04,P05,L05,101,102,15,5
2025-02-19,24,M05,P01,L03,101,161,12,7
2025-02-19,24,M06,P03,L02,180,167,20,0
2025-02-19,24,M07,P03,L02,196,85,11,9
2025-02-19,24,M08,P02,L03,165,175,16,0
2025-02-19,24,M09,P05,L04,135,117,23,1
2025-02-19,24,M10,P02,L01,144,105,29,5
2025-02-20,1,M01,P04,L03,161,193,16,4
2025-02-20,1,M02,P05,L01,105,165,0,0
2025-02-20,1,M03,P02,L04,147,178,26,5
2025-02-20,1,M04,P05,L02,162,80,10,9
2025-02-20,1,M05,P04,L02,140,185,19,6
2025-02-20,1,M06,P05,L03,121,191,24,5
2025-02-20,1,M07,P01,L02,142,113,17,1
2025-02-20,1,M08,P04,L03,107,112,0,3
2025-02-20,1,M09,P05,L02,182,89,17,9
2025-02-20,1,M10,P01,L01,129,84,18,9
2025-02-20,2,M01,P04,L01,116,97,1,0
2025-02-20,2,M02,P04,L04,138,153,14,0
2025-02-20,2,M03,P03,L03,125,155,2,8
2025-02-20,2,M04,P05,L05,193,84,16,9
2025-02-20,2,M05,P01,L02,181,104,8,4
2025-02-20,2,M06,P05,L04,165,197,12,8
2025-02-20,2,M07,P02,L05,183,149,10,8
2025-02-20,2,M08,P02,L02,194,122,3,8
2025-02-20,2,M09,P03,L04,140,140,27,4
2025-02-20,2,M10,P03,L01,107,100,4,1
2025-02-20,3,M01,P03,L01,195,89,11,2
2025-02-20,3,M02,P04,L02,130,90,1,4
2025-02-20,3,M03,P05,L02,144,126,24,8
2025-02-20,3,M04,P04,L03,119,163,8,3
2025-02-20,3,M05,P05,L04,185,103,11,0
2025-02-20,3,M06,P01,L05,125,179,7,8
2025-02-20,3,M07,P05,L01,109,129,27,6
2025-02-20,3,M08,P03,L03,104,158,27,4
2025-02-20,3,M09,P02,L04,107,138,0,2
2025-02-20,3,M10,P03,L04,140,89,1,3
2025-02-20,4,M01,P04,L03,106,100,27,4
2025-02-20,4,M02,P02,L04,187,165,4,0
2025-02-20,4,M03,P05,L02,142,136,10,5
2025-02-20,4,M04,P04,L01,154,191,27,2
2025-02-20,4,M05,P03,L03,160,119,21,1
2025-02-20,4,M06,P04,L03,114,165,13,6
2025-02-20,4,M07,P03,L04,193,165,6,7
2025-02-20,4,M08,P04,L03,136,197,0,8
2025-02-20,4,M09,P02,L03,138,154,10,3
2025-02-20,4,M10,P02,L04,114,143,22,8
2025-02-20,5,M01,P03,L01,125,124,27,5
2025-02-20,5,M02,P05,L03,116,125,20,3
2025-02-20,5,M03,P04,L04,170,95,13,4
2025-02-20,5,M04,P03,L01,129,158,24,7
2025-02-20,5,M05,P02,L02,174,101,13,3
2025-02-20,5,M06,P05,L03,123,157,19,2
2025-02-20,5,M07,P05,L03,160,137,2,8
2025-02-20,5,M08,P04,L04,109,163,17,7
2025-02-20,5,M09,P03,L04,160,98,16,7
2025-02-20,5,M10,P03,L05,104,180,12,3
2025-02-20,6,M01,P04,L05,113,196,27,4
2025-02-20,6,M02,P03,L01,137,172,24,7
2025-02-20,6,M03,P02,L03,105,109,28,1
2025-02-20,6,M04,P03,L03,112,128,20,7
2025-02-20,6,M05,P05,L01,171,152,15,8
2025-02-20,6,M06,P03,L01,181,92,2,1
2025-02-20,6,M07,P03,L03,129,139,2,8
2025-02-20,6,M08,P05,L02,194,84,20,0
2025-02-20,6,M09,P02,L02,127,93,17,8
2025-02-20,6,M10,P01,L04,124,149,4,4
2025-02-20,7,M01,P03,L05,156,193,19,4
2025-02-20,7,M02,P03,L03,124,109,1,3
2025-02-20,7,M03,P05,L04,101,191,11,3
2025-02-20,7,M04,P03,L03,145,188,26,5
2025-02-20,7,M05,P01,L04,198,135,11,2
2025-02-20,7,M06,P05,L02,122,176,13,0
2025-02-20,7,M07,P02,L03,111,92,26,3
2025-02-20,7,M08,P05,L03,197,85,7,4
2025-02-20,7,M09,P05,L05,169,184,11,9
2025-02-20,7,M10,P01,L03,109,104,15,2
2025-02-20,8,M01,P03,L02,167,119,0,3
2025-02-20,8,M02,P03,L04,190,116,28,9
2025-02-20,8,M03,P01,L03,139,122,18,3
2025-02-20,8,M04,P02,L05,189,170,21,8
2025-02-20,8,M05,P01,L04,121,155,5,5
2025-02-20,8,M06,P02,L03,182,131,5,9
2025-02-20,8,M07,P01,L01,192,102,16,4
2025-02-20,8,M08,P03,L02,107,133,13,2
2025-02-20,8,M09,P02,L02,151,168,16,4
2025-02-20,8,M10,P04,L01,174,127,6,5
2025-02-20,9,M01,P04,L05,173,173,10,6
2025-02-20,9,M02,P05,L02,113,152,21,5
2025-02-20,9,M03,P05,L03,121,140,17,5
2025-02-20,9,M04,P02,L01,156,164,14,8
2025-02-20,9,M05,P02,L02,101,93,20,1
2025-02-20,9,M06,P04,L05,178,182,11,6
2025-02-20,9,M07,P05,L05,127,177,24,1
2025-02-20,9,M08,P01,L03,133,125,14,7
2025-02-20,9,M09,P04,L05,118,126,5,8
2025-02-20,9,M10,P02,L02,198,120,22,4
2025-02-20,10,M01,P05,L03,173,122,5,2
2025-02-20,10,M02,P02,L02,175,103,23,5
2025-02-20,10,M03,P02,L02,192,111,15,9
2025-02-20,10,M04,P05,L01,105,181,11,8
2025-02-20,10,M05,P03,L04,190,146,23,1
2025-02-20,10,M06,P05,L02,100,176,29,2
2025-02-20,10,M07,P04,L02,187,86,16,0
2025-02-20,10,M08,P01,L04,164,142,25,0
2025-02-20,10,M09,P03,L03,109,145,15,9
2025-02-20,10,M10,P05,L02,155,179,29,8
2025-02-20,11,M01,P04,L05,164,170,11,7
2025-02-20,11,M02,P05,L01,140,89,29,7
2025-02-20,11,M03,P03,L01,136,182,27,7
2025-02-20,11,M04,P05,L01,134,134,5,0
2025-02-20,11,M05,P02,L03,120,100,16,3
2025-02-20,11,M06,P01,L04,172,126,4,6
2025-02-20,11,M07,P02,L03,164,95,27,1
2025-02-20,11,M08,P04,L05,179,197,15,2
2025-02-20,11,M09,P05,L02,186,199,24,9
2025-02-20,11,M10,P02,L05,166,174,0,0
2025-02-20,12,M01,P04,L03,163,169,11,7
2025-02-20,12,M02,P04,L05,145,90,5,8
2025-02-20,12,M03,P03,L03,133,178,20,1
2025-02-20,12,M04,P04,L02,147,157,18,3
2025-02-20,12,M05,P02,L04,127,155,25,9
2025-02-20,12,M06,P03,L01,132,93,7,6
2025-02-20,12,M07,P05,L02,175,121,3,8
2025-02-20,12,M08,P05,L04,139,194,21,5
2025-02-20,12,M09,P03,L01,198,172,13,4
2025-02-20,12,M10,P05,L05,169,80,12,8
2025-02-20,13,M01,P03,L04,186,119,3,9
2025-02-20,13,M02,P04,L04,161,150,27,9
2025-02-20,13,M03,P03,L01,112,131,8,6
2025-02-20,13,M04,P02,L01,130,176,14,3
2025-02-20,13,M05,P05,L04,131,132,27,0
2025-02-20,13,M06,P01,L04,191,98,24,9
2025-02-20,13,M07,P05,L02,163,97,3,1
2025-02-20,13,M08,P03,L04,115,93,29,6
2025-02-20,13,M09,P02,L05,169,141,10,8
2025-02-20,13,M10,P03,L03,130,130,16,8
2025-02-20,14,M01,P01,L03,179,123,26,1
2025-02-20,14,M02,P03,L04,171,193,15,5
2025-02-20,14,M03,P05,L02,115,198,28,9
2025-02-20,14,M04,P03,L03,195,103,18,9
2025-02-20,14,M05,P01,L01,193,173,6,4
2025-02-20,14,M06,P01,L02,193,177,28,5
2025-02-20,14,M07,P05,L02,160,174,27,7
2025-02-20,14,M08,P04,L05,145,197,28,4
2025-02-20,14,M09,P04,L02,121,136,24,7
2025-02-20,14,M10,P01,L02,188,180,26,2
2025-02-20,15,M01,P02,L01,109,115,9,1
2025-02-20,15,M02,P05,L05,116,157,25,2
2025-02-20,15,M03,P02,L02,115,168,10,0
2025-02-20,15,M04,P03,L02,181,175,13,0
2025-02-20,15,M05,P05,L01,174,172,5,6
2025-02-20,15,M06,P04,L03,114,90,6,7
2025-02-20,15,M07,P03,L02,136,128,24,7
2025-02-20,15,M08,P04,L03,164,189,16,5
2025-02-20,15,M09,P04,L01,136,178,21,7
2025-02-20,15,M10,P03,L04,173,157,2,0
2025-02-20,16,M01,P04,L04,168,121,6,4
2025-02-20,16,M02,P02,L05,100,147,10,9
2025-02-20,16,M03,P03,L05,141,173,17,8
2025-02-20,16,M04,P04,L01,126,91,23,1
2025-02-20,16,M05,P02,L02,137,145,16,9
2025-02-20,16,M06,P02,L02,184,189,21,2
2025-02-20,16,M07,P02,L02,198,147,20,4
2025-02-20,16,M08,P02,L04,190,86,28,7
2025-02-20,16,M09,P01,L04,155,168,16,4
2025-02-20,16,M10,P02,L02,143,186,6,6
2025-02-20,17,M01,P01,L03,127,121,26,4
2025-02-20,17,M02,P04,L04,133,108,12,7
2025-02-20,17,M03,P05,L05,102,157,22,8
2025-02-20,17,M04,P01,L05,149,100,10,9
2025-02-20,17,M05,P01,L02,135,162,21,7
2025-02-20,17,M06,P05,L05,176,149,27,1
2025-02-20,17,M07,P05,L05,198,199,3,1
2025-02-20,17,M08,P03,L03,101,177,2,6
2025-02-20,17,M09,P01,L02,141,85,26,0
2025-02-20,17,M10,P04,L03,151,140,15,7
2025-02-20,18,M01,P03,L02,196,149,17,2
2025-02-20,18,M02,P04,L03,104,173,2,6
2025-02-20,18,M03,P01,L04,121,188,12,2
2025-02-20,18,M04,P02,L01,150,107,25,1
2025-02-20,18,M05,P01,L03,124,138,12,1
2025-02-20,18,M06,P01,L04,145,117,12,0
2025-02-20,18,M07,P04,L05,121,106,26,4
2025-02-20,18,M08,P03,L05,146,129,22,9
2025-02-20,18,M09,P05,L04,140,176,28,2
2025-02-20,18,M10,P02,L05,157,184,28,0
2025-02-20,19,M01,P04,L03,106,195,10,1
2025-02-20,19,M02,P02,L02,132,198,13,8
2025-02-20,19,M03,P02,L04,138,173,23,2
2025-02-20,19,M04,P01,L04,199,149,23,9
2025-02-20,19,M05,P01,L02,186,96,3,4
2025-02-20,19,M06,P02,L02,144,99,26,9
2025-02-20,19,M07,P04,L03,164,187,12,9
2025-02-20,19,M08,P03,L04,143,181,12,4
2025-02-20,19,M09,P04,L05,133,142,25,5
2025-02-20,19,M10,P04,L04,155,144,25,7
2025-02-20,20,M01,P01,L05,111,168,25,3
2025-02-20,20,M02,P01,L02,123,151,26,6
2025-02-20,20,M03,P05,L05,130,142,10,2
2025-02-20,20,M04,P02,L03,155,139,10,7
2025-02-20,20,M05,P01,L02,100,98,0,7
2025-02-20,20,M06,P04,L01,187,182,19,0
2025-02-20,20,M07,P03,L04,144,178,23,7
2025-02-20,20,M08,P02,L04,122,176,19,6
2025-02-20,20,M09,P04,L04,130,138,6,0
2025-02-20,20,M10,P04,L05,115,88,6,6
2025-02-20,21,M01,P02,L05,130,140,12,6
2025-02-20,21,M02,P03,L01,163,81,5,1
2025-02-20,21,M03,P02,L01,175,99,8,9
2025-02-20,21,M04,P03,L03,153,108,15,5
2025-02-20,21,M05,P02,L05,121,151,7,6
2025-02-20,21,M06,P04,L05,100,124,21,7
2025-02-20,21,M07,P04,L03,195,86,18,4
2025-02-20,21,M08,P03,L04,156,120,6,3
2025-02-20,21,M09,P04,L05,102,152,4,7
2025-02-20,21,M10,P01,L03,131,176,17,3
2025-02-20,22,M01,P01,L02,128,182,14,1
2025-02-20,22,M02,P03,L03,194,83,28,5
2025-02-20,22,M03,P01,L02,166,81,11,3
2025-02-20,22,M04,P04,L05,143,141,29,2
2025-02-20,22,M05,P04,L03,130,141,14,2
2025-02-20,22,M06,P04,L03,106,147,0,8
2025-02-20,22,M07,P01,L05,193,152,25,5
2025-02-20,22,M08,P05,L04,196,94,15,1
2025-02-20,22,M09,P02,L01,190,127,14,2
2025-02-20,22,M10,P01,L02,131,114,16,8
2025-02-20,23,M01,P05,L05,134,124,7,7
2025-02-20,23,M02,P04,L01,188,161,6,9
2025-02-20,23,M03,P02,L01,167,169,10,6
2025-02-20,23,M04,P03,L03,131,99,23,2
2025-02-20,23,M05,P01,L02,159,135,14,7
2025-02-20,23,M06,P04,L01,175,130,23,0
2025-02-20,23,M07,P01,L02,135,121,2,9
2025-02-20,23,M08,P01,L02,175,139,27,4
2025-02-20,23,M09,P01,L03,123,99,25,4
2025-02-20,23,M10,P04,L03,139,150,18,5
2025-02-20,24,M01,P05,L02,196,182,18,4
2025-02-20,24,M02,P03,L05,168,180,10,6
2025-02-20,24,M03,P01,L02,174,131,4,6
2025-02-20,24,M04,P01,L01,110,155,9,3
2025-02-20,24,M05,P01,L03,119,84,14,7
2025-02-20,24,M06,P04,L02,177,98,9,7
2025-02-20,24,M07,P02,L04,184,194,3,8
2025-02-20,24,M08,P05,L03,113,151,28,8
2025-02-20,24,M09,P04,L03,156,191,11,1
2025-02-20,24,M10,P02,L04,199,127,17,2
2025-02-21,1,M01,P03,L05,126,146,12,5
2025-02-21,1,M02,P01,L03,118,122,2,2
2025-02-21,1,M03,P05,L05,140,133,0,8
2025-02-21,1,M04,P04,L03,178,178,23,3
2025-02-21,1,M05,P03,L01,113,165,6,7
2025-02-21,1,M06,P05,L01,140,114,20,5
2025-02-21,1,M07,P04,L05,117,100,9,0
2025-02-21,1,M08,P05,L01,183,192,17,4
2025-02-21,1,M09,P04,L05,168,138,9,5
2025-02-21,1,M10,P03,L03,141,164,23,5
2025-02-21,2,M01,P01,L02,165,117,26,1
2025-02-21,2,M02,P01,L02,167,187,7,8
2025-02-21,2,M03,P03,L02,191,173,23,3
2025-02-21,2,M04,P02,L01,120,106,22,4
2025-02-21,2,M05,P05,L03,198,165,26,3
2025-02-21,2,M06,P02,L02,151,197,28,5
2025-02-21,2,M07,P01,L03,136,137,18,3
2025-02-21,2,M08,P01,L05,160,187,24,3
2025-02-21,2,M09,P03,L05,129,139,17,7
2025-02-21,2,M10,P05,L04,173,126,6,1
2025-02-21,3,M01,P01,L03,139,169,11,2
2025-02-21,3,M02,P03,L04,151,159,6,6
2025-02-21,3,M03,P03,L04,196,110,10,0
2025-02-21,3,M04,P03,L02,197,193,23,7
2025-02-21,3,M05,P03,L05,152,173,6,4
2025-02-21,3,M06,P04,L02,177,105,21,8
2025-02-21,3,M07,P02,L04,175,192,7,3
2025-02-21,3,M08,P01,L03,175,172,27,7
2025-02-21,3,M09,P05,L01,177,139,14,8
2025-02-21,3,M10,P05,L05,131,165,22,2
2025-02-21,4,M01,P01,L01,125,188,28,1
2025-02-21,4,M02,P04,L04,196,163,2,1
2025-02-21,4,M03,P02,L03,156,152,13,7
2025-02-21,4,M04,P03,L02,185,109,3,9
2025-02-21,4,M05,P02,L02,106,106,15,0
2025-02-21,4,M06,P05,L05,125,199,17,0
2025-02-21,4,M07,P02,L05,177,181,14,3
2025-02-21,4,M08,P04,L05,188,88,14,4
2025-02-21,4,M09,P05,L03,175,170,6,3
2025-02-21,4,M10,P02,L04,134,145,25,3
2025-02-21,5,M01,P05,L01,100,171,20,5
2025-02-21,5,M02,P04,L05,109,188,21,4
2025-02-21,5,M03,P03,L05,125,98,18,3
2025-02-21,5,M04,P01,L02,106,97,8,5
2025-02-21,5,M05,P01,L05,178,152,5,6
2025-02-21,5,M06,P05,L01,131,180,2,8
2025-02-21,5,M07,P04,L02,166,120,18,0
2025-02-21,5,M08,P03,L01,180,118,8,3
2025-02-21,5,M09,P05,L02,103,164,4,1
2025-02-21,5,M10,P01,L04,125,152,29,8
2025-02-21,6,M01,P04,L01,160,124,19,9
2025-02-21,6,M02,P01,L01,130,125,16,2
2025-02-21,6,M03,P03,L02,199,154,15,1
2025-02-21,6,M04,P03,L03,172,168,25,6
2025-02-21,6,M05,P03,L02,177,191,7,8
2025-02-21,6,M06,P01,L04,167,124,1,6
2025-02-21,6,M07,P02,L01,121,148,16,4
2025-02-21,6,M08,P03,L02,193,134,3,9
2025-02-21,6,M09,P02,L03,173,192,4,6
2025-02-21,6,M10,P01,L05,156,177,15,7
2025-02-21,7,M01,P02,L05,146,102,10,6
2025-02-21,7,M02,P05,L01,198,110,28,3
2025-02-21,7,M03,P03,L03,133,182,25,4
2025-02-21,7,M04,P02,L01,117,157,5,5
2025-02-21,7,M05,P02,L03,116,111,28,2
2025-02-21,7,M06,P01,L04,145,150,18,7
2025-02-21,7,M07,P04,L05,193,117,7,8
2025-02-21,7,M08,P02,L02,131,169,20,0
2025-02-21,7,M09,P02,L01,129,88,11,0
2025-02-21,7,M10,P02,L02,173,121,6,7
2025-02-21,8,M01,P04,L02,132,106,10,2
2025-02-21,8,M02,P03,L02,127,181,9,2
2025-02-21,8,M03,P05,L02,115,179,0,5
2025-02-21,8,M04,P04,L02,168,164,3,2
2025-02-21,8,M05,P03,L04,134,195,12,8
2025-02-21,8,M06,P04,L01,127,117,23,3
2025-02-21,8,M07,P01,L05,195,160,16,4
2025-02-21,8,M08,P02,L01,172,99,1,2
2025-02-21,8,M09,P03,L01,182,188,23,3
2025-02-21,8,M10,P03,L04,120,185,15,8
2025-02-21,9,M01,P01,L02,120,102,28,1
2025-02-21,9,M02,P01,L04,144,140,26,2
2025-02-21,9,M03,P03,L02,164,94,15,9
2025-02-21,9,M04,P05,L04,199,122,15,4
2025-02-21,9,M05,P03,L03,178,81,23,6
2025-02-21,9,M06,P01,L04,143,188,24,2
2025-02-21,9,M07,P01,L03,142,147,25,1
2025-02-21,9,M08,P03,L04,158,156,16,2
2025-02-21,9,M09,P03,L04,153,155,11,1
2025-02-21,9,M10,P05,L03,153,127,2,3
2025-02-21,10,M01,P03,L02,155,155,4,0
2025-02-21,10,M02,P03,L01,124,151,26,2
2025-02-21,10,M03,P04,L04,154,88,21,1
2025-02-21,10,M04,P03,L05,138,162,27,7
2025-02-21,10,M05,P03,L03,168,191,28,2
2025-02-21,10,M06,P01,L05,195,164,9,9
2025-02-21,10,M07,P03,L03,163,131,12,9
2025-02-21,10,M08,P03,L04,178,117,21,0
2025-02-21,10,M09,P04,L05,148,158,6,6
2025-02-21,10,M10,P02,L03,183,98,26,7
2025-02-21,11,M01,P02,L02,149,128,8,2
2025-02-21,11,M02,P01,L04,126,85,23,5
2025-02-21,11,M03,P02,L01,161,146,5,9
2025-02-21,11,M04,P04,L05,141,139,18,7
2025-02-21,11,M05,P04,L05,178,173,0,5
2025-02-21,11,M06,P05,L03,172,150,23,8
2025-02-21,11,M07,P02,L05,184,100,14,3
2025-02-21,11,M08,P03,L02,137,131,1,4
2025-02-21,11,M09,P04,L04,106,80,18,9
2025-02-21,11,M10,P02,L02,154,196,12,2
2025-02-21,12,M01,P01,L01,102,177,2,8
2025-02-21,12,M02,P03,L05,119,100,19,1
2025-02-21,12,M03,P01,L03,101,196,10,8
2025-02-21,12,M04,P03,L01,189,143,13,8
2025-02-21,12,M05,P03,L03,113,99,2,6
2025-02-21,12,M06,P04,L01,156,81,1,8
2025-02-21,12,M07,P05,L05,188,170,19,0
2025-02-21,12,M08,P02,L03,135,183,11,6
2025-02-21,12,M09,P01,L02,144,187,6,9
2025-02-21,12,M10,P03,L05,195,103,20,9
2025-02-21,13,M01,P01,L05,149,151,6,7
2025-02-21,13,M02,P04,L03,138,175,20,6
2025-02-21,13,M03,P02,L04,175,181,5,5
2025-02-21,13,M04,P02,L01,189,196,15,6
2025-02-21,13,M05,P01,L02,120,136,18,1
2025-02-21,13,M06,P02,L02,180,161,21,7
2025-02-21,13,M07,P02,L04,168,175,28,2
2025-02-21,13,M08,P03,L05,151,132,13,6
2025-02-21,13,M09,P03,L02,166,132,13,8
2025-02-21,13,M10,P01,L01,182,91,6,0
2025-02-21,14,M01,P03,L05,113,166,7,3
2025-02-21,14,M02,P01,L04,136,169,3,8
2025-02-21,14,M03,P04,L03,189,194,2,6
2025-02-21,14,M04,P05,L05,129,99,25,7
2025-02-21,14,M05,P03,L01,188,106,24,4
2025-02-21,14,M06,P04,L01,131,123,17,1
2025-02-21,14,M07,P01,L02,182,141,15,7
2025-02-21,14,M08,P05,L02,127,83,20,3
2025-02-21,14,M09,P05,L01,194,160,5,7
2025-02-21,14,M10,P05,L04,184,103,29,5
2025-02-21,15,M01,P04,L05,175,99,9,1
2025-02-21,15,M02,P05,L03,103,132,13,0
2025-02-21,15,M03,P04,L01,149,190,10,1
2025-02-21,15,M04,P02,L05,135,157,21,1
2025-02-21,15,M05,P04,L01,170,179,3,1
2025-02-21,15,M06,P02,L01,169,178,26,2
2025-02-21,15,M07,P05,L05,120,184,23,3
2025-02-21,15,M08,P03,L05,169,174,14,7
2025-02-21,15,M09,P04,L02,128,140,18,6
2025-02-21,15,M10,P05,L04,167,185,27,0
2025-02-21,16,M01,P02,L04,125,119,13,6
2025-02-21,16,M02,P03,L03,170,192,4,1
2025-02-21,16,M03,P03,L02,149,163,19,0
2025-02-21,16,M04,P01,L04,151,112,6,7
2025-02-21,16,M05,P01,L05,129,175,6,3
2025-02-21,16,M06,P03,L01,107,145,4,2
2025-02-21,16,M07,P05,L05,185,144,6,9
2025-02-21,16,M08,P01,L01,167,191,8,7
2025-02-21,16,M09,P03,L02,185,192,9,0
2025-02-21,16,M10,P01,L05,127,180,1,0
2025-02-21,17,M01,P05,L05,158,188,29,1
2025-02-21,17,M02,P05,L01,194,170,24,3
2025-02-21,17,M03,P05,L05,174,177,26,1
2025-02-21,17,M04,P05,L01,159,191,2,5
2025-02-21,17,M05,P04,L04,152,182,6,0
2025-02-21,17,M06,P02,L04,105,182,1,1
2025-02-21,17,M07,P03,L02,138,184,18,2
2025-02-21,17,M08,P01,L02,123,104,11,2
2025-02-21,17,M09,P05,L01,153,194,13,7
2025-02-21,17,M10,P05,L01,104,81,14,6
2025-02-21,18,M01,P04,L04,116,110,0,5
2025-02-21,18,M02,P05,L04,172,165,9,7
2025-02-21,18,M03,P04,L02,180,112,13,5
2025-02-21,18,M04,P01,L05,183,192,5,0
2025-02-21,18,M05,P04,L02,174,179,19,5
2025-02-21,18,M06,P03,L03,165,140,27,3
2025-02-21,18,M07,P04,L04,181,91,26,2
2025-02-21,18,M08,P02,L01,124,171,14,9
2025-02-21,18,M09,P05,L02,179,132,7,0
2025-02-21,18,M10,P03,L01,153,166,13,6
2025-02-21,19,M01,P02,L03,119,143,24,9
2025-02-21,19,M02,P04,L05,184,133,22,4
2025-02-21,19,M03,P02,L04,120,175,4,5
2025-02-21,19,M04,P01,L04,135,100,20,2
2025-02-21,19,M05,P04,L03,180,173,3,8
2025-02-21,19,M06,P05,L02,173,195,24,8
2025-02-21,19,M07,P03,L02,118,101,17,2
2025-02-21,19,M08,P04,L01,121,192,29,0
2025-02-21,19,M09,P04,L05,192,86,10,2
2025-02-21,19,M10,P02,L01,132,174,23,5
2025-02-21,20,M01,P04,L05,147,153,24,4
2025-02-21,20,M02,P03,L05,164,160,13,6
2025-02-21,20,M03,P01,L05,105,182,10,9
2025-02-21,20,M04,P03,L05,182,107,1,0
2025-02-21,20,M05,P05,L03,108,161,29,3
2025-02-21,20,M06,P04,L03,167,119,10,2
2025-02-21,20,M07,P04,L03,169,174,26,2
2025-02-21,20,M08,P04,L05,158,115,1,8
2025-02-21,20,M09,P05,L05,186,123,18,5
2025-02-21,20,M10,P05,L01,120,136,27,4
2025-02-21,21,M01,P04,L03,174,142,21,1
2025-02-21,21,M02,P05,L01,140,160,18,1
2025-02-21,21,M03,P03,L01,121,170,5,4
2025-02-21,21,M04,P04,L04,146,97,6,5
2025-02-21,21,M05,P04,L03,106,120,9,0
2025-02-21,21,M06,P03,L04,127,137,23,1
2025-02-21,21,M07,P01,L01,149,166,6,0
2025-02-21,21,M08,P02,L05,164,134,5,3
2025-02-21,21,M09,P05,L03,120,130,29,5
2025-02-21,21,M10,P03,L04,103,178,27,5
2025-02-21,22,M01,P03,L01,179,109,0,6
2025-02-21,22,M02,P05,L04,183,146,22,1
2025-02-21,22,M03,P04,L03,101,127,25,7
2025-02-21,22,M04,P05,L03,158,147,20,3
2025-02-21,22,M05,P01,L05,132,187,18,5
2025-02-21,22,M06,P03,L01,195,171,27,3
2025-02-21,22,M07,P02,L05,196,185,17,6
2025-02-21,22,M08,P01,L01,185,144,15,3
2025-02-21,22,M09,P01,L04,144,89,8,0
2025-02-21,22,M10,P03,L02,132,144,19,1
2025-02-21,23,M01,P01,L01,134,161,0,8
2025-02-21,23,M02,P03,L05,187,182,12,6
2025-02-21,23,M03,P03,L01,162,151,21,7
2025-02-21,23,M04,P01,L04,126,143,12,2
2025-02-21,23,M05,P03,L02,112,160,29,4
2025-02-21,23,M06,P04,L05,147,181,8,7
2025-02-21,23,M07,P03,L04,164,168,7,5
2025-02-21,23,M08,P03,L03,120,157,29,8
2025-02-21,23,M09,P05,L02,188,191,10,9
2025-02-21,23,M10,P04,L01,136,168,11,2
2025-02-21,24,M01,P04,L03,156,194,28,8
2025-02-21,24,M02,P02,L04,178,175,2,7
2025-02-21,24,M03,P04,L02,129,184,18,0
2025-02-21,24,M04,P01,L05,159,195,20,6
2025-02-21,24,M05,P04,L01,103,171,19,9
2025-02-21,24,M06,P02,L03,103,158,5,0
2025-02-21,24,M07,P05,L02,179,112,1,2
2025-02-21,24,M08,P05,L02,151,172,19,9
2025-02-21,24,M09,P05,L02,180,82,29,3
2025-02-21,24,M10,P05,L03,101,147,11,5
2025-02-22,1,M01,P04,L04,126,170,29,6
2025-02-22,1,M02,P02,L05,161,157,17,6
2025-02-22,1,M03,P04,L01,141,179,9,5
2025-02-22,1,M04,P02,L01,153,184,9,2
2025-02-22,1,M05,P05,L04,155,156,9,5
2025-02-22,1,M06,P03,L04,182,88,12,5
2025-02-22,1,M07,P05,L04,191,120,6,4
2025-02-22,1,M08,P01,L03,193,158,12,2
2025-02-22,1,M09,P04,L03,157,102,20,4
2025-02-22,1,M10,P03,L04,117,147,28,7
2025-02-22,2,M01,P05,L04,133,183,6,1
2025-02-22,2,M02,P01,L05,110,155,7,6
2025-02-22,2,M03,P01,L03,125,130,0,9
2025-02-22,2,M04,P02,L03,197,183,16,8
2025-02-22,2,M05,P01,L04,131,100,20,1
2025-02-22,2,M06,P04,L01,140,151,6,3
2025-02-22,2,M07,P05,L02,140,120,4,4
2025-02-22,2,M08,P03,L03,136,143,26,0
2025-02-22,2,M09,P01,L05,184,86,9,8
2025-02-22,2,M10,P04,L05,176,129,20,9
2025-02-22,3,M01,P01,L03,125,179,16,4
2025-02-22,3,M02,P02,L05,178,123,1,6
2025-02-22,3,M03,P02,L04,195,146,2,1
2025-02-22,3,M04,P05,L01,124,116,3,2
2025-02-22,3,M05,P05,L03,182,176,17,6
2025-02-22,3,M06,P04,L03,109,196,7,1
2025-02-22,3,M07,P05,L02,117,91,13,8
2025-02-22,3,M08,P01,L02,151,155,6,1
2025-02-22,3,M09,P02,L03,124,91,16,0
2025-02-22,3,M10,P04,L05,127,151,21,3
2025-02-22,4,M01,P05,L02,173,143,14,2
2025-02-22,4,M02,P01,L03,190,167,9,2
2025-02-22,4,M03,P04,L01,163,112,0,0
2025-02-22,4,M04,P04,L02,148,187,5,6
2025-02-22,4,M05,P02,L01,164,141,10,9
2025-02-22,4,M06,P01,L01,164,122,23,2
2025-02-22,4,M07,P03,L01,159,93,22,0
2025-02-22,4,M08,P05,L01,144,81,19,7
2025-02-22,4,M09,P02,L04,136,94,1,4
2025-02-22,4,M10,P02,L01,121,92,24,6
2025-02-22,5,M01,P03,L03,114,155,12,0
2025-02-22,5,M02,P01,L05,139,126,21,7
2025-02-22,5,M03,P04,L03,146,165,15,6
2025-02-22,5,M04,P05,L02,122,105,5,1
2025-02-22,5,M05,P03,L02,137,121,27,0
2025-02-22,5,M06,P02,L03,158,194,1,2
2025-02-22,5,M07,P04,L04,197,129,14,1
2025-02-22,5,M08,P04,L05,159,105,2,8
2025-02-22,5,M09,P02,L01,117,123,6,2
2025-02-22,5,M10,P01,L04,143,120,21,0
2025-02-22,6,M01,P01,L01,114,154,4,6
2025-02-22,6,M02,P05,L03,144,130,9,6
2025-02-22,6,M03,P05,L04,186,158,17,3
2025-02-22,6,M04,P05,L03,119,121,14,7
2025-02-22,6,M05,P04,L03,188,132,1,7
2025-02-22,6,M06,P05,L02,160,80,24,1
2025-02-22,6,M07,P05,L04,108,191,0,8
2025-02-22,6,M08,P02,L04,147,118,17,8
2025-02-22,6,M09,P04,L04,101,180,8,3
2025-02-22,6,M10,P03,L05,169,160,29,2
2025-02-22,7,M01,P02,L02,179,117,25,3
2025-02-22,7,M02,P05,L04,134,113,9,7
2025-02-22,7,M03,P04,L04,111,184,26,2
2025-02-22,7,M04,P02,L01,153,94,13,4
2025-02-22,7,M05,P02,L05,192,123,26,5
2025-02-22,7,M06,P05,L04,128,186,14,5
2025-02-22,7,M07,P03,L04,187,143,13,4
2025-02-22,7,M08,P03,L03,184,134,10,3
2025-02-22,7,M09,P03,L05,155,169,3,3
2025-02-22,7,M10,P01,L04,139,159,20,8
2025-02-22,8,M01,P05,L03,177,123,11,3
2025-02-22,8,M02,P03,L04,106,121,29,4
2025-02-22,8,M03,P05,L02,145,195,5,0
2025-02-22,8,M04,P05,L03,159,160,3,6
2025-02-22,8,M05,P01,L03,113,164,21,4
2025-02-22,8,M06,P05,L05,195,136,2,8
2025-02-22,8,M07,P03,L05,141,134,5,7
2025-02-22,8,M08,P05,L01,185,97,9,3
2025-02-22,8,M09,P03,L03,109,80,24,3
2025-02-22,8,M10,P05,L03,103,179,28,4
2025-02-22,9,M01,P05,L02,160,191,27,8
2025-02-22,9,M02,P01,L01,136,161,3,6
2025-02-22,9,M03,P03,L02,114,196,15,5
2025-02-22,9,M04,P01,L03,105,155,1,8
2025-02-22,9,M05,P01,L04,160,194,23,4
2025-02-22,9,M06,P03,L03,106,133,17,9
2025-02-22,9,M07,P04,L05,171,107,20,6
2025-02-22,9,M08,P02,L03,152,171,18,2
2025-02-22,9,M09,P01,L04,166,182,26,8
2025-02-22,9,M10,P04,L01,138,165,19,2
2025-02-22,10,M01,P05,L04,165,120,17,3
2025-02-22,10,M02,P03,L04,169,103,3,4
2025-02-22,10,M03,P04,L04,152,184,7,1
2025-02-22,10,M04,P02,L04,173,146,16,1
2025-02-22,10,M05,P05,L03,144,188,5,6
2025-02-22,10,M06,P05,L05,126,199,0,8
2025-02-22,10,M07,P03,L03,199,177,29,5
2025-02-22,10,M08,P04,L02,123,86,16,4
2025-02-22,10,M09,P03,L01,154,113,0,8
2025-02-22,10,M10,P05,L05,133,138,13,3
2025-02-22,11,M01,P05,L02,111,101,8,7
2025-02-22,11,M02,P02,L04,158,138,3,3
2025-02-22,11,M03,P05,L04,179,186,18,1
2025-02-22,11,M04,P01,L02,167,105,8,8
2025-02-22,11,M05,P05,L03,152,117,19,5
2025-02-22,11,M06,P05,L04,187,135,18,5
2025-02-22,11,M07,P05,L01,186,132,18,1
2025-02-22,11,M08,P02,L04,172,97,15,6
2025-02-22,11,M09,P04,L01,150,102,0,5
2025-02-22,11,M10,P02,L03,125,96,20,5
2025-02-22,12,M01,P02,L03,119,173,2,0
2025-02-22,12,M02,P03,L01,175,81,1,9
2025-02-22,12,M03,P05,L05,127,166,15,4
2025-02-22,12,M04,P02,L03,169,162,11,7
2025-02-22,12,M05,P03,L05,110,118,8,7
2025-02-22,12,M06,P05,L03,181,174,9,9
2025-02-22,12,M07,P02,L05,129,182,29,9
2025-02-22,12,M08,P04,L04,156,197,8,2
2025-02-22,12,M09,P01,L03,165,158,10,9
2025-02-22,12,M10,P01,L02,131,83,21,3
2025-02-22,13,M01,P04,L05,156,193,0,6
2025-02-22,13,M02,P05,L05,104,129,28,5
2025-02-22,13,M03,P05,L05,137,125,1,4
2025-02-22,13,M04,P01,L03,128,151,0,6
2025-02-22,13,M05,P05,L05,158,158,21,3
2025-02-22,13,M06,P02,L02,147,192,10,6
2025-02-22,13,M07,P01,L02,180,176,1,0
2025-02-22,13,M08,P04,L05,111,108,9,9
2025-02-22,13,M09,P02,L03,182,136,17,1
2025-02-22,13,M10,P01,L05,145,101,10,0
2025-02-22,14,M01,P05,L04,167,93,2,1
2025-02-22,14,M02,P02,L02,126,83,2,5
2025-02-22,14,M03,P05,L02,179,114,18,3
2025-02-22,14,M04,P03,L05,194,152,12,4
2025-02-22,14,M05,P01,L01,176,113,28,3
2025-02-22,14,M06,P01,L02,133,104,24,0
2025-02-22,14,M07,P04,L04,121,139,21,8
2025-02-22,14,M08,P02,L05,144,151,0,4
2025-02-22,14,M09,P03,L02,110,197,29,4
2025-02-22,14,M10,P04,L04,192,169,28,3
2025-02-22,15,M01,P01,L03,107,95,10,4
2025-02-22,15,M02,P05,L01,107,133,25,7
2025-02-22,15,M03,P01,L05,165,150,29,0
2025-02-22,15,M04,P04,L02,194,144,27,7
2025-02-22,15,M05,P05,L04,174,185,15,8
2025-02-22,15,M06,P05,L04,163,159,0,5
2025-02-22,15,M07,P01,L05,176,116,2,9
2025-02-22,15,M08,P01,L02,116,181,13,2
2025-02-22,15,M09,P02,L01,170,184,14,2
2025-02-22,15,M10,P03,L03,116,140,24,8
2025-02-22,16,M01,P01,L01,132,98,14,2
2025-02-22,16,M02,P04,L01,195,175,7,5
2025-02-22,16,M03,P05,L04,159,177,9,0
2025-02-22,16,M04,P02,L04,143,130,28,2
2025-02-22,16,M05,P05,L03,100,92,8,1
2025-02-22,16,M06,P02,L04,125,129,14,0
2025-02-22,16,M07,P01,L05,116,118,10,8
2025-02-22,16,M08,P02,L01,153,175,10,4
2025-02-22,16,M09,P02,L03,181,166,19,6
2025-02-22,16,M10,P01,L02,127,163,8,6
2025-02-22,17,M01,P02,L02,132,137,24,1
2025-02-22,17,M02,P03,L02,191,156,18,2
2025-02-22,17,M03,P03,L04,116,122,28,0
2025-02-22,17,M04,P04,L04,151,191,0,3
2025-02-22,17,M05,P02,L05,179,182,21,1
2025-02-22,17,M06,P04,L02,116,191,19,1
2025-02-22,17,M07,P04,L05,127,131,15,0
2025-02-22,17,M08,P05,L05,144,116,17,3
2025-02-22,17,M09,P03,L05,110,165,22,9
2025-02-22,17,M10,P03,L03,150,185,27,1
2025-02-22,18,M01,P01,L01,102,82,7,5
2025-02-22,18,M02,P01,L03,150,83,16,2
2025-02-22,18,M03,P04,L04,148,136,21,8
2025-02-22,18,M04,P01,L04,114,198,8,5
2025-02-22,18,M05,P01,L04,124,118,16,3
2025-02-22,18,M06,P02,L05,150,97,13,3
2025-02-22,18,M07,P04,L05,180,109,18,1
2025-02-22,18,M08,P05,L04,102,87,4,4
2025-02-22,18,M09,P05,L01,188,138,27,8
2025-02-22,18,M10,P02,L04,184,83,28,0
2025-02-22,19,M01,P03,L05,153,100,15,3
2025-02-22,19,M02,P01,L03,168,191,25,6
2025-02-22,19,M03,P01,L04,165,91,25,4
2025-02-22,19,M04,P04,L04,145,151,28,8
2025-02-22,19,M05,P04,L02,143,122,15,9
2025-02-22,19,M06,P04,L05,159,164,17,7
2025-02-22,19,M07,P05,L01,100,80,8,4
2025-02-22,19,M08,P02,L04,196,131,10,1
2025-02-22,19,M09,P02,L03,187,141,18,1
2025-02-22,19,M10,P03,L01,115,195,20,5
2025-02-22,20,M01,P03,L03,120,122,5,8
2025-02-22,20,M02,P04,L01,136,173,23,6
2025-02-22,20,M03,P01,L04,134,122,25,4
2025-02-22,20,M04,P05,L02,192,82,10,3
2025-02-22,20,M05,P01,L01,140,156,8,0
2025-02-22,20,M06,P04,L01,127,154,11,1
2025-02-22,20,M07,P04,L01,171,136,20,9
2025-02-22,20,M08,P03,L04,134,131,3,9
2025-02-22,20,M09,P03,L04,101,107,1,4
2025-02-22,20,M10,P04,L04,189,115,7,1
2025-02-22,21,M01,P04,L02,142,118,4,9
2025-02-22,21,M02,P02,L03,115,162,19,4
2025-02-22,21,M03,P01,L03,109,130,4,4
2025-02-22,21,M04,P03,L03,111,110,16,5
2025-02-22,21,M05,P04,L03,146,193,8,5
2025-02-22,21,M06,P01,L05,155,169,22,5
2025-02-22,21,M07,P03,L04,190,160,9,4
2025-02-22,21,M08,P02,L04,148,198,23,4
2025-02-22,21,M09,P03,L04,198,134,21,0
2025-02-22,21,M10,P03,L05,159,110,19,5
2025-02-22,22,M01,P04,L01,133,155,7,0
2025-02-22,22,M02,P03,L04,102,100,6,5
2025-02-22,22,M03,P03,L01,104,148,18,9
2025-02-22,22,M04,P05,L01,147,184,5,4
2025-02-22,22,M05,P04,L04,184,129,15,7
2025-02-22,22,M06,P01,L04,107,154,16,8
2025-02-22,22,M07,P05,L01,116,130,1,1
2025-02-22,22,M08,P04,L04,115,162,14,6
2025-02-22,22,M09,P05,L01,151,150,14,0
2025-02-22,22,M10,P03,L02,163,164,23,4
2025-02-22,23,M01,P01,L04,128,97,25,2
2025-02-22,23,M02,P02,L02,115,120,20,0
2025-02-22,23,M03,P03,L03,190,110,12,7
2025-02-22,23,M04,P03,L03,108,117,3,8
2025-02-22,23,M05,P01,L03,146,193,25,5
2025-02-22,23,M06,P04,L03,150,137,15,5
2025-02-22,23,M07,P04,L03,146,94,14,7
2025-02-22,23,M08,P04,L01,194,81,14,7
2025-02-22,23,M09,P05,L03,156,147,11,9
2025-02-22,23,M10,P03,L04,173,108,27,2
2025-02-22,24,M01,P03,L03,112,196,24,1
2025-02-22,24,M02,P02,L04,158,191,23,3
2025-02-22,24,M03,P02,L01,102,123,22,2
2025-02-22,24,M04,P02,L05,130,199,3,0
2025-02-22,24,M05,P04,L04,130,151,24,0
2025-02-22,24,M06,P03,L04,164,164,16,3
2025-02-22,24,M07,P02,L04,192,153,8,1
2025-02-22,24,M08,P03,L04,100,139,0,1
2025-02-22,24,M09,P01,L02,121,160,9,8
2025-02-22,24,M10,P01,L02,166,160,8,7
2025-02-23,1,M01,P03,L04,197,81,12,2
2025-02-23,1,M02,P04,L01,163,105,22,1
2025-02-23,1,M03,P04,L04,177,85,10,3
2025-02-23,1,M04,P01,L04,115,149,7,9
2025-02-23,1,M05,P01,L04,103,127,1,3
2025-02-23,1,M06,P03,L05,127,109,28,4
2025-02-23,1,M07,P03,L02,149,168,29,2
2025-02-23,1,M08,P03,L01,104,174,24,2
2025-02-23,1,M09,P01,L03,178,118,23,1
2025-02-23,1,M10,P01,L02,199,80,29,8
2025-02-23,2,M01,P01,L01,165,184,12,3
2025-02-23,2,M02,P05,L04,186,91,9,4
2025-02-23,2,M03,P05,L04,132,166,3,1
2025-02-23,2,M04,P03,L02,127,168,21,3
2025-02-23,2,M05,P01,L02,165,179,13,0
2025-02-23,2,M06,P03,L01,132,175,19,5
2025-02-23,2,M07,P05,L05,188,188,13,1
2025-02-23,2,M08,P04,L02,134,147,8,5
2025-02-23,2,M09,P01,L05,184,104,8,0
2025-02-23,2,M10,P03,L01,195,151,2,0
2025-02-23,3,M01,P01,L04,164,179,7,0
2025-02-23,3,M02,P02,L02,143,197,15,4
2025-02-23,3,M03,P01,L01,156,92,12,2
2025-02-23,3,M04,P04,L04,162,199,25,3
2025-02-23,3,M05,P04,L04,154,174,23,3
2025-02-23,3,M06,P02,L03,160,159,5,0
2025-02-23,3,M07,P02,L05,104,163,15,2
2025-02-23,3,M08,P02,L03,142,189,9,7
2025-02-23,3,M09,P02,L02,185,100,1,8
2025-02-23,3,M10,P05,L05,124,148,28,5
2025-02-23,4,M01,P01,L03,146,173,23,8
2025-02-23,4,M02,P01,L01,149,163,25,4
2025-02-23,4,M03,P04,L05,144,96,7,2
2025-02-23,4,M04,P02,L01,158,175,0,9
2025-02-23,4,M05,P01,L03,150,103,15,3
2025-02-23,4,M06,P03,L02,187,190,6,0
2025-02-23,4,M07,P05,L04,128,89,8,6
2025-02-23,4,M08,P01,L04,123,159,3,6
2025-02-23,4,M09,P02,L05,125,128,11,5
2025-02-23,4,M10,P03,L04,141,131,16,9
2025-02-23,5,M01,P03,L02,186,113,11,3
2025-02-23,5,M02,P04,L04,118,127,1,7
2025-02-23,5,M03,P02,L02,115,150,26,2
2025-02-23,5,M04,P03,L04,198,96,27,7
2025-02-23,5,M05,P01,L04,185,174,0,8
2025-02-23,5,M06,P03,L01,171,148,0,1
2025-02-23,5,M07,P02,L02,108,155,9,7
2025-02-23,5,M08,P02,L01,118,130,16,1
2025-02-23,5,M09,P05,L02,105,141,1,7
2025-02-23,5,M10,P03,L04,149,174,3,7
2025-02-23,6,M01,P03,L01,177,87,25,8
2025-02-23,6,M02,P01,L03,162,160,16,3
2025-02-23,6,M03,P01,L02,151,90,26,8
2025-02-23,6,M04,P04,L02,145,171,19,5
2025-02-23,6,M05,P05,L02,167,158,8,7
2025-02-23,6,M06,P01,L05,100,110,24,3
2025-02-23,6,M07,P05,L03,114,184,24,2
2025-02-23,6,M08,P03,L04,146,146,19,1
2025-02-23,6,M09,P02,L05,176,193,27,9
2025-02-23,6,M10,P02,L02,199,194,24,4
2025-02-23,7,M01,P01,L04,165,94,22,7
2025-02-23,7,M02,P02,L05,113,111,11,5
2025-02-23,7,M03,P04,L04,181,178,25,5
2025-02-23,7,M04,P03,L04,161,192,27,2
2025-02-23,7,M05,P04,L01,143,83,26,0
2025-02-23,7,M06,P01,L05,111,150,21,9
2025-02-23,7,M07,P01,L05,196,181,15,1
2025-02-23,7,M08,P05,L05,147,112,20,9
2025-02-23,7,M09,P05,L05,165,179,28,5
2025-02-23,7,M10,P03,L01,140,166,5,0
2025-02-23,8,M01,P04,L04,132,108,24,7
2025-02-23,8,M02,P02,L05,186,193,22,3
2025-02-23,8,M03,P03,L03,125,195,9,5
2025-02-23,8,M04,P02,L02,117,170,17,0
2025-02-23,8,M05,P03,L05,106,160,18,7
2025-02-23,8,M06,P04,L01,193,157,21,1
2025-02-23,8,M07,P02,L01,185,131,24,0
2025-02-23,8,M08,P02,L01,150,122,5,2
2025-02-23,8,M09,P04,L01,163,169,1,3
2025-02-23,8,M10,P05,L03,166,88,11,7
2025-02-23,9,M01,P02,L03,136,164,4,7
2025-02-23,9,M02,P03,L03,155,184,20,9
2025-02-23,9,M03,P04,L05,197,111,26,3
2025-02-23,9,M04,P01,L02,167,116,10,3
2025-02-23,9,M05,P05,L04,166,191,29,8
2025-02-23,9,M06,P01,L01,100,82,8,7
2025-02-23,9,M07,P01,L05,120,102,12,9
2025-02-23,9,M08,P05,L01,171,183,29,2
2025-02-23,9,M09,P02,L05,182,143,2,5
2025-02-23,9,M10,P02,L04,114,153,20,1
2025-02-23,10,M01,P03,L03,104,135,18,6
2025-02-23,10,M02,P04,L05,157,185,9,3
2025-02-23,10,M03,P04,L02,103,148,13,8
2025-02-23,10,M04,P05,L01,120,92,1,2
2025-02-23,10,M05,P04,L05,164,125,2,0
2025-02-23,10,M06,P01,L01,183,99,3,8
2025-02-23,10,M07,P03,L05,187,99,11,5
2025-02-23,10,M08,P01,L02,184,103,16,1
2025-02-23,10,M09,P04,L03,187,115,12,7
2025-02-23,10,M10,P03,L01,193,195,4,8
2025-02-23,11,M01,P05,L02,170,114,11,9
2025-02-23,11,M02,P01,L02,134,103,0,4
2025-02-23,11,M03,P03,L05,143,125,12,4
2025-02-23,11,M04,P02,L04,106,162,14,9
2025-02-23,11,M05,P04,L01,158,163,3,9
2025-02-23,11,M06,P01,L02,134,167,11,6
2025-02-23,11,M07,P04,L01,131,174,0,3
2025-02-23,11,M08,P05,L02,196,112,4,1
2025-02-23,11,M09,P02,L01,194,150,14,3
2025-02-23,11,M10,P05,L04,122,186,22,1
2025-02-23,12,M01,P03,L03,149,126,18,8
2025-02-23,12,M02,P05,L04,112,117,3,4
2025-02-23,12,M03,P05,L02,194,98,4,8
2025-02-23,12,M04,P01,L05,184,184,6,8
2025-02-23,12,M05,P02,L02,161,132,2,1
2025-02-23,12,M06,P05,L01,128,176,1,1
2025-02-23,12,M07,P04,L04,113,197,7,2
2025-02-23,12,M08,P02,L02,139,88,24,5
2025-02-23,12,M09,P02,L02,161,153,24,4
2025-02-23,12,M10,P05,L01,139,99,12,6
2025-02-23,13,M01,P02,L01,143,135,25,0
2025-02-23,13,M02,P04,L02,120,116,22,9
2025-02-23,13,M03,P01,L04,137,80,10,0
2025-02-23,13,M04,P04,L04,146,148,9,9
2025-02-23,13,M05,P02,L01,170,170,17,5
2025-02-23,13,M06,P02,L01,159,187,4,1
2025-02-23,13,M07,P02,L01,100,88,24,7
2025-02-23,13,M08,P01,L04,101,80,27,9
2025-02-23,13,M09,P02,L03,123,131,21,3
2025-02-23,13,M10,P03,L05,172,158,27,4
2025-02-23,14,M01,P02,L01,142,176,13,8
2025-02-23,14,M02,P02,L02,119,185,15,2
2025-02-23,14,M03,P03,L03,186,194,2,2
2025-02-23,14,M04,P05,L01,122,183,16,8
2025-02-23,14,M05,P05,L05,168,164,1,5
2025-02-23,14,M06,P03,L03,161,113,5,8
2025-02-23,14,M07,P03,L01,143,149,15,6
2025-02-23,14,M08,P02,L02,142,190,28,5
2025-02-23,14,M09,P01,L04,140,152,24,1
2025-02-23,14,M10,P05,L02,189,140,22,4
2025-02-23,15,M01,P01,L01,125,198,25,4
2025-02-23,15,M02,P01,L03,122,131,26,7
2025-02-23,15,M03,P01,L01,173,195,5,3
2025-02-23,15,M04,P05,L01,102,188,23,9
2025-02-23,15,M05,P01,L01,158,117,9,7
2025-02-23,15,M06,P04,L02,144,112,19,1
2025-02-23,15,M07,P04,L03,166,149,28,6
2025-02-23,15,M08,P01,L03,184,194,11,0
2025-02-23,15,M09,P02,L01,173,199,19,9
2025-02-23,15,M10,P02,L03,195,120,3,8
2025-02-23,16,M01,P05,L01,189,198,13,3
2025-02-23,16,M02,P04,L04,184,191,26,8
2025-02-23,16,M03,P02,L05,164,99,25,2
2025-02-23,16,M04,P05,L03,198,190,3,4
2025-02-23,16,M05,P03,L04,165,148,17,1
2025-02-23,16,M06,P02,L02,143,198,8,2
2025-02-23,16,M07,P01,L01,160,96,0,3
2025-02-23,16,M08,P01,L02,156,117,4,4
2025-02-23,16,M09,P03,L03,174,155,11,1
2025-02-23,16,M10,P04,L03,138,195,13,5
2025-02-23,17,M01,P03,L01,176,181,16,7
2025-02-23,17,M02,P05,L04,141,161,18,6
2025-02-23,17,M03,P03,L04,128,146,1,1
2025-02-23,17,M04,P03,L02,146,179,24,9
2025-02-23,17,M05,P01,L03,197,105,28,9
2025-02-23,17,M06,P01,L01,119,94,7,0
2025-02-23,17,M07,P03,L03,115,173,21,7
2025-02-23,17,M08,P04,L02,117,99,7,3
2025-02-23,17,M09,P05,L05,123,126,17,2
2025-02-23,17,M10,P02,L04,195,180,4,0
2025-02-23,18,M01,P04,L01,126,96,13,4
2025-02-23,18,M02,P03,L02,155,91,25,7
2025-02-23,18,M03,P02,L04,162,177,7,8
2025-02-23,18,M04,P02,L02,137,128,10,2
2025-02-23,18,M05,P05,L05,198,82,24,4
2025-02-23,18,M06,P03,L04,182,138,1,4
2025-02-23,18,M07,P02,L04,117,158,15,3
2025-02-23,18,M08,P03,L04,121,83,11,4
2025-02-23,18,M09,P02,L03,190,120,15,3
2025-02-23,18,M10,P01,L02,153,161,26,6
2025-02-23,19,M01,P04,L01,156,178,14,0
2025-02-23,19,M02,P02,L03,187,103,26,0
2025-02-23,19,M03,P02,L01,169,110,24,5
2025-02-23,19,M04,P05,L01,116,88,25,6
2025-02-23,19,M05,P05,L02,144,103,22,6
2025-02-23,19,M06,P05,L04,197,98,13,8
2025-02-23,19,M07,P01,L04,189,163,28,7
2025-02-23,19,M08,P02,L02,109,115,6,7
2025-02-23,19,M09,P01,L01,173,190,22,5
2025-02-23,19,M10,P01,L02,130,181,12,2
2025-02-23,20,M01,P01,L04,179,91,8,7
2025-02-23,20,M02,P02,L05,102,179,10,9
2025-02-23,20,M03,P05,L01,155,98,22,7
2025-02-23,20,M04,P01,L03,186,93,18,0
2025-02-23,20,M05,P04,L03,145,190,6,3
2025-02-23,20,M06,P02,L02,113,164,10,8
2025-02-23,20,M07,P04,L02,108,171,16,1
2025-02-23,20,M08,P03,L03,165,101,22,3
2025-02-23,20,M09,P05,L05,189,142,8,2
2025-02-23,20,M10,P03,L02,193,180,27,8
2025-02-23,21,M01,P03,L01,188,100,14,0
2025-02-23,21,M02,P02,L01,116,150,24,1
2025-02-23,21,M03,P02,L02,180,157,2,4
2025-02-23,21,M04,P05,L03,155,180,5,1
2025-02-23,21,M05,P05,L04,106,96,9,8
2025-02-23,21,M06,P03,L01,188,125,4,6
2025-02-23,21,M07,P01,L01,163,162,24,4
2025-02-23,21,M08,P01,L05,107,189,12,6
2025-02-23,21,M09,P02,L02,143,127,6,1
2025-02-23,21,M10,P05,L01,109,195,8,1
2025-02-23,22,M01,P03,L05,197,172,9,8
2025-02-23,22,M02,P05,L04,171,187,3,6
2025-02-23,22,M03,P05,L03,134,199,21,3
2025-02-23,22,M04,P01,L01,181,137,12,8
2025-02-23,22,M05,P01,L04,173,183,13,9
2025-02-23,22,M06,P02,L03,111,110,12,1
2025-02-23,22,M07,P04,L02,157,182,19,1
2025-02-23,22,M08,P02,L04,136,146,2,0
2025-02-23,22,M09,P04,L03,143,165,26,5
2025-02-23,22,M10,P05,L04,183,117,12,4
2025-02-23,23,M01,P01,L02,195,127,13,1
2025-02-23,23,M02,P02,L01,151,101,4,1
2025-02-23,23,M03,P01,L01,196,181,25,6
2025-02-23,23,M04,P03,L01,129,120,0,1
2025-02-23,23,M05,P02,L04,173,138,19,1
2025-02-23,23,M06,P02,L03,142,157,12,0
2025-02-23,23,M07,P02,L01,114,194,28,0
2025-02-23,23,M08,P02,L02,158,115,5,1
2025-02-23,23,M09,P05,L05,168,162,1,6
2025-02-23,23,M10,P04,L04,174,125,8,3
2025-02-23,24,M01,P04,L02,198,188,13,0
2025-02-23,24,M02,P05,L03,160,81,20,8
2025-02-23,24,M03,P03,L02,118,132,11,0
2025-02-23,24,M04,P05,L01,188,103,14,7
2025-02-23,24,M05,P05,L02,107,98,16,3
2025-02-23,24,M06,P02,L04,119,195,8,0
2025-02-23,24,M07,P05,L01,163,109,20,1
2025-02-23,24,M08,P04,L02,157,110,25,3
2025-02-23,24,M09,P04,L03,174,91,12,1
2025-02-23,24,M10,P01,L04,197,134,4,4
2025-02-24,1,M01,P03,L04,140,91,2,4
2025-02-24,1,M02,P05,L02,127,138,6,4
2025-02-24,1,M03,P05,L01,151,90,11,1
2025-02-24,1,M04,P03,L02,194,127,19,5
2025-02-24,1,M05,P01,L02,181,199,20,2
2025-02-24,1,M06,P04,L01,127,111,6,7
2025-02-24,1,M07,P01,L03,132,112,10,6
2025-02-24,1,M08,P05,L02,127,197,29,0
2025-02-24,1,M09,P05,L02,108,162,17,7
2025-02-24,1,M10,P05,L03,177,124,0,5
2025-02-24,2,M01,P03,L04,128,101,1,5
2025-02-24,2,M02,P01,L03,143,158,13,0
2025-02-24,2,M03,P04,L02,183,166,19,8
2025-02-24,2,M04,P01,L05,144,143,29,2
2025-02-24,2,M05,P01,L04,149,153,14,6
2025-02-24,2,M06,P05,L05,159,172,9,8
2025-02-24,2,M07,P05,L01,154,148,14,9
2025-02-24,2,M08,P01,L03,184,125,29,5
2025-02-24,2,M09,P05,L04,184,199,21,0
2025-02-24,2,M10,P04,L05,186,175,11,7
2025-02-24,3,M01,P02,L04,151,85,5,5
2025-02-24,3,M02,P03,L01,154,102,28,4
2025-02-24,3,M03,P04,L05,199,107,15,2
2025-02-24,3,M04,P03,L03,142,156,12,7
2025-02-24,3,M05,P05,L03,134,170,10,4
2025-02-24,3,M06,P02,L02,193,165,17,0
2025-02-24,3,M07,P02,L02,189,195,26,5
2025-02-24,3,M08,P04,L05,142,121,25,5
2025-02-24,3,M09,P01,L03,161,110,12,7
2025-02-24,3,M10,P04,L05,167,143,15,1
2025-02-24,4,M01,P03,L04,139,137,0,4
2025-02-24,4,M02,P04,L03,167,179,12,2
2025-02-24,4,M03,P02,L04,169,130,13,2
2025-02-24,4,M04,P02,L01,169,135,7,0
2025-02-24,4,M05,P01,L04,171,160,12,2
2025-02-24,4,M06,P03,L01,196,188,12,0
2025-02-24,4,M07,P03,L02,153,118,13,5
2025-02-24,4,M08,P04,L01,146,144,3,9
2025-02-24,4,M09,P02,L03,173,133,18,6
2025-02-24,4,M10,P03,L01,135,135,9,5
2025-02-24,5,M01,P05,L03,182,178,19,1
2025-02-24,5,M02,P04,L04,120,91,29,7
2025-02-24,5,M03,P05,L04,138,184,11,2
2025-02-24,5,M04,P02,L04,148,161,9,9
2025-02-24,5,M05,P04,L04,107,194,0,3
2025-02-24,5,M06,P01,L04,181,178,27,7
2025-02-24,5,M07,P01,L01,138,185,14,6
2025-02-24,5,M08,P05,L05,160,110,4,6
2025-02-24,5,M09,P03,L01,178,109,29,6
2025-02-24,5,M10,P05,L04,102,146,5,5
2025-02-24,6,M01,P03,L05,115,161,3,3
2025-02-24,6,M02,P05,L02,112,174,1,8
2025-02-24,6,M03,P03,L03,134,128,11,4
2025-02-24,6,M04,P03,L02,116,169,3,0
2025-02-24,6,M05,P02,L01,171,169,10,3
2025-02-24,6,M06,P03,L02,137,122,15,9
2025-02-24,6,M07,P01,L01,116,130,8,3
2025-02-24,6,M08,P01,L01,174,197,14,4
2025-02-24,6,M09,P03,L04,159,168,3,6
2025-02-24,6,M10,P04,L01,105,167,22,4
2025-02-24,7,M01,P02,L04,100,172,16,4
2025-02-24,7,M02,P02,L01,105,137,22,7
2025-02-24,7,M03,P01,L03,182,127,17,6
2025-02-24,7,M04,P02,L01,191,141,20,8
2025-02-24,7,M05,P01,L01,160,89,20,1
2025-02-24,7,M06,P05,L01,113,102,6,9
2025-02-24,7,M07,P02,L01,142,176,23,7
2025-02-24,7,M08,P03,L04,173,190,11,1
2025-02-24,7,M09,P05,L01,162,120,17,5
2025-02-24,7,M10,P01,L03,122,83,6,8
2025-02-24,8,M01,P01,L01,174,134,25,1
2025-02-24,8,M02,P02,L04,133,199,5,0
2025-02-24,8,M03,P03,L01,149,147,24,7
2025-02-24,8,M04,P01,L04,157,195,2,2
2025-02-24,8,M05,P01,L01,134,131,0,2
2025-02-24,8,M06,P05,L01,151,127,25,6
2025-02-24,8,M07,P03,L02,123,199,16,5
2025-02-24,8,M08,P05,L02,195,199,24,7
2025-02-24,8,M09,P01,L05,112,168,9,9
2025-02-24,8,M10,P02,L02,184,102,11,6
2025-02-24,9,M01,P04,L03,157,168,11,3
2025-02-24,9,M02,P02,L02,183,81,27,0
2025-02-24,9,M03,P03,L01,199,173,24,8
2025-02-24,9,M04,P01,L05,102,111,0,9
2025-02-24,9,M05,P04,L05,137,175,5,8
2025-02-24,9,M06,P01,L04,160,94,19,7
2025-02-24,9,M07,P02,L02,177,199,1,7
2025-02-24,9,M08,P03,L05,158,141,28,6
2025-02-24,9,M09,P03,L04,161,180,3,5
2025-02-24,9,M10,P01,L01,123,156,23,8
2025-02-24,10,M01,P02,L05,177,106,4,7
2025-02-24,10,M02,P05,L01,153,94,3,8
2025-02-24,10,M03,P04,L04,194,126,4,0
2025-02-24,10,M04,P02,L04,198,119,6,9
2025-02-24,10,M05,P03,L01,171,102,14,1
2025-02-24,10,M06,P04,L02,193,115,14,1
2025-02-24,10,M07,P05,L01,187,160,0,7
2025-02-24,10,M08,P01,L05,126,99,17,8
2025-02-24,10,M09,P03,L02,124,192,0,3
2025-02-24,10,M10,P01,L02,121,167,0,9
2025-02-24,11,M01,P01,L02,162,157,23,5
2025-02-24,11,M02,P01,L01,116,136,13,2
2025-02-24,11,M03,P02,L04,102,132,12,4
2025-02-24,11,M04,P01,L02,120,187,18,7
2025-02-24,11,M05,P02,L02,183,110,12,5
2025-02-24,11,M06,P01,L04,112,167,7,1
2025-02-24,11,M07,P04,L03,169,197,27,9
2025-02-24,11,M08,P05,L05,120,181,5,2
2025-02-24,11,M09,P05,L03,198,91,22,5
2025-02-24,11,M10,P03,L05,119,170,4,6
2025-02-24,12,M01,P03,L03,159,140,9,5
2025-02-24,12,M02,P01,L05,183,167,19,9
2025-02-24,12,M03,P02,L03,185,118,22,0
2025-02-24,12,M04,P05,L04,118,137,25,0
2025-02-24,12,M05,P03,L05,187,126,13,2
2025-02-24,12,M06,P01,L05,113,87,10,8
2025-02-24,12,M07,P05,L05,144,82,12,8
2025-02-24,12,M08,P01,L04,178,170,17,7
2025-02-24,12,M09,P04,L02,104,136,23,0
2025-02-24,12,M10,P04,L03,168,107,23,6
2025-02-24,13,M01,P04,L02,186,148,21,7
2025-02-24,13,M02,P01,L05,196,116,0,0
2025-02-24,13,M03,P05,L01,108,97,5,4
2025-02-24,13,M04,P03,L04,169,142,2,1
2025-02-24,13,M05,P04,L05,192,115,15,3
2025-02-24,13,M06,P01,L05,198,136,2,0
2025-02-24,13,M07,P05,L05,109,108,23,8
2025-02-24,13,M08,P05,L02,100,115,18,5
2025-02-24,13,M09,P05,L02,171,90,4,4
2025-02-24,13,M10,P05,L03,183,185,8,1
2025-02-24,14,M01,P04,L01,189,91,18,8
2025-02-24,14,M02,P03,L03,192,118,12,1
2025-02-24,14,M03,P04,L03,174,171,29,8
2025-02-24,14,M04,P04,L04,126,190,20,9
2025-02-24,14,M05,P05,L03,133,141,14,4
2025-02-24,14,M06,P03,L02,160,117,5,4
2025-02-24,14,M07,P01,L01,163,150,15,0
2025-02-24,14,M08,P04,L05,114,99,21,9
2025-02-24,14,M09,P01,L04,130,166,18,9
2025-02-24,14,M10,P03,L04,156,110,10,7
2025-02-24,15,M01,P05,L02,108,121,9,1
2025-02-24,15,M02,P05,L05,170,163,19,7
2025-02-24,15,M03,P01,L01,176,188,12,1
2025-02-24,15,M04,P02,L05,162,90,27,3
2025-02-24,15,M05,P01,L01,144,124,28,1
2025-02-24,15,M06,P05,L02,194,169,24,4
2025-02-24,15,M07,P04,L04,171,149,17,7
2025-02-24,15,M08,P05,L04,154,131,24,1
2025-02-24,15,M09,P02,L04,188,99,5,4
2025-02-24,15,M10,P04,L03,164,157,13,7
2025-02-24,16,M01,P04,L03,181,88,19,6
2025-02-24,16,M02,P05,L01,158,130,12,2
2025-02-24,16,M03,P05,L03,109,117,2,9
2025-02-24,16,M04,P01,L01,186,170,8,4
2025-02-24,16,M05,P05,L03,114,185,3,7
2025-02-24,16,M06,P03,L04,194,84,11,2
2025-02-24,16,M07,P04,L04,148,166,14,5
2025-02-24,16,M08,P03,L04,131,80,15,0
2025-02-24,16,M09,P04,L04,155,139,24,1
2025-02-24,16,M10,P01,L01,129,92,11,6
2025-02-24,17,M01,P02,L05,182,91,3,8
2025-02-24,17,M02,P02,L02,163,109,25,1
2025-02-24,17,M03,P01,L05,130,135,29,7
2025-02-24,17,M04,P03,L05,164,177,13,8
2025-02-24,17,M05,P03,L02,135,172,2,4
2025-02-24,17,M06,P02,L02,110,195,7,3
2025-02-24,17,M07,P02,L05,183,189,25,2
2025-02-24,17,M08,P04,L04,171,189,22,5
2025-02-24,17,M09,P04,L01,183,111,5,0
2025-02-24,17,M10,P02,L02,189,163,15,4
2025-02-24,18,M01,P02,L05,107,84,23,8
2025-02-24,18,M02,P03,L05,108,195,9,1
2025-02-24,18,M03,P02,L03,147,107,4,9
2025-02-24,18,M04,P01,L04,186,191,27,3
2025-02-24,18,M05,P05,L02,159,170,8,8
2025-02-24,18,M06,P05,L04,102,140,21,3
2025-02-24,18,M07,P05,L05,198,179,28,0
2025-02-24,18,M08,P01,L02,121,148,11,8
2025-02-24,18,M09,P01,L04,116,109,14,8
2025-02-24,18,M10,P04,L04,134,163,16,5
2025-02-24,19,M01,P02,L05,143,137,20,5
2025-02-24,19,M02,P04,L02,171,88,13,5
2025-02-24,19,M03,P04,L03,163,163,26,6
2025-02-24,19,M04,P03,L03,110,179,1,0
2025-02-24,19,M05,P05,L04,169,182,23,3
2025-02-24,19,M06,P02,L04,129,182,23,4
2025-02-24,19,M07,P01,L02,147,143,28,1
2025-02-24,19,M08,P04,L05,175,186,1,3
2025-02-24,19,M09,P05,L05,103,81,17,0
2025-02-24,19,M10,P04,L02,124,131,18,9
2025-02-24,20,M01,P01,L01,160,190,1,0
2025-02-24,20,M02,P05,L04,179,192,26,0
2025-02-24,20,M03,P04,L03,152,115,15,7
2025-02-24,20,M04,P01,L03,116,148,2,2
2025-02-24,20,M05,P02,L03,195,168,26,5
2025-02-24,20,M06,P03,L02,196,151,29,9
2025-02-24,20,M07,P05,L04,156,155,8,3
2025-02-24,20,M08,P03,L02,195,169,3,0
2025-02-24,20,M09,P02,L05,145,154,29,8
2025-02-24,20,M10,P05,L02,114,152,9,1
2025-02-24,21,M01,P03,L05,124,101,1,5
2025-02-24,21,M02,P02,L05,168,148,1,5
2025-02-24,21,M03,P01,L05,126,126,26,4
2025-02-24,21,M04,P04,L01,199,144,10,4
2025-02-24,21,M05,P05,L02,104,99,12,9
2025-02-24,21,M06,P01,L05,104,117,29,0
2025-02-24,21,M07,P05,L04,127,122,5,8
2025-02-24,21,M08,P05,L04,167,161,14,8
2025-02-24,21,M09,P03,L04,161,193,16,1
2025-02-24,21,M10,P03,L05,128,165,13,3
2025-02-24,22,M01,P05,L02,170,107,26,5
2025-02-24,22,M02,P02,L05,120,114,3,4
2025-02-24,22,M03,P01,L05,119,150,6,5
2025-02-24,22,M04,P01,L01,105,130,26,1
2025-02-24,22,M05,P04,L04,118,122,16,2
2025-02-24,22,M06,P04,L05,196,164,2,9
2025-02-24,22,M07,P05,L03,129,118,13,9
2025-02-24,22,M08,P05,L03,155,164,25,7
2025-02-24,22,M09,P03,L05,189,101,13,0
2025-02-24,22,M10,P03,L05,185,112,16,3
2025-02-24,23,M01,P02,L04,112,85,2,4
2025-02-24,23,M02,P03,L02,115,163,9,2
2025-02-24,23,M03,P04,L01,114,166,20,6
2025-02-24,23,M04,P03,L05,185,110,14,5
2025-02-24,23,M05,P01,L04,118,114,17,9
2025-02-24,23,M06,P03,L02,119,180,10,8
2025-02-24,23,M07,P03,L05,190,81,19,5
2025-02-24,23,M08,P05,L04,150,193,29,0
2025-02-24,23,M09,P02,L03,195,88,16,7
2025-02-24,23,M10,P04,L05,199,116,26,6
2025-02-24,24,M01,P04,L02,127,83,11,2
2025-02-24,24,M02,P04,L05,114,107,4,8
2025-02-24,24,M03,P03,L03,181,129,13,8
2025-02-24,24,M04,P04,L02,151,149,25,5
2025-02-24,24,M05,P01,L03,100,193,20,7
2025-02-24,24,M06,P01,L01,117,94,9,3
2025-02-24,24,M07,P05,L05,180,84,17,1
2025-02-24,24,M08,P01,L02,174,105,4,7
2025-02-24,24,M09,P02,L05,195,197,26,0
2025-02-24,24,M10,P01,L02,146,150,26,1
2025-02-25,1,M01,P02,L02,135,167,22,1
2025-02-25,1,M02,P03,L02,158,131,9,0
2025-02-25,1,M03,P04,L02,192,130,24,3
2025-02-25,1,M04,P02,L03,151,113,11,3
2025-02-25,1,M05,P04,L02,146,189,10,7
2025-02-25,1,M06,P01,L03,124,143,27,1
2025-02-25,1,M07,P02,L04,176,96,27,3
2025-02-25,1,M08,P01,L02,107,81,23,9
2025-02-25,1,M09,P05,L01,198,165,10,4
2025-02-25,1,M10,P04,L01,108,93,9,5
2025-02-25,2,M01,P03,L01,127,173,28,0
2025-02-25,2,M02,P04,L04,110,105,19,3
2025-02-25,2,M03,P05,L01,140,146,11,1
2025-02-25,2,M04,P02,L04,194,185,6,5
2025-02-25,2,M05,P05,L02,132,86,29,5
2025-02-25,2,M06,P05,L05,192,114,26,4
2025-02-25,2,M07,P03,L04,186,134,12,9
2025-02-25,2,M08,P05,L02,179,155,22,1
2025-02-25,2,M09,P02,L04,196,97,14,0
2025-02-25,2,M10,P01,L05,124,110,10,3
2025-02-25,3,M01,P03,L02,193,168,3,0
2025-02-25,3,M02,P04,L02,190,112,5,6
2025-02-25,3,M03,P03,L01,186,159,26,1
2025-02-25,3,M04,P03,L02,194,131,10,7
2025-02-25,3,M05,P05,L03,114,107,19,9
2025-02-25,3,M06,P02,L02,156,131,4,1
2025-02-25,3,M07,P02,L02,157,177,8,4
2025-02-25,3,M08,P04,L03,166,109,18,9
2025-02-25,3,M09,P05,L03,141,138,23,2
2025-02-25,3,M10,P01,L05,156,132,5,0
2025-02-25,4,M01,P04,L04,145,83,14,0
2025-02-25,4,M02,P04,L04,100,156,29,9
2025-02-25,4,M03,P01,L04,149,81,5,9
2025-02-25,4,M04,P05,L04,137,155,18,1
2025-02-25,4,M05,P04,L03,111,175,19,3
2025-02-25,4,M06,P02,L04,193,101,5,9
2025-02-25,4,M07,P01,L03,163,94,29,9
2025-02-25,4,M08,P02,L05,194,101,21,8
2025-02-25,4,M09,P02,L05,178,188,20,2
2025-02-25,4,M10,P02,L03,181,93,21,7
2025-02-25,5,M01,P03,L05,163,135,7,9
2025-02-25,5,M02,P02,L02,190,113,28,9
2025-02-25,5,M03,P01,L04,184,121,3,2
2025-02-25,5,M04,P05,L05,109,199,26,1
2025-02-25,5,M05,P01,L04,169,133,18,0
2025-02-25,5,M06,P05,L04,175,109,16,2
2025-02-25,5,M07,P01,L02,134,88,6,7
2025-02-25,5,M08,P05,L05,189,199,27,1
2025-02-25,5,M09,P04,L01,118,88,21,5
2025-02-25,5,M10,P01,L05,136,158,27,6
2025-02-25,6,M01,P04,L04,129,97,28,8
2025-02-25,6,M02,P01,L01,117,177,28,1
2025-02-25,6,M03,P01,L04,139,195,23,9
2025-02-25,6,M04,P03,L01,198,148,6,6
2025-02-25,6,M05,P01,L01,177,178,0,5
2025-02-25,6,M06,P02,L04,186,97,13,8
2025-02-25,6,M07,P04,L05,163,116,2,6
2025-02-25,6,M08,P03,L01,178,118,4,3
2025-02-25,6,M09,P02,L05,138,124,12,6
2025-02-25,6,M10,P04,L05,180,163,13,9
2025-02-25,7,M01,P02,L01,101,184,5,5
2025-02-25,7,M02,P03,L01,187,83,6,8
2025-02-25,7,M03,P05,L03,143,188,20,7
2025-02-25,7,M04,P02,L05,135,178,16,2
2025-02-25,7,M05,P05,L02,113,159,16,3
2025-02-25,7,M06,P01,L01,134,165,20,0
2025-02-25,7,M07,P02,L02,131,102,5,5
2025-02-25,7,M08,P05,L01,195,160,3,9
2025-02-25,7,M09,P05,L03,183,177,22,5
2025-02-25,7,M10,P01,L03,148,195,3,6
2025-02-25,8,M01,P04,L05,139,120,21,3
2025-02-25,8,M02,P02,L02,122,181,3,3
2025-02-25,8,M03,P01,L02,131,100,5,9
2025-02-25,8,M04,P01,L01,184,186,28,4
2025-02-25,8,M05,P03,L01,195,138,3,2
2025-02-25,8,M06,P03,L03,164,128,16,6
2025-02-25,8,M07,P03,L05,194,171,26,2
2025-02-25,8,M08,P01,L03,197,171,11,6
2025-02-25,8,M09,P04,L02,146,168,22,7
2025-02-25,8,M10,P02,L03,182,181,19,3
2025-02-25,9,M01,P02,L04,147,154,25,8
2025-02-25,9,M02,P01,L03,131,176,6,9
2025-02-25,9,M03,P05,L04,185,187,3,2
2025-02-25,9,M04,P03,L02,157,181,13,5
2025-02-25,9,M05,P01,L04,122,91,27,9
2025-02-25,9,M06,P05,L04,195,134,19,8
2025-02-25,9,M07,P05,L02,117,199,24,2
2025-02-25,9,M08,P01,L05,105,162,21,8
2025-02-25,9,M09,P03,L03,179,169,6,3
2025-02-25,9,M10,P01,L04,118,171,24,0
2025-02-25,10,M01,P02,L05,101,167,21,6
2025-02-25,10,M02,P04,L03,199,163,11,5
2025-02-25,10,M03,P04,L04,128,140,19,0
2025-02-25,10,M04,P02,L01,175,153,23,0
2025-02-25,10,M05,P03,L02,195,135,24,3
2025-02-25,10,M06,P05,L04,182,154,0,1
2025-02-25,10,M07,P03,L05,118,149,27,5
2025-02-25,10,M08,P02,L04,132,193,8,5
2025-02-25,10,M09,P02,L03,186,80,29,7
2025-02-25,10,M10,P03,L02,176,163,10,6
2025-02-25,11,M01,P05,L04,144,91,15,0
2025-02-25,11,M02,P02,L05,193,185,12,3
2025-02-25,11,M03,P04,L03,124,176,9,4
2025-02-25,11,M04,P05,L02,165,180,20,9
2025-02-25,11,M05,P01,L03,103,118,14,0
2025-02-25,11,M06,P05,L04,113,169,14,1
2025-02-25,11,M07,P02,L04,165,127,1,0
2025-02-25,11,M08,P03,L02,103,160,0,6
2025-02-25,11,M09,P05,L05,170,137,8,0
2025-02-25,11,M10,P04,L02,188,188,17,8
2025-02-25,12,M01,P03,L05,179,112,14,5
2025-02-25,12,M02,P05,L02,171,80,12,9
2025-02-25,12,M03,P02,L01,127,192,24,6
2025-02-25,12,M04,P01,L05,103,140,28,8
2025-02-25,12,M05,P04,L03,100,98,18,2
2025-02-25,12,M06,P01,L03,138,102,0,8
2025-02-25,12,M07,P05,L04,100,119,24,4
2025-02-25,12,M08,P02,L03,165,96,27,5
2025-02-25,12,M09,P04,L01,109,192,19,9
2025-02-25,12,M10,P02,L01,145,196,6,3
2025-02-25,13,M01,P04,L05,103,184,10,0
2025-02-25,13,M02,P05,L05,158,104,8,8
2025-02-25,13,M03,P02,L02,155,128,17,0
2025-02-25,13,M04,P01,L05,109,191,10,4
2025-02-25,13,M05,P03,L04,171,114,21,3
2025-02-25,13,M06,P04,L05,168,140,29,2
2025-02-25,13,M07,P04,L05,155,122,20,9
2025-02-25,13,M08,P05,L02,117,136,5,0
2025-02-25,13,M09,P04,L03,147,153,25,1
2025-02-25,13,M10,P03,L05,144,94,3,1
2025-02-25,14,M01,P02,L05,114,144,4,8
2025-02-25,14,M02,P03,L03,115,134,29,8
2025-02-25,14,M03,P01,L03,125,197,8,0
2025-02-25,14,M04,P02,L05,194,154,5,5
2025-02-25,14,M05,P01,L03,127,175,3,7
2025-02-25,14,M06,P01,L03,164,126,15,1
2025-02-25,14,M07,P04,L05,196,90,3,8
2025-02-25,14,M08,P01,L04,169,116,25,3
2025-02-25,14,M09,P02,L05,181,92,7,2
2025-02-25,14,M10,P01,L05,179,121,6,7
2025-02-25,15,M01,P02,L04,135,174,11,4
2025-02-25,15,M02,P02,L05,147,188,15,9
2025-02-25,15,M03,P05,L05,106,131,18,5
2025-02-25,15,M04,P02,L05,143,101,6,3
2025-02-25,15,M05,P03,L03,198,190,15,1
2025-02-25,15,M06,P02,L01,186,187,18,8
2025-02-25,15,M07,P03,L04,155,165,16,1
2025-02-25,15,M08,P05,L04,180,152,29,7
2025-02-25,15,M09,P02,L02,159,100,2,0
2025-02-25,15,M10,P04,L01,158,182,2,5
2025-02-25,16,M01,P04,L03,100,113,0,9
2025-02-25,16,M02,P04,L02,105,154,29,7
2025-02-25,16,M03,P01,L02,130,137,22,3
2025-02-25,16,M04,P03,L01,162,156,13,9
2025-02-25,16,M05,P03,L03,100,103,19,7
2025-02-25,16,M06,P05,L02,199,162,12,8
2025-02-25,16,M07,P02,L04,108,177,20,9
2025-02-25,16,M08,P01,L02,125,195,18,0
2025-02-25,16,M09,P01,L01,151,119,3,5
2025-02-25,16,M10,P02,L04,148,183,15,5
2025-02-25,17,M01,P05,L01,182,97,2,1
2025-02-25,17,M02,P02,L02,164,114,18,3
2025-02-25,17,M03,P04,L03,128,115,13,9
2025-02-25,17,M04,P02,L01,106,92,21,8
2025-02-25,17,M05,P02,L05,171,136,20,5
2025-02-25,17,M06,P03,L04,133,123,4,4
2025-02-25,17,M07,P04,L01,168,80,2,8
2025-02-25,17,M08,P01,L04,166,173,19,9
2025-02-25,17,M09,P03,L04,174,94,19,2
2025-02-25,17,M10,P02,L01,137,162,24,1
2025-02-25,18,M01,P05,L04,182,152,27,5
2025-02-25,18,M02,P02,L01,138,85,13,0
2025-02-25,18,M03,P02,L02,169,155,5,5
2025-02-25,18,M04,P01,L05,195,89,26,8
2025-02-25,18,M05,P02,L01,156,175,8,2
2025-02-25,18,M06,P01,L02,166,109,28,3
2025-02-25,18,M07,P05,L04,151,118,20,6
2025-02-25,18,M08,P04,L01,188,161,1,8
2025-02-25,18,M09,P03,L05,126,169,19,2
2025-02-25,18,M10,P04,L04,114,157,13,7
2025-02-25,19,M01,P03,L01,191,123,13,8
2025-02-25,19,M02,P03,L05,121,173,15,2
2025-02-25,19,M03,P01,L01,122,116,27,2
2025-02-25,19,M04,P03,L04,122,112,21,6
2025-02-25,19,M05,P01,L01,184,198,26,0
2025-02-25,19,M06,P04,L05,163,195,1,5
2025-02-25,19,M07,P05,L03,192,166,7,4
2025-02-25,19,M08,P02,L05,109,172,26,7
2025-02-25,19,M09,P02,L04,130,96,27,7
2025-02-25,19,M10,P05,L04,119,126,22,9
2025-02-25,20,M01,P02,L03,157,123,1,6
2025-02-25,20,M02,P04,L03,109,156,21,1
2025-02-25,20,M03,P04,L04,121,84,19,6
2025-02-25,20,M04,P04,L01,165,98,25,3
2025-02-25,20,M05,P02,L01,121,169,4,8
2025-02-25,20,M06,P02,L04,125,134,1,1
2025-02-25,20,M07,P05,L03,105,124,24,0
2025-02-25,20,M08,P05,L03,163,80,27,9
2025-02-25,20,M09,P04,L05,125,164,17,1
2025-02-25,20,M10,P04,L03,134,159,28,6
2025-02-25,21,M01,P05,L02,107,151,10,3
2025-02-25,21,M02,P01,L02,137,171,6,0
2025-02-25,21,M03,P03,L01,172,121,2,3
2025-02-25,21,M04,P05,L04,123,150,18,1
2025-02-25,21,M05,P02,L03,193,107,28,8
2025-02-25,21,M06,P05,L05,106,124,24,9
2025-02-25,21,M07,P01,L04,183,97,19,7
2025-02-25,21,M08,P01,L02,132,118,15,6
2025-02-25,21,M09,P04,L04,184,123,4,6
2025-02-25,21,M10,P03,L04,136,182,27,6
2025-02-25,22,M01,P01,L05,151,96,29,4
2025-02-25,22,M02,P04,L03,150,134,24,3
2025-02-25,22,M03,P01,L01,134,189,20,5
2025-02-25,22,M04,P01,L01,109,192,29,1
2025-02-25,22,M05,P04,L03,115,95,2,8
2025-02-25,22,M06,P02,L02,131,129,16,2
2025-02-25,22,M07,P05,L04,104,136,19,8
2025-02-25,22,M08,P02,L04,109,112,8,1
2025-02-25,22,M09,P01,L03,173,106,2,1
2025-02-25,22,M10,P04,L02,126,188,3,2
2025-02-25,23,M01,P03,L03,188,105,7,6
2025-02-25,23,M02,P02,L02,166,199,27,2
2025-02-25,23,M03,P05,L04,140,92,10,9
2025-02-25,23,M04,P04,L02,102,94,27,0
2025-02-25,23,M05,P03,L04,173,146,13,4
2025-02-25,23,M06,P05,L01,196,176,3,6
2025-02-25,23,M07,P05,L05,164,170,18,4
2025-02-25,23,M08,P04,L04,190,115,8,6
2025-02-25,23,M09,P05,L01,145,166,25,2
2025-02-25,23,M10,P02,L03,151,94,24,0
2025-02-25,24,M01,P03,L03,183,174,15,3
2025-02-25,24,M02,P04,L03,189,135,16,2
2025-02-25,24,M03,P02,L02,146,85,12,2
2025-02-25,24,M04,P02,L05,115,88,10,4
2025-02-25,24,M05,P03,L04,145,150,11,2
2025-02-25,24,M06,P05,L05,105,122,25,5
2025-02-25,24,M07,P03,L03,186,104,11,0
2025-02-25,24,M08,P04,L04,164,149,1,5
2025-02-25,24,M09,P02,L01,160,132,21,9
2025-02-25,24,M10,P05,L05,197,176,22,0
2025-02-26,1,M01,P01,L05,172,92,15,4
2025-02-26,1,M02,P04,L01,101,112,14,0
2025-02-26,1,M03,P03,L04,194,173,26,5
2025-02-26,1,M04,P05,L02,180,86,23,4
2025-02-26,1,M05,P03,L05,164,145,3,0
2025-02-26,1,M06,P05,L05,141,114,1,6
2025-02-26,1,M07,P01,L02,105,87,2,4
2025-02-26,1,M08,P01,L03,132,87,5,6
2025-02-26,1,M09,P01,L02,106,186,15,7
2025-02-26,1,M10,P02,L02,117,162,9,3
2025-02-26,2,M01,P03,L04,131,156,5,9
2025-02-26,2,M02,P02,L03,133,163,14,0
2025-02-26,2,M03,P01,L03,156,101,15,2
2025-02-26,2,M04,P02,L05,177,134,26,0
2025-02-26,2,M05,P02,L01,182,93,3,1
2025-02-26,2,M06,P03,L02,192,94,0,7
2025-02-26,2,M07,P01,L03,146,136,25,4
2025-02-26,2,M08,P05,L05,185,143,19,1
2025-02-26,2,M09,P04,L02,185,180,19,5
2025-02-26,2,M10,P04,L05,125,163,21,3
2025-02-26,3,M01,P01,L05,194,140,22,5
2025-02-26,3,M02,P03,L03,175,179,12,1
2025-02-26,3,M03,P03,L03,100,120,9,2
2025-02-26,3,M04,P03,L04,139,118,19,6
2025-02-26,3,M05,P02,L04,136,142,26,2
2025-02-26,3,M06,P02,L01,184,108,28,3
2025-02-26,3,M07,P01,L02,111,92,11,6
2025-02-26,3,M08,P05,L05,140,159,1,2
2025-02-26,3,M09,P04,L01,133,98,5,9
2025-02-26,3,M10,P05,L02,145,183,8,0
2025-02-26,4,M01,P02,L04,142,89,20,5
2025-02-26,4,M02,P04,L01,151,184,0,8
2025-02-26,4,M03,P02,L04,122,150,17,7
2025-02-26,4,M04,P03,L04,120,187,26,7
2025-02-26,4,M05,P02,L05,113,100,13,0
2025-02-26,4,M06,P04,L03,127,192,28,4
2025-02-26,4,M07,P04,L03,132,193,13,2
2025-02-26,4,M08,P02,L03,185,182,20,6
2025-02-26,4,M09,P03,L04,194,138,20,2
2025-02-26,4,M10,P04,L04,193,83,12,3
2025-02-26,5,M01,P04,L04,179,188,16,7
2025-02-26,5,M02,P04,L01,151,182,20,9
2025-02-26,5,M03,P05,L03,109,113,26,9
2025-02-26,5,M04,P04,L03,168,84,4,6
2025-02-26,5,M05,P03,L03,155,191,9,1
2025-02-26,5,M06,P02,L04,152,82,9,9
2025-02-26,5,M07,P03,L03,136,131,5,4
2025-02-26,5,M08,P05,L02,104,82,19,2
2025-02-26,5,M09,P02,L03,156,105,5,9
2025-02-26,5,M10,P01,L02,147,111,2,2
2025-02-26,6,M01,P04,L04,193,116,12,3
2025-02-26,6,M02,P02,L04,158,187,16,9
2025-02-26,6,M03,P01,L01,126,160,8,0
2025-02-26,6,M04,P02,L01,114,154,21,8
2025-02-26,6,M05,P01,L05,172,93,7,6
2025-02-26,6,M06,P02,L03,102,125,3,8
2025-02-26,6,M07,P03,L04,112,87,23,5
2025-02-26,6,M08,P04,L02,145,110,6,0
2025-02-26,6,M09,P01,L03,192,169,11,2
2025-02-26,6,M10,P04,L03,187,125,0,9
2025-02-26,7,M01,P04,L05,157,194,25,5
2025-02-26,7,M02,P02,L05,174,172,28,2
2025-02-26,7,M03,P03,L01,156,149,23,8
2025-02-26,7,M04,P02,L03,187,191,4,9
2025-02-26,7,M05,P04,L04,128,110,5,6
2025-02-26,7,M06,P01,L05,178,92,23,0
2025-02-26,7,M07,P03,L04,182,181,23,4
2025-02-26,7,M08,P04,L04,116,174,14,6
2025-02-26,7,M09,P04,L01,161,142,6,7
2025-02-26,7,M10,P03,L04,158,120,21,4
2025-02-26,8,M01,P02,L02,175,119,24,9
2025-02-26,8,M02,P05,L05,176,127,25,7
2025-02-26,8,M03,P01,L05,151,195,27,2
2025-02-26,8,M04,P04,L04,197,194,18,9
2025-02-26,8,M05,P04,L01,171,88,17,1
2025-02-26,8,M06,P02,L02,121,159,4,9
2025-02-26,8,M07,P02,L01,147,95,16,1
2025-02-26,8,M08,P05,L02,162,119,23,1
2025-02-26,8,M09,P05,L04,147,116,11,1
2025-02-26,8,M10,P02,L04,171,100,10,0
2025-02-26,9,M01,P03,L05,197,141,5,1
2025-02-26,9,M02,P03,L02,149,135,28,5
2025-02-26,9,M03,P04,L05,184,89,14,6
2025-02-26,9,M04,P04,L04,161,86,5,4
2025-02-26,9,M05,P01,L03,123,186,29,6
2025-02-26,9,M06,P05,L04,120,161,5,4
2025-02-26,9,M07,P01,L01,138,109,10,1
2025-02-26,9,M08,P02,L01,146,182,2,6
2025-02-26,9,M09,P02,L05,193,120,9,4
2025-02-26,9,M10,P01,L05,109,161,15,3
2025-02-26,10,M01,P02,L01,174,187,7,0
2025-02-26,10,M02,P01,L05,166,106,12,6
2025-02-26,10,M03,P03,L04,110,179,5,6
2025-02-26,10,M04,P05,L03,195,119,5,0
2025-02-26,10,M05,P03,L02,111,94,6,9
2025-02-26,10,M06,P01,L03,156,171,11,7
2025-02-26,10,M07,P01,L01,103,131,4,6
2025-02-26,10,M08,P04,L01,186,187,11,5
2025-02-26,10,M09,P01,L05,108,164,2,5
2025-02-26,10,M10,P05,L02,101,110,5,3
2025-02-26,11,M01,P05,L02,158,80,4,8
2025-02-26,11,M02,P04,L02,187,155,4,7
2025-02-26,11,M03,P02,L02,148,125,6,5
2025-02-26,11,M04,P03,L02,103,141,15,5
2025-02-26,11,M05,P01,L03,116,165,19,6
2025-02-26,11,M06,P03,L01,170,144,15,1
2025-02-26,11,M07,P02,L01,194,182,26,9
2025-02-26,11,M08,P02,L02,138,134,21,9
2025-02-26,11,M09,P05,L04,137,159,11,8
2025-02-26,11,M10,P04,L04,116,104,23,1
2025-02-26,12,M01,P03,L04,182,149,22,7
2025-02-26,12,M02,P01,L04,165,195,14,1
2025-02-26,12,M03,P03,L05,166,121,16,7
2025-02-26,12,M04,P05,L05,107,190,10,8
2025-02-26,12,M05,P02,L01,133,118,15,6
2025-02-26,12,M06,P05,L04,145,101,6,1
2025-02-26,12,M07,P02,L02,112,177,28,4
2025-02-26,12,M08,P03,L03,159,126,3,6
2025-02-26,12,M09,P02,L01,185,109,28,0
2025-02-26,12,M10,P05,L03,121,127,6,7
2025-02-26,13,M01,P03,L01,186,142,3,9
2025-02-26,13,M02,P01,L02,102,160,10,7
2025-02-26,13,M03,P02,L03,127,196,14,2
2025-02-26,13,M04,P03,L02,179,94,4,7
2025-02-26,13,M05,P03,L02,135,195,12,4
2025-02-26,13,M06,P05,L01,111,183,4,2
2025-02-26,13,M07,P04,L05,171,170,26,3
2025-02-26,13,M08,P04,L03,187,87,12,8
2025-02-26,13,M09,P02,L04,183,84,13,4
2025-02-26,13,M10,P01,L03,114,96,11,7
2025-02-26,14,M01,P05,L04,142,158,13,1
2025-02-26,14,M02,P05,L01,102,131,12,1
2025-02-26,14,M03,P04,L05,103,167,9,4
2025-02-26,14,M04,P05,L03,127,181,7,9
2025-02-26,14,M05,P01,L01,160,163,4,9
2025-02-26,14,M06,P01,L03,128,155,21,0
2025-02-26,14,M07,P03,L01,168,194,3,4
2025-02-26,14,M08,P02,L01,102,102,24,5
2025-02-26,14,M09,P04,L04,135,114,10,0
2025-02-26,14,M10,P04,L05,157,131,7,1
2025-02-26,15,M01,P02,L03,161,188,19,0
2025-02-26,15,M02,P02,L02,134,107,0,1
2025-02-26,15,M03,P02,L02,105,129,16,9
2025-02-26,15,M04,P01,L01,189,100,24,8
2025-02-26,15,M05,P02,L03,134,159,15,0
2025-02-26,15,M06,P02,L03,123,174,9,6
2025-02-26,15,M07,P01,L01,136,179,23,7
2025-02-26,15,M08,P05,L03,138,183,18,7
2025-02-26,15,M09,P01,L02,150,139,17,1
2025-02-26,15,M10,P04,L05,196,85,6,4
2025-02-26,16,M01,P01,L03,156,91,4,4
2025-02-26,16,M02,P05,L01,150,185,28,2
2025-02-26,16,M03,P02,L03,144,85,2,7
2025-02-26,16,M04,P02,L03,153,167,18,8
2025-02-26,16,M05,P01,L03,182,194,20,8
2025-02-26,16,M06,P05,L04,196,144,16,3
2025-02-26,16,M07,P04,L05,149,91,18,3
2025-02-26,16,M08,P02,L01,197,173,10,5
2025-02-26,16,M09,P04,L04,122,107,10,7
2025-02-26,16,M10,P02,L02,184,179,27,9
2025-02-26,17,M01,P01,L02,128,169,12,3
2025-02-26,17,M02,P03,L02,107,172,10,7
2025-02-26,17,M03,P05,L04,183,160,25,8
2025-02-26,17,M04,P01,L05,177,110,15,4
2025-02-26,17,M05,P02,L03,182,85,27,6
2025-02-26,17,M06,P01,L02,112,137,11,6
2025-02-26,17,M07,P01,L04,144,134,28,0
2025-02-26,17,M08,P02,L05,133,192,24,7
2025-02-26,17,M09,P04,L01,188,190,23,0
2025-02-26,17,M10,P05,L02,147,136,28,7
2025-02-26,18,M01,P03,L01,185,161,26,1
2025-02-26,18,M02,P01,L01,171,164,23,1
2025-02-26,18,M03,P03,L04,191,113,23,1
2025-02-26,18,M04,P05,L05,154,198,3,7
2025-02-26,18,M05,P05,L02,145,131,29,1
2025-02-26,18,M06,P04,L02,155,90,21,8
2025-02-26,18,M07,P05,L02,122,192,1,8
2025-02-26,18,M08,P01,L05,129,118,11,9
2025-02-26,18,M09,P03,L04,172,115,15,2
2025-02-26,18,M10,P05,L04,175,153,13,3
2025-02-26,19,M01,P04,L04,199,195,24,8
2025-02-26,19,M02,P01,L05,190,81,11,4
2025-02-26,19,M03,P04,L03,163,196,11,8
2025-02-26,19,M04,P03,L04,118,139,7,8
2025-02-26,19,M05,P01,L05,126,93,28,7
2025-02-26,19,M06,P02,L04,151,174,11,0
2025-02-26,19,M07,P02,L04,184,172,29,9
2025-02-26,19,M08,P02,L01,171,92,13,9
2025-02-26,19,M09,P04,L01,151,190,12,8
2025-02-26,19,M10,P04,L04,183,186,11,1
2025-02-26,20,M01,P05,L05,185,141,2,0
2025-02-26,20,M02,P04,L03,194,184,28,9
2025-02-26,20,M03,P03,L02,131,109,10,2
2025-02-26,20,M04,P04,L05,144,89,15,9
2025-02-26,20,M05,P04,L02,111,176,27,1
2025-02-26,20,M06,P04,L04,127,186,6,7
2025-02-26,20,M07,P03,L04,173,88,14,7
2025-02-26,20,M08,P01,L05,123,150,12,5
2025-02-26,20,M09,P03,L02,159,154,28,5
2025-02-26,20,M10,P05,L04,154,108,13,6
2025-02-26,21,M01,P01,L04,179,88,5,5
2025-02-26,21,M02,P02,L05,123,130,16,3
2025-02-26,21,M03,P03,L05,161,166,26,4
2025-02-26,21,M04,P02,L03,153,90,10,5
2025-02-26,21,M05,P03,L01,107,102,15,8
2025-02-26,21,M06,P01,L05,123,155,11,1
2025-02-26,21,M07,P04,L03,160,156,29,3
2025-02-26,21,M08,P02,L01,114,127,0,9
2025-02-26,21,M09,P01,L04,103,97,12,7
2025-02-26,21,M10,P04,L01,184,144,1,8
2025-02-26,22,M01,P03,L01,178,167,27,8
2025-02-26,22,M02,P04,L02,149,134,9,8
2025-02-26,22,M03,P01,L02,102,198,21,7
2025-02-26,22,M04,P02,L03,115,117,8,4
2025-02-26,22,M05,P03,L04,155,158,23,4
2025-02-26,22,M06,P03,L02,118,83,28,8
2025-02-26,22,M07,P04,L05,172,131,18,1
2025-02-26,22,M08,P01,L03,143,186,23,0
2025-02-26,22,M09,P02,L03,145,170,26,2
2025-02-26,22,M10,P04,L01,128,136,5,6
2025-02-26,23,M01,P05,L05,182,93,17,4
2025-02-26,23,M02,P03,L05,195,169,2,4
2025-02-26,23,M03,P05,L01,140,127,27,1
2025-02-26,23,M04,P03,L04,160,159,3,1
2025-02-26,23,M05,P01,L01,102,191,22,4
2025-02-26,23,M06,P05,L04,171,112,29,3
2025-02-26,23,M07,P03,L05,107,99,29,6
2025-02-26,23,M08,P03,L04,185,179,5,6
2025-02-26,23,M09,P04,L02,172,181,16,2
2025-02-26,23,M10,P01,L01,152,100,16,6
2025-02-26,24,M01,P04,L05,185,169,17,4
2025-02-26,24,M02,P05,L02,118,143,13,8
2025-02-26,24,M03,P01,L02,147,118,25,3
2025-02-26,24,M04,P05,L04,120,138,23,5
2025-02-26,24,M05,P05,L05,149,120,27,0
2025-02-26,24,M06,P02,L04,171,92,5,2
2025-02-26,24,M07,P03,L03,101,174,9,4
2025-02-26,24,M08,P05,L01,143,121,2,4
2025-02-26,24,M09,P03,L04,184,92,7,9
2025-02-26,24,M10,P05,L01,115,189,9,6
2025-02-27,1,M01,P04,L01,148,143,15,9
2025-02-27,1,M02,P01,L02,140,133,7,9
2025-02-27,1,M03,P04,L02,117,177,2,7
2025-02-27,1,M04,P05,L03,129,124,17,3
2025-02-27,1,M05,P04,L04,109,133,26,1
2025-02-27,1,M06,P04,L02,136,175,16,1
2025-02-27,1,M07,P01,L03,156,182,28,4
2025-02-27,1,M08,P02,L02,107,159,2,6
2025-02-27,1,M09,P05,L05,137,98,21,3
2025-02-27,1,M10,P04,L01,155,152,29,2
2025-02-27,2,M01,P01,L03,196,160,24,9
2025-02-27,2,M02,P05,L05,118,137,24,9
2025-02-27,2,M03,P05,L01,121,132,24,6
2025-02-27,2,M04,P05,L03,121,193,6,8
2025-02-27,2,M05,P01,L02,168,111,7,8
2025-02-27,2,M06,P04,L04,167,146,11,8
2025-02-27,2,M07,P03,L02,192,122,21,7
2025-02-27,2,M08,P04,L02,114,97,10,2
2025-02-27,2,M09,P01,L02,124,101,27,6
2025-02-27,2,M10,P02,L05,180,131,12,3
2025-02-27,3,M01,P05,L04,114,82,16,0
2025-02-27,3,M02,P01,L05,189,81,4,3
2025-02-27,3,M03,P03,L04,126,103,1,1
2025-02-27,3,M04,P02,L05,157,185,16,6
2025-02-27,3,M05,P02,L01,109,95,0,8
2025-02-27,3,M06,P05,L05,147,95,1,8
2025-02-27,3,M07,P03,L05,151,174,10,6
2025-02-27,3,M08,P02,L01,191,140,13,7
2025-02-27,3,M09,P04,L02,123,107,10,2
2025-02-27,3,M10,P01,L04,185,80,24,3
2025-02-27,4,M01,P01,L05,164,123,8,5
2025-02-27,4,M02,P02,L05,161,188,9,5
2025-02-27,4,M03,P01,L05,124,92,24,0
2025-02-27,4,M04,P03,L04,110,85,14,4
2025-02-27,4,M05,P02,L03,192,151,23,4
2025-02-27,4,M06,P03,L02,109,80,12,3
2025-02-27,4,M07,P05,L02,194,196,9,6
2025-02-27,4,M08,P05,L04,147,112,24,6
2025-02-27,4,M09,P04,L01,190,166,14,1
2025-02-27,4,M10,P02,L03,167,104,12,6
2025-02-27,5,M01,P04,L01,140,166,23,0
2025-02-27,5,M02,P04,L01,107,176,29,7
2025-02-27,5,M03,P03,L05,158,130,23,4
2025-02-27,5,M04,P02,L03,191,165,3,4
2025-02-27,5,M05,P04,L04,170,112,23,2
2025-02-27,5,M06,P05,L01,149,108,25,9
2025-02-27,5,M07,P05,L01,158,95,6,4
2025-02-27,5,M08,P02,L05,125,122,15,5
2025-02-27,5,M09,P05,L02,101,123,11,9
2025-02-27,5,M10,P02,L03,143,168,18,0
2025-02-27,6,M01,P01,L03,156,85,22,1
2025-02-27,6,M02,P04,L03,165,124,18,2
2025-02-27,6,M03,P01,L04,197,175,24,1
2025-02-27,6,M04,P01,L04,147,115,19,2
2025-02-27,6,M05,P01,L02,165,187,0,7
2025-02-27,6,M06,P02,L05,141,132,7,3
2025-02-27,6,M07,P03,L02,198,136,28,2
2025-02-27,6,M08,P01,L01,121,169,3,6
2025-02-27,6,M09,P05,L03,129,105,26,8
2025-02-27,6,M10,P01,L05,145,137,28,4
2025-02-27,7,M01,P01,L02,193,116,7,7
2025-02-27,7,M02,P04,L04,145,96,20,8
2025-02-27,7,M03,P05,L04,104,173,5,5
2025-02-27,7,M04,P05,L01,172,142,2,6
2025-02-27,7,M05,P04,L04,198,94,6,2
2025-02-27,7,M06,P01,L02,118,157,18,6
2025-02-27,7,M07,P02,L04,101,155,22,7
2025-02-27,7,M08,P05,L03,181,175,18,0
2025-02-27,7,M09,P04,L02,189,91,24,2
2025-02-27,7,M10,P04,L04,132,180,9,4
2025-02-27,8,M01,P01,L02,140,188,16,2
2025-02-27,8,M02,P04,L05,159,112,8,1
2025-02-27,8,M03,P05,L05,103,110,3,1
2025-02-27,8,M04,P02,L03,133,127,13,9
2025-02-27,8,M05,P01,L01,141,111,15,2
2025-02-27,8,M06,P03,L03,156,173,14,1
2025-02-27,8,M07,P03,L04,170,142,5,8
2025-02-27,8,M08,P02,L05,134,80,23,1
2025-02-27,8,M09,P02,L04,179,161,2,9
2025-02-27,8,M10,P05,L05,171,161,29,4
2025-02-27,9,M01,P04,L03,192,147,11,2
2025-02-27,9,M02,P01,L02,187,193,16,7
2025-02-27,9,M03,P02,L05,164,106,7,7
2025-02-27,9,M04,P05,L05,153,196,17,6
2025-02-27,9,M05,P01,L04,153,113,18,2
2025-02-27,9,M06,P01,L02,184,92,7,7
2025-02-27,9,M07,P04,L02,190,182,22,7
2025-02-27,9,M08,P05,L05,170,155,17,3
2025-02-27,9,M09,P02,L03,161,98,17,0
2025-02-27,9,M10,P02,L04,129,130,11,9
2025-02-27,10,M01,P03,L03,110,165,9,2
2025-02-27,10,M02,P04,L03,198,190,5,8
2025-02-27,10,M03,P03,L02,130,183,18,4
2025-02-27,10,M04,P03,L04,191,184,17,8
2025-02-27,10,M05,P05,L02,178,104,19,7
2025-02-27,10,M06,P05,L03,109,128,28,5
2025-02-27,10,M07,P04,L01,145,198,5,9
2025-02-27,10,M08,P03,L03,115,111,1,6
2025-02-27,10,M09,P02,L02,184,117,14,8
2025-02-27,10,M10,P04,L05,158,136,2,3
2025-02-27,11,M01,P03,L02,157,106,14,2
2025-02-27,11,M02,P01,L04,152,99,10,8
2025-02-27,11,M03,P03,L04,153,139,27,9
2025-02-27,11,M04,P05,L03,135,159,0,2
2025-02-27,11,M05,P05,L05,103,121,26,7
2025-02-27,11,M06,P01,L01,125,80,10,0
2025-02-27,11,M07,P05,L03,183,161,25,6
2025-02-27,11,M08,P03,L01,169,99,5,0
2025-02-27,11,M09,P03,L04,121,152,23,7
2025-02-27,11,M10,P04,L01,100,133,11,3
2025-02-27,12,M01,P03,L03,176,187,9,7
2025-02-27,12,M02,P03,L01,109,115,16,1
2025-02-27,12,M03,P01,L02,121,179,2,6
2025-02-27,12,M04,P05,L01,105,198,25,5
2025-02-27,12,M05,P03,L03,118,189,14,4
2025-02-27,12,M06,P05,L04,185,129,2,4
2025-02-27,12,M07,P05,L05,176,149,28,9
2025-02-27,12,M08,P05,L03,109,174,3,5
2025-02-27,12,M09,P02,L02,186,87,17,7
2025-02-27,12,M10,P05,L04,154,146,12,6
2025-02-27,13,M01,P02,L01,179,154,28,8
2025-02-27,13,M02,P05,L01,105,125,13,2
2025-02-27,13,M03,P02,L05,175,162,20,0
2025-02-27,13,M04,P01,L05,101,149,24,2
2025-02-27,13,M05,P02,L01,184,100,11,0
2025-02-27,13,M06,P04,L03,199,175,6,9
2025-02-27,13,M07,P01,L05,113,101,16,5
2025-02-27,13,M08,P02,L02,157,170,16,7
2025-02-27,13,M09,P02,L02,184,99,11,3
2025-02-27,13,M10,P03,L01,148,173,12,9
2025-02-27,14,M01,P04,L01,150,119,4,9
2025-02-27,14,M02,P01,L03,179,191,7,2
2025-02-27,14,M03,P02,L03,162,91,14,9
2025-02-27,14,M04,P03,L03,105,91,17,8
2025-02-27,14,M05,P02,L02,187,137,15,3
2025-02-27,14,M06,P05,L04,193,128,19,5
2025-02-27,14,M07,P02,L04,161,98,10,3
2025-02-27,14,M08,P01,L03,185,186,4,4
2025-02-27,14,M09,P04,L02,161,124,24,1
2025-02-27,14,M10,P03,L05,160,103,4,9
2025-02-27,15,M01,P03,L04,118,110,18,2
2025-02-27,15,M02,P02,L04,180,91,2,9
2025-02-27,15,M03,P05,L02,171,183,24,8
2025-02-27,15,M04,P05,L05,141,94,22,3
2025-02-27,15,M05,P03,L03,134,129,7,6
2025-02-27,15,M06,P05,L05,141,94,27,9
2025-02-27,15,M07,P01,L05,139,81,0,8
2025-02-27,15,M08,P03,L03,155,191,24,4
2025-02-27,15,M09,P03,L03,167,157,16,8
2025-02-27,15,M10,P04,L03,197,89,18,5
2025-02-27,16,M01,P04,L01,147,139,19,0
2025-02-27,16,M02,P03,L02,197,191,15,5
2025-02-27,16,M03,P01,L04,114,94,24,4
2025-02-27,16,M04,P03,L05,142,130,25,2
2025-02-27,16,M05,P01,L02,145,91,28,8
2025-02-27,16,M06,P01,L05,119,177,13,6
2025-02-27,16,M07,P03,L05,101,169,0,2
2025-02-27,16,M08,P04,L04,182,156,15,6
2025-02-27,16,M09,P01,L03,153,153,18,8
2025-02-27,16,M10,P04,L05,135,136,25,1
2025-02-27,17,M01,P04,L02,192,95,21,5
2025-02-27,17,M02,P03,L04,141,190,20,9
2025-02-27,17,M03,P01,L05,129,116,20,9
2025-02-27,17,M04,P04,L04,162,82,24,7
2025-02-27,17,M05,P03,L05,105,100,12,8
2025-02-27,17,M06,P03,L01,171,107,12,9
2025-02-27,17,M07,P05,L03,194,133,24,0
2025-02-27,17,M08,P04,L01,103,196,15,4
2025-02-27,17,M09,P01,L03,162,160,21,1
2025-02-27,17,M10,P01,L02,189,193,24,7
2025-02-27,18,M01,P04,L05,146,89,8,2
2025-02-27,18,M02,P01,L02,163,94,23,9
2025-02-27,18,M03,P05,L04,145,138,15,5
2025-02-27,18,M04,P03,L02,149,171,8,1
2025-02-27,18,M05,P02,L01,103,186,16,2
2025-02-27,18,M06,P02,L02,115,147,17,9
2025-02-27,18,M07,P02,L03,164,159,4,8
2025-02-27,18,M08,P04,L01,197,138,1,4
2025-02-27,18,M09,P05,L02,100,132,28,2
2025-02-27,18,M10,P02,L04,158,131,0,2
2025-02-27,19,M01,P01,L03,155,84,16,1
2025-02-27,19,M02,P03,L01,146,159,14,0
2025-02-27,19,M03,P05,L02,128,139,13,3
2025-02-27,19,M04,P04,L02,152,86,29,6
2025-02-27,19,M05,P01,L04,120,86,11,3
2025-02-27,19,M06,P02,L02,102,127,3,0
2025-02-27,19,M07,P04,L03,126,83,3,2
2025-02-27,19,M08,P04,L02,144,183,18,5
2025-02-27,19,M09,P01,L02,122,123,13,5
2025-02-27,19,M10,P02,L05,167,150,21,1
2025-02-27,20,M01,P01,L04,123,149,28,0
2025-02-27,20,M02,P03,L01,188,108,20,5
2025-02-27,20,M03,P01,L04,186,193,10,5
2025-02-27,20,M04,P03,L03,176,139,8,7
2025-02-27,20,M05,P03,L05,131,172,13,0
2025-02-27,20,M06,P01,L05,112,176,29,5
2025-02-27,20,M07,P02,L01,135,129,28,2
2025-02-27,20,M08,P01,L03,101,86,8,8
2025-02-27,20,M09,P03,L01,194,125,16,6
2025-02-27,20,M10,P01,L01,101,187,21,1
2025-02-27,21,M01,P03,L04,162,96,3,2
2025-02-27,21,M02,P04,L05,118,80,26,8
2025-02-27,21,M03,P03,L04,180,155,24,9
2025-02-27,21,M04,P02,L04,145,182,26,6
2025-02-27,21,M05,P03,L03,139,99,22,4
2025-02-27,21,M06,P04,L04,176,179,5,1
2025-02-27,21,M07,P05,L05,178,87,1,4
2025-02-27,21,M08,P02,L05,172,151,13,8
2025-02-27,21,M09,P03,L02,131,115,14,4
2025-02-27,21,M10,P04,L02,117,188,10,9
2025-02-27,22,M01,P04,L04,104,142,21,0
2025-02-27,22,M02,P05,L05,178,152,2,1
2025-02-27,22,M03,P02,L04,155,137,3,8
2025-02-27,22,M04,P01,L04,171,192,4,6
2025-02-27,22,M05,P05,L03,115,96,5,4
2025-02-27,22,M06,P04,L02,175,171,15,6
2025-02-27,22,M07,P02,L03,179,117,8,1
2025-02-27,22,M08,P02,L01,182,152,13,9
2025-02-27,22,M09,P04,L01,168,102,18,9
2025-02-27,22,M10,P05,L02,164,105,17,6
2025-02-27,23,M01,P02,L02,152,158,10,9
2025-02-27,23,M02,P04,L05,141,160,4,0
2025-02-27,23,M03,P04,L03,188,86,1,4
2025-02-27,23,M04,P05,L04,131,118,13,3
2025-02-27,23,M05,P03,L01,185,180,9,7
2025-02-27,23,M06,P03,L05,129,176,9,1
2025-02-27,23,M07,P05,L01,104,184,10,4
2025-02-27,23,M08,P03,L01,145,196,23,9
2025-02-27,23,M09,P04,L02,191,83,2,5
2025-02-27,23,M10,P02,L02,163,162,1,9
2025-02-27,24,M01,P02,L05,115,116,3,0
2025-02-27,24,M02,P02,L05,131,123,16,8
2025-02-27,24,M03,P04,L04,132,199,0,1
2025-02-27,24,M04,P05,L05,196,144,14,5
2025-02-27,24,M05,P01,L03,152,159,9,4
2025-02-27,24,M06,P03,L02,182,98,18,2
2025-02-27,24,M07,P04,L03,131,159,16,3
2025-02-27,24,M08,P03,L04,151,132,3,4
2025-02-27,24,M09,P03,L03,123,191,0,2
2025-02-27,24,M10,P02,L02,162,138,5,7
2025-02-28,1,M01,P03,L04,147,115,15,7
2025-02-28,1,M02,P01,L01,131,183,28,4
2025-02-28,1,M03,P01,L05,123,170,15,1
2025-02-28,1,M04,P02,L04,119,159,18,7
2025-02-28,1,M05,P05,L02,160,124,14,5
2025-02-28,1,M06,P03,L02,174,84,9,3
2025-02-28,1,M07,P02,L04,111,136,16,0
2025-02-28,1,M08,P03,L04,186,106,17,3
2025-02-28,1,M09,P02,L05,144,157,3,3
2025-02-28,1,M10,P03,L04,196,181,4,4
2025-02-28,2,M01,P04,L03,146,143,5,7
2025-02-28,2,M02,P04,L03,155,181,24,5
2025-02-28,2,M03,P02,L04,174,151,29,5
2025-02-28,2,M04,P03,L04,141,178,9,2
2025-02-28,2,M05,P02,L03,136,101,0,5
2025-02-28,2,M06,P01,L02,186,133,29,2
2025-02-28,2,M07,P02,L05,149,93,15,1
2025-02-28,2,M08,P04,L01,102,199,21,6
2025-02-28,2,M09,P01,L02,198,136,18,9
2025-02-28,2,M10,P03,L05,145,180,6,2
2025-02-28,3,M01,P02,L05,156,191,1,2
2025-02-28,3,M02,P01,L04,146,172,0,0
2025-02-28,3,M03,P03,L02,113,133,9,2
2025-02-28,3,M04,P02,L04,199,170,16,3
2025-02-28,3,M05,P03,L04,102,167,6,9
2025-02-28,3,M06,P03,L02,131,131,7,9
2025-02-28,3,M07,P05,L03,152,94,20,4
2025-02-28,3,M08,P02,L01,128,196,14,8
2025-02-28,3,M09,P01,L05,178,189,14,9
2025-02-28,3,M10,P04,L04,113,104,26,1
2025-02-28,4,M01,P01,L03,178,170,22,9
2025-02-28,4,M02,P01,L03,160,146,23,0
2025-02-28,4,M03,P04,L05,166,188,29,3
2025-02-28,4,M04,P03,L03,173,194,18,4
2025-02-28,4,M05,P02,L01,142,188,29,6
2025-02-28,4,M06,P01,L05,103,162,6,8
2025-02-28,4,M07,P04,L05,172,91,23,2
2025-02-28,4,M08,P05,L02,130,143,19,2
2025-02-28,4,M09,P01,L02,102,116,3,5
2025-02-28,4,M10,P03,L02,146,185,14,9
2025-02-28,5,M01,P04,L03,107,102,5,8
2025-02-28,5,M02,P01,L03,157,95,25,3
2025-02-28,5,M03,P03,L03,143,178,25,3
2025-02-28,5,M04,P05,L05,146,151,13,9
2025-02-28,5,M05,P02,L03,112,179,10,1
2025-02-28,5,M06,P04,L03,181,102,20,5
2025-02-28,5,M07,P03,L02,106,126,0,9
2025-02-28,5,M08,P05,L02,172,198,29,8
2025-02-28,5,M09,P01,L01,123,91,6,1
2025-02-28,5,M10,P03,L03,126,162,7,3
2025-02-28,6,M01,P04,L05,181,150,23,0
2025-02-28,6,M02,P02,L05,113,199,0,2
2025-02-28,6,M03,P03,L02,198,156,16,2
2025-02-28,6,M04,P05,L02,108,89,7,5
2025-02-28,6,M05,P03,L01,149,179,23,3
2025-02-28,6,M06,P04,L02,135,152,0,5
2025-02-28,6,M07,P04,L01,153,195,23,7
2025-02-28,6,M08,P01,L05,128,138,28,7
2025-02-28,6,M09,P03,L05,125,163,3,5
2025-02-28,6,M10,P02,L01,117,89,25,6
2025-02-28,7,M01,P02,L05,124,199,19,1
2025-02-28,7,M02,P03,L04,188,178,23,9
2025-02-28,7,M03,P05,L05,164,105,9,9
2025-02-28,7,M04,P01,L02,156,118,0,4
2025-02-28,7,M05,P03,L02,159,128,16,4
2025-02-28,7,M06,P05,L04,153,95,16,1
2025-02-28,7,M07,P05,L02,175,110,9,8
2025-02-28,7,M08,P04,L02,114,132,26,6
2025-02-28,7,M09,P01,L02,127,86,10,1
2025-02-28,7,M10,P02,L04,193,170,24,7
2025-02-28,8,M01,P02,L05,110,139,21,3
2025-02-28,8,M02,P02,L04,153,159,23,4
2025-02-28,8,M03,P04,L03,180,84,2,2
2025-02-28,8,M04,P01,L04,103,164,9,4
2025-02-28,8,M05,P02,L01,169,173,14,3
2025-02-28,8,M06,P04,L05,135,81,27,7
2025-02-28,8,M07,P01,L01,137,115,21,8
2025-02-28,8,M08,P04,L05,124,114,28,7
2025-02-28,8,M09,P01,L01,122,189,25,6
2025-02-28,8,M10,P05,L01,101,90,15,2
2025-02-28,9,M01,P05,L01,120,85,13,6
2025-02-28,9,M02,P01,L02,160,175,6,5
2025-02-28,9,M03,P01,L05,101,165,4,5
2025-02-28,9,M04,P01,L02,174,132,11,7
2025-02-28,9,M05,P03,L03,144,140,10,6
2025-02-28,9,M06,P02,L04,128,127,7,4
2025-02-28,9,M07,P05,L01,126,147,23,8
2025-02-28,9,M08,P02,L01,174,176,16,6
2025-02-28,9,M09,P05,L03,127,181,29,6
2025-02-28,9,M10,P02,L03,131,93,25,9
2025-02-28,10,M01,P05,L03,129,145,2,9
2025-02-28,10,M02,P01,L01,192,103,22,5
2025-02-28,10,M03,P01,L01,197,121,11,4
2025-02-28,10,M04,P04,L01,107,185,13,3
2025-02-28,10,M05,P04,L01,104,80,10,5
2025-02-28,10,M06,P01,L04,167,111,4,5
2025-02-28,10,M07,P02,L05,166,196,10,6
2025-02-28,10,M08,P03,L04,124,121,6,2
2025-02-28,10,M09,P05,L03,147,164,2,7
2025-02-28,10,M10,P05,L04,132,167,5,4
2025-02-28,11,M01,P02,L05,182,136,20,5
2025-02-28,11,M02,P01,L03,113,99,13,1
2025-02-28,11,M03,P04,L01,140,198,15,6
2025-02-28,11,M04,P02,L01,122,187,15,4
2025-02-28,11,M05,P04,L03,155,117,24,5
2025-02-28,11,M06,P03,L04,146,147,15,6
2025-02-28,11,M07,P01,L02,138,198,28,9
2025-02-28,11,M08,P02,L04,173,189,29,2
2025-02-28,11,M09,P04,L02,152,144,29,1
2025-02-28,11,M10,P04,L03,156,104,22,9
2025-02-28,12,M01,P04,L01,101,139,24,0
2025-02-28,12,M02,P05,L01,173,101,29,6
2025-02-28,12,M03,P02,L02,177,98,21,0
2025-02-28,12,M04,P04,L03,155,167,13,4
2025-02-28,12,M05,P04,L05,121,189,7,9
2025-02-28,12,M06,P03,L01,135,148,0,8
2025-02-28,12,M07,P05,L02,188,130,4,8
2025-02-28,12,M08,P05,L05,107,132,8,2
2025-02-28,12,M09,P04,L01,170,124,2,9
2025-02-28,12,M10,P01,L02,146,93,18,5
2025-02-28,13,M01,P02,L05,112,180,13,0
2025-02-28,13,M02,P01,L04,140,152,14,4
2025-02-28,13,M03,P05,L05,106,174,21,1
2025-02-28,13,M04,P02,L03,182,84,22,1
2025-02-28,13,M05,P04,L03,180,198,26,1
2025-02-28,13,M06,P04,L02,142,175,0,1
2025-02-28,13,M07,P05,L05,158,102,29,3
2025-02-28,13,M08,P03,L01,187,146,14,7
2025-02-28,13,M09,P02,L01,189,134,11,0
2025-02-28,13,M10,P03,L02,110,155,27,0
2025-02-28,14,M01,P03,L02,140,128,18,1
2025-02-28,14,M02,P04,L05,194,86,14,5
2025-02-28,14,M03,P05,L02,160,162,12,6
2025-02-28,14,M04,P01,L04,101,149,14,4
2025-02-28,14,M05,P01,L01,154,180,3,7
2025-02-28,14,M06,P01,L02,102,150,0,4
2025-02-28,14,M07,P03,L05,148,180,23,8
2025-02-28,14,M08,P05,L04,196,92,20,1
2025-02-28,14,M09,P05,L01,118,105,20,8
2025-02-28,14,M10,P03,L01,103,150,28,1
2025-02-28,15,M01,P05,L02,104,149,1,1
2025-02-28,15,M02,P02,L01,126,89,6,1
2025-02-28,15,M03,P03,L03,160,197,21,9
2025-02-28,15,M04,P01,L03,190,91,14,1
2025-02-28,15,M05,P01,L01,187,85,28,5
2025-02-28,15,M06,P02,L05,174,152,15,9
2025-02-28,15,M07,P03,L02,123,192,5,5
2025-02-28,15,M08,P01,L01,132,187,29,0
2025-02-28,15,M09,P03,L03,135,184,18,5
2025-02-28,15,M10,P04,L01,168,132,12,4
2025-02-28,16,M01,P03,L02,117,111,14,0
2025-02-28,16,M02,P01,L05,183,162,19,5
2025-02-28,16,M03,P01,L03,107,151,22,3
2025-02-28,16,M04,P05,L01,109,135,20,3
2025-02-28,16,M05,P01,L03,193,120,7,8
2025-02-28,16,M06,P01,L02,139,136,13,6
2025-02-28,16,M07,P04,L03,147,192,22,7
2025-02-28,16,M08,P01,L04,116,104,14,6
2025-02-28,16,M09,P01,L03,131,166,12,9
2025-02-28,16,M10,P05,L01,111,106,19,3
2025-02-28,17,M01,P02,L04,173,185,6,7
2025-02-28,17,M02,P03,L04,131,185,7,8
2025-02-28,17,M03,P04,L05,143,122,14,0
2025-02-28,17,M04,P05,L05,124,104,9,2
2025-02-28,17,M05,P05,L05,142,167,23,8
2025-02-28,17,M06,P05,L01,168,198,10,7
2025-02-28,17,M07,P04,L03,114,88,17,5
2025-02-28,17,M08,P03,L02,119,178,10,2
2025-02-28,17,M09,P03,L02,151,153,3,9
2025-02-28,17,M10,P01,L04,123,144,25,0
2025-02-28,18,M01,P04,L05,153,88,9,4
2025-02-28,18,M02,P02,L02,107,182,21,2
2025-02-28,18,M03,P03,L03,198,167,19,9
2025-02-28,18,M04,P02,L05,105,82,27,9
2025-02-28,18,M05,P01,L02,111,115,23,3
2025-02-28,18,M06,P03,L05,100,191,5,9
2025-02-28,18,M07,P05,L01,108,138,29,5
2025-02-28,18,M08,P05,L05,116,177,25,1
2025-02-28,18,M09,P01,L03,137,82,2,9
2025-02-28,18,M10,P02,L02,170,93,16,0
2025-02-28,19,M01,P03,L02,148,188,26,2
2025-02-28,19,M02,P01,L04,106,156,24,6
2025-02-28,19,M03,P01,L03,142,108,18,6
2025-02-28,19,M04,P03,L02,197,196,4,1
2025-02-28,19,M05,P05,L03,123,169,19,3
2025-02-28,19,M06,P02,L05,142,173,13,4
2025-02-28,19,M07,P01,L05,129,94,18,3
2025-02-28,19,M08,P03,L01,129,119,26,6
2025-02-28,19,M09,P01,L04,100,185,13,6
2025-02-28,19,M10,P02,L05,140,141,27,9
2025-02-28,20,M01,P01,L04,177,145,24,8
2025-02-28,20,M02,P05,L02,141,145,5,8
2025-02-28,20,M03,P03,L03,110,83,14,9
2025-02-28,20,M04,P04,L03,199,158,16,1
2025-02-28,20,M05,P02,L05,119,175,25,8
2025-02-28,20,M06,P04,L02,130,171,10,3
2025-02-28,20,M07,P04,L01,113,125,21,8
2025-02-28,20,M08,P01,L01,137,168,17,6
2025-02-28,20,M09,P03,L05,142,90,1,4
2025-02-28,20,M10,P04,L04,145,100,12,8
2025-02-28,21,M01,P01,L03,165,183,25,7
2025-02-28,21,M02,P05,L02,154,119,15,3
2025-02-28,21,M03,P02,L03,149,111,29,2
2025-02-28,21,M04,P05,L02,141,159,7,6
2025-02-28,21,M05,P02,L04,101,95,28,6
2025-02-28,21,M06,P01,L05,168,92,25,3
2025-02-28,21,M07,P05,L05,117,81,26,1
2025-02-28,21,M08,P03,L02,193,89,8,2
2025-02-28,21,M09,P05,L03,129,93,1,0
2025-02-28,21,M10,P02,L05,184,162,2,1
2025-02-28,22,M01,P02,L05,153,91,7,7
2025-02-28,22,M02,P04,L02,166,104,2,0
2025-02-28,22,M03,P01,L05,112,103,11,1
2025-02-28,22,M04,P02,L02,118,198,21,7
2025-02-28,22,M05,P05,L02,104,159,4,1
2025-02-28,22,M06,P04,L04,158,100,24,2
2025-02-28,22,M07,P03,L05,172,173,9,6
2025-02-28,22,M08,P01,L01,145,136,9,4
2025-02-28,22,M09,P02,L03,128,192,17,3
2025-02-28,22,M10,P01,L04,123,121,27,7
2025-02-28,23,M01,P02,L05,117,179,0,9
2025-02-28,23,M02,P04,L01,157,114,3,2
2025-02-28,23,M03,P03,L04,102,199,3,2
2025-02-28,23,M04,P04,L01,111,128,23,4
2025-02-28,23,M05,P03,L02,146,133,10,6
2025-02-28,23,M06,P03,L02,166,104,24,5
2025-02-28,23,M07,P01,L01,114,142,19,9
2025-02-28,23,M08,P04,L03,105,138,24,3
2025-02-28,23,M09,P02,L03,125,127,24,6
2025-02-28,23,M10,P03,L01,173,117,19,4
2025-02-28,24,M01,P04,L02,134,148,28,2
2025-02-28,24,M02,P01,L03,131,115,29,3
2025-02-28,24,M03,P04,L01,138,172,25,8
2025-02-28,24,M04,P04,L04,181,197,25,9
2025-02-28,24,M05,P01,L05,108,111,12,6
2025-02-28,24,M06,P01,L05,194,148,13,1
2025-02-28,24,M07,P05,L01,155,153,14,3
2025-02-28,24,M08,P04,L04,155,86,28,0
2025-02-28,24,M09,P04,L02,133,130,3,9
2025-02-28,24,M10,P01,L01,166,129,2,2
2025-03-01,1,M01,P05,L03,196,92,21,7
2025-03-01,1,M02,P01,L05,142,153,26,6
2025-03-01,1,M03,P05,L03,141,88,27,6
2025-03-01,1,M04,P02,L01,163,120,12,1
2025-03-01,1,M05,P04,L04,170,113,0,3
2025-03-01,1,M06,P02,L02,195,182,9,8
2025-03-01,1,M07,P02,L02,146,106,14,4
2025-03-01,1,M08,P02,L03,110,166,17,5
2025-03-01,1,M09,P03,L01,175,168,5,1
2025-03-01,1,M10,P01,L01,197,107,24,1
2025-03-01,2,M01,P05,L01,119,125,12,8
2025-03-01,2,M02,P02,L04,184,107,14,6
2025-03-01,2,M03,P05,L01,107,121,26,0
2025-03-01,2,M04,P05,L04,110,181,3,4
2025-03-01,2,M05,P04,L03,138,102,0,1
2025-03-01,2,M06,P03,L04,171,176,15,1
2025-03-01,2,M07,P01,L05,133,130,8,2
2025-03-01,2,M08,P05,L02,130,103,13,2
2025-03-01,2,M09,P03,L04,131,165,21,9
2025-03-01,2,M10,P04,L03,128,147,21,8
2025-03-01,3,M01,P05,L05,114,127,21,5
2025-03-01,3,M02,P02,L04,168,179,1,1
2025-03-01,3,M03,P05,L04,113,88,27,5
2025-03-01,3,M04,P04,L04,112,100,22,5
2025-03-01,3,M05,P02,L04,188,101,18,3
2025-03-01,3,M06,P05,L04,144,199,21,4
2025-03-01,3,M07,P01,L02,106,153,27,9
2025-03-01,3,M08,P02,L03,144,82,26,7
2025-03-01,3,M09,P04,L04,152,110,22,7
2025-03-01,3,M10,P03,L01,178,196,27,0
2025-03-01,4,M01,P03,L03,165,124,2,7
2025-03-01,4,M02,P05,L05,144,146,24,8
2025-03-01,4,M03,P04,L04,101,151,0,4
2025-03-01,4,M04,P05,L04,163,169,6,6
2025-03-01,4,M05,P03,L01,130,113,10,7
2025-03-01,4,M06,P03,L01,155,176,28,9
2025-03-01,4,M07,P01,L05,132,124,5,4
2025-03-01,4,M08,P02,L05,193,136,27,4
2025-03-01,4,M09,P03,L03,138,101,14,5
2025-03-01,4,M10,P04,L05,137,150,11,7
2025-03-01,5,M01,P04,L02,190,166,2,4
2025-03-01,5,M02,P01,L02,117,136,5,9
2025-03-01,5,M03,P02,L04,160,176,27,3
2025-03-01,5,M04,P04,L02,122,138,22,2
2025-03-01,5,M05,P02,L03,133,92,7,3
2025-03-01,5,M06,P02,L03,138,169,3,1
2025-03-01,5,M07,P04,L03,180,135,26,7
2025-03-01,5,M08,P05,L05,145,165,3,2
2025-03-01,5,M09,P05,L03,167,92,14,5
2025-03-01,5,M10,P01,L02,160,99,20,7
2025-03-01,6,M01,P02,L02,165,184,26,5
2025-03-01,6,M02,P01,L02,109,118,12,4
2025-03-01,6,M03,P01,L04,131,193,23,7
2025-03-01,6,M04,P02,L02,163,166,0,4
2025-03-01,6,M05,P02,L05,181,173,18,5
2025-03-01,6,M06,P04,L01,121,125,5,6
2025-03-01,6,M07,P01,L01,199,129,4,0
2025-03-01,6,M08,P04,L05,159,108,20,9
2025-03-01,6,M09,P03,L05,177,198,6,2
2025-03-01,6,M10,P01,L05,103,81,2,0
2025-03-01,7,M01,P01,L05,149,92,18,2
2025-03-01,7,M02,P02,L04,138,190,26,0
2025-03-01,7,M03,P01,L03,124,173,22,4
2025-03-01,7,M04,P03,L03,132,164,22,2
2025-03-01,7,M05,P02,L05,116,166,28,7
2025-03-01,7,M06,P04,L01,133,144,15,5
2025-03-01,7,M07,P05,L05,110,112,5,0
2025-03-01,7,M08,P05,L01,147,196,19,7
2025-03-01,7,M09,P04,L04,142,188,24,0
2025-03-01,7,M10,P03,L04,142,163,7,0
2025-03-01,8,M01,P02,L03,169,184,25,8
2025-03-01,8,M02,P05,L02,118,199,8,8
2025-03-01,8,M03,P01,L03,195,107,14,9
2025-03-01,8,M04,P05,L05,141,107,8,2
2025-03-01,8,M05,P05,L01,101,97,20,7
2025-03-01,8,M06,P05,L02,107,163,8,3
2025-03-01,8,M07,P04,L05,143,139,6,8
2025-03-01,8,M08,P05,L05,144,179,1,1
2025-03-01,8,M09,P02,L05,161,126,1,1
2025-03-01,8,M10,P05,L04,179,198,21,7
2025-03-01,9,M01,P03,L05,142,169,7,6
2025-03-01,9,M02,P02,L05,151,172,21,3
2025-03-01,9,M03,P05,L04,189,146,17,0
2025-03-01,9,M04,P05,L03,132,173,21,1
2025-03-01,9,M05,P05,L03,171,132,27,1
2025-03-01,9,M06,P03,L02,182,103,4,7
2025-03-01,9,M07,P01,L04,198,145,5,3
2025-03-01,9,M08,P04,L02,125,99,28,9
2025-03-01,9,M09,P04,L04,187,144,24,2
2025-03-01,9,M10,P05,L05,199,131,22,3
2025-03-01,10,M01,P03,L02,126,120,13,3
2025-03-01,10,M02,P02,L04,139,159,10,6
2025-03-01,10,M03,P02,L04,165,188,8,1
2025-03-01,10,M04,P03,L02,163,108,21,6
2025-03-01,10,M05,P03,L01,105,94,14,7
2025-03-01,10,M06,P05,L03,120,137,12,8
2025-03-01,10,M07,P01,L04,114,156,13,7
2025-03-01,10,M08,P05,L05,188,178,24,7
2025-03-01,10,M09,P02,L03,158,87,7,6
2025-03-01,10,M10,P04,L03,102,122,12,8
2025-03-01,11,M01,P05,L03,139,155,2,2
2025-03-01,11,M02,P03,L05,130,103,8,6
2025-03-01,11,M03,P03,L01,179,176,9,1
2025-03-01,11,M04,P04,L05,134,86,5,1
2025-03-01,11,M05,P05,L04,116,98,13,0
2025-03-01,11,M06,P02,L03,183,100,15,2
2025-03-01,11,M07,P05,L02,126,150,9,8
2025-03-01,11,M08,P04,L04,137,94,14,8
2025-03-01,11,M09,P04,L04,190,81,8,5
2025-03-01,11,M10,P04,L02,125,180,16,8
2025-03-01,12,M01,P03,L01,189,111,13,2
2025-03-01,12,M02,P03,L01,158,123,0,5
2025-03-01,12,M03,P04,L05,148,198,0,0
2025-03-01,12,M04,P01,L02,116,199,12,0
2025-03-01,12,M05,P01,L03,172,199,13,0
2025-03-01,12,M06,P04,L02,149,188,13,5
2025-03-01,12,M07,P03,L05,184,171,29,7
2025-03-01,12,M08,P05,L04,100,169,15,1
2025-03-01,12,M09,P04,L01,149,185,10,6
2025-03-01,12,M10,P05,L04,120,144,17,4
2025-03-01,13,M01,P03,L01,159,81,1,8
2025-03-01,13,M02,P04,L02,147,180,24,3
2025-03-01,13,M03,P05,L02,191,119,12,4
2025-03-01,13,M04,P02,L01,190,138,2,6
2025-03-01,13,M05,P03,L04,114,141,5,9
2025-03-01,13,M06,P05,L03,170,165,28,4
2025-03-01,13,M07,P02,L03,197,98,1,2
2025-03-01,13,M08,P01,L02,140,132,15,8
2025-03-01,13,M09,P03,L04,151,175,25,9
2025-03-01,13,M10,P01,L05,163,157,8,3
2025-03-01,14,M01,P02,L01,174,195,13,3
2025-03-01,14,M02,P02,L03,124,176,8,9
2025-03-01,14,M03,P01,L01,108,133,7,7
2025-03-01,14,M04,P04,L03,180,176,22,8
2025-03-01,14,M05,P02,L03,187,154,28,4
2025-03-01,14,M06,P03,L01,173,90,28,2
2025-03-01,14,M07,P05,L01,142,183,26,0
2025-03-01,14,M08,P03,L01,178,177,20,8
2025-03-01,14,M09,P01,L05,187,180,2,5
2025-03-01,14,M10,P04,L04,192,134,6,8
2025-03-01,15,M01,P01,L01,102,148,10,3
2025-03-01,15,M02,P01,L04,132,124,19,4
2025-03-01,15,M03,P02,L04,120,137,18,6
2025-03-01,15,M04,P02,L04,174,199,15,9
2025-03-01,15,M05,P03,L02,154,199,9,2
2025-03-01,15,M06,P04,L04,101,87,17,8
2025-03-01,15,M07,P03,L01,123,105,2,7
2025-03-01,15,M08,P02,L05,113,116,17,2
2025-03-01,15,M09,P04,L01,156,119,25,4
2025-03-01,15,M10,P04,L05,172,162,26,7
2025-03-01,16,M01,P01,L03,176,124,3,6
2025-03-01,16,M02,P02,L01,186,186,29,4
2025-03-01,16,M03,P01,L05,147,176,11,8
2025-03-01,16,M04,P03,L04,158,132,22,6
2025-03-01,16,M05,P05,L05,157,179,13,5
2025-03-01,16,M06,P04,L03,123,169,9,2
2025-03-01,16,M07,P05,L03,131,185,12,2
2025-03-01,16,M08,P02,L02,196,153,12,0
2025-03-01,16,M09,P01,L02,135,173,6,4
2025-03-01,16,M10,P01,L05,187,128,25,8
2025-03-01,17,M01,P05,L03,105,162,10,6
2025-03-01,17,M02,P05,L02,166,145,12,8
2025-03-01,17,M03,P05,L03,193,162,23,5
2025-03-01,17,M04,P01,L05,158,156,5,7
2025-03-01,17,M05,P03,L02,195,109,22,5
2025-03-01,17,M06,P02,L01,179,138,4,6
2025-03-01,17,M07,P02,L04,168,121,18,0
2025-03-01,17,M08,P02,L01,139,131,23,4
2025-03-01,17,M09,P04,L03,178,84,3,2
2025-03-01,17,M10,P02,L03,121,87,19,0
2025-03-01,18,M01,P04,L04,130,132,23,6
2025-03-01,18,M02,P01,L02,162,162,8,0
2025-03-01,18,M03,P02,L01,173,166,0,2
2025-03-01,18,M04,P02,L03,136,142,2,8
2025-03-01,18,M05,P01,L03,100,133,3,0
2025-03-01,18,M06,P02,L01,195,128,18,9
2025-03-01,18,M07,P04,L04,196,188,3,3
2025-03-01,18,M08,P03,L04,178,120,21,6
2025-03-01,18,M09,P02,L01,193,87,20,1
2025-03-01,18,M10,P04,L05,168,111,15,7
2025-03-01,19,M01,P03,L02,138,171,0,1
2025-03-01,19,M02,P04,L01,112,175,28,3
2025-03-01,19,M03,P02,L03,199,155,25,5
2025-03-01,19,M04,P03,L03,157,183,16,5
2025-03-01,19,M05,P02,L05,147,122,13,0
2025-03-01,19,M06,P04,L04,127,140,5,6
2025-03-01,19,M07,P01,L03,166,101,12,5
2025-03-01,19,M08,P03,L02,154,107,25,7
2025-03-01,19,M09,P02,L03,189,141,0,9
2025-03-01,19,M10,P04,L05,100,161,16,0
2025-03-01,20,M01,P04,L03,168,148,1,2
2025-03-01,20,M02,P04,L02,124,98,18,6
2025-03-01,20,M03,P01,L04,136,186,29,3
2025-03-01,20,M04,P05,L03,170,161,5,3
2025-03-01,20,M05,P02,L01,139,117,8,6
2025-03-01,20,M06,P01,L05,158,175,20,6
2025-03-01,20,M07,P03,L02,177,143,2,4
2025-03-01,20,M08,P01,L01,115,105,20,1
2025-03-01,20,M09,P05,L04,159,175,9,9
2025-03-01,20,M10,P01,L02,129,123,5,8
2025-03-01,21,M01,P05,L01,108,168,19,0
2025-03-01,21,M02,P04,L04,119,169,7,1
2025-03-01,21,M03,P02,L04,192,165,23,2
2025-03-01,21,M04,P01,L02,123,169,4,4
2025-03-01,21,M05,P03,L02,195,167,8,2
2025-03-01,21,M06,P03,L02,119,184,11,0
2025-03-01,21,M07,P02,L04,171,150,22,1
2025-03-01,21,M08,P05,L02,171,140,1,3
2025-03-01,21,M09,P02,L02,168,191,10,2
2025-03-01,21,M10,P02,L03,181,110,19,6
2025-03-01,22,M01,P02,L05,116,120,12,7
2025-03-01,22,M02,P01,L01,147,132,29,7
2025-03-01,22,M03,P02,L02,149,134,8,6
2025-03-01,22,M04,P04,L01,104,198,15,0
2025-03-01,22,M05,P02,L02,194,142,25,8
2025-03-01,22,M06,P01,L03,196,178,25,1
2025-03-01,22,M07,P01,L02,105,180,29,4
2025-03-01,22,M08,P01,L03,153,115,6,3
2025-03-01,22,M09,P04,L01,101,180,26,1
2025-03-01,22,M10,P02,L05,110,157,11,3
2025-03-01,23,M01,P03,L05,142,118,26,8
2025-03-01,23,M02,P04,L03,180,134,0,2
2025-03-01,23,M03,P04,L01,136,185,25,1
2025-03-01,23,M04,P01,L01,127,170,13,3
2025-03-01,23,M05,P03,L04,161,165,3,7
2025-03-01,23,M06,P05,L02,127,149,0,8
2025-03-01,23,M07,P04,L02,106,167,27,3
2025-03-01,23,M08,P01,L04,126,95,3,5
2025-03-01,23,M09,P04,L02,118,153,25,1
2025-03-01,23,M10,P01,L01,173,141,0,9
2025-03-01,24,M01,P05,L02,112,181,29,7
2025-03-01,24,M02,P02,L02,136,98,1,5
2025-03-01,24,M03,P04,L01,139,94,5,3
2025-03-01,24,M04,P05,L04,197,183,21,5
2025-03-01,24,M05,P01,L03,107,155,6,0
2025-03-01,24,M06,P05,L04,155,97,26,7
2025-03-01,24,M07,P03,L05,111,85,1,6
2025-03-01,24,M08,P03,L03,160,174,21,3
2025-03-01,24,M09,P05,L01,160,195,15,0
2025-03-01,24,M10,P03,L05,158,167,2,6
2025-03-02,1,M01,P01,L03,178,157,3,3
2025-03-02,1,M02,P04,L01,174,112,10,8
2025-03-02,1,M03,P02,L02,153,106,3,5
2025-03-02,1,M04,P01,L02,171,194,7,3
2025-03-02,1,M05,P01,L02,164,100,25,8
2025-03-02,1,M06,P04,L03,155,191,19,2
2025-03-02,1,M07,P03,L02,186,90,26,1
2025-03-02,1,M08,P05,L05,124,167,23,9
2025-03-02,1,M09,P02,L02,111,121,6,3
2025-03-02,1,M10,P05,L03,182,150,16,3
2025-03-02,2,M01,P04,L01,116,176,1,6
2025-03-02,2,M02,P04,L05,144,142,9,5
2025-03-02,2,M03,P02,L04,110,193,21,0
2025-03-02,2,M04,P01,L05,106,162,24,4
2025-03-02,2,M05,P02,L01,103,103,13,6
2025-03-02,2,M06,P04,L01,111,141,19,9
2025-03-02,2,M07,P01,L04,161,155,25,5
2025-03-02,2,M08,P01,L04,109,162,10,0
2025-03-02,2,M09,P04,L05,145,188,1,5
2025-03-02,2,M10,P01,L05,189,195,10,5
2025-03-02,3,M01,P02,L04,163,163,28,4
2025-03-02,3,M02,P02,L01,172,113,10,1
2025-03-02,3,M03,P04,L03,191,160,8,4
2025-03-02,3,M04,P04,L03,193,142,13,1
2025-03-02,3,M05,P05,L04,178,187,13,6
2025-03-02,3,M06,P02,L02,134,113,1,3
2025-03-02,3,M07,P05,L04,118,109,16,3
2025-03-02,3,M08,P05,L01,175,151,14,4
2025-03-02,3,M09,P04,L02,184,132,16,4
2025-03-02,3,M10,P02,L02,123,167,11,0
2025-03-02,4,M01,P05,L04,125,135,2,0
2025-03-02,4,M02,P02,L04,111,196,5,3
2025-03-02,4,M03,P03,L01,171,186,12,8
2025-03-02,4,M04,P02,L03,104,185,12,8
2025-03-02,4,M05,P03,L05,195,133,28,9
2025-03-02,4,M06,P01,L01,192,116,22,5
2025-03-02,4,M07,P04,L01,107,170,24,6
2025-03-02,4,M08,P02,L04,140,107,20,9
2025-03-02,4,M09,P04,L03,176,105,1,2
2025-03-02,4,M10,P04,L05,148,97,19,0
2025-03-02,5,M01,P04,L04,181,89,19,7
2025-03-02,5,M02,P01,L03,160,180,26,5
2025-03-02,5,M03,P04,L04,182,108,25,9
2025-03-02,5,M04,P01,L04,176,118,24,5
2025-03-02,5,M05,P02,L05,153,102,17,0
2025-03-02,5,M06,P04,L05,107,111,10,5
2025-03-02,5,M07,P03,L03,169,147,22,6
2025-03-02,5,M08,P02,L01,126,145,21,8
2025-03-02,5,M09,P05,L05,155,187,17,2
2025-03-02,5,M10,P01,L04,111,103,29,8
2025-03-02,6,M01,P05,L02,195,136,20,7
2025-03-02,6,M02,P01,L01,127,187,3,0
2025-03-02,6,M03,P01,L04,168,145,3,7
2025-03-02,6,M04,P02,L03,150,193,19,4
2025-03-02,6,M05,P01,L04,131,151,22,9
2025-03-02,6,M06,P03,L05,120,194,11,6
2025-03-02,6,M07,P03,L01,154,92,3,6
2025-03-02,6,M08,P02,L02,137,179,22,7
2025-03-02,6,M09,P05,L02,124,197,14,3
2025-03-02,6,M10,P01,L01,103,164,19,8
2025-03-02,7,M01,P03,L01,140,139,22,4
2025-03-02,7,M02,P04,L03,120,103,4,9
2025-03-02,7,M03,P04,L02,182,84,28,5
2025-03-02,7,M04,P03,L01,164,110,22,1
2025-03-02,7,M05,P04,L02,130,194,18,0
2025-03-02,7,M06,P03,L04,115,131,8,3
2025-03-02,7,M07,P05,L02,190,133,8,8
2025-03-02,7,M08,P04,L02,117,123,25,9
2025-03-02,7,M09,P04,L01,197,189,5,6
2025-03-02,7,M10,P01,L01,180,89,29,9
2025-03-02,8,M01,P02,L01,119,175,2,3
2025-03-02,8,M02,P04,L05,102,82,3,5
2025-03-02,8,M03,P05,L04,107,181,16,0
2025-03-02,8,M04,P02,L05,109,165,7,8
2025-03-02,8,M05,P03,L04,186,120,11,7
2025-03-02,8,M06,P05,L04,187,80,25,5
2025-03-02,8,M07,P01,L03,130,135,1,4
2025-03-02,8,M08,P04,L03,171,123,2,8
2025-03-02,8,M09,P04,L01,199,150,9,5
2025-03-02,8,M10,P05,L04,141,163,16,3
2025-03-02,9,M01,P02,L03,172,91,10,9
2025-03-02,9,M02,P02,L02,179,120,15,0
2025-03-02,9,M03,P04,L05,176,123,1,0
2025-03-02,9,M04,P02,L05,189,149,20,0
2025-03-02,9,M05,P04,L03,105,180,21,7
2025-03-02,9,M06,P05,L03,183,84,12,8
2025-03-02,9,M07,P03,L02,152,106,23,4
2025-03-02,9,M08,P01,L05,178,190,8,8
2025-03-02,9,M09,P04,L05,100,190,6,9
2025-03-02,9,M10,P01,L04,173,172,9,7
2025-03-02,10,M01,P03,L01,117,124,19,6
2025-03-02,10,M02,P05,L04,126,156,15,0
2025-03-02,10,M03,P01,L04,112,124,7,1
2025-03-02,10,M04,P03,L02,196,86,12,1
2025-03-02,10,M05,P05,L04,163,184,16,4
2025-03-02,10,M06,P01,L05,185,131,0,9
2025-03-02,10,M07,P03,L04,186,150,24,3
2025-03-02,10,M08,P05,L04,143,109,24,1
2025-03-02,10,M09,P01,L04,153,93,5,6
2025-03-02,10,M10,P04,L05,182,129,6,4
2025-03-02,11,M01,P04,L01,108,174,7,6
2025-03-02,11,M02,P01,L05,191,132,14,7
2025-03-02,11,M03,P04,L04,168,151,4,3
2025-03-02,11,M04,P04,L03,160,101,9,0
2025-03-02,11,M05,P01,L04,162,171,5,7
2025-03-02,11,M06,P02,L04,162,98,13,6
2025-03-02,11,M07,P01,L05,132,167,19,9
2025-03-02,11,M08,P05,L03,143,144,20,8
2025-03-02,11,M09,P01,L04,167,85,2,1
2025-03-02,11,M10,P05,L01,126,97,4,5
2025-03-02,12,M01,P04,L05,197,172,22,4
2025-03-02,12,M02,P03,L05,191,85,10,6
2025-03-02,12,M03,P03,L03,183,197,18,5
2025-03-02,12,M04,P04,L01,168,177,9,1
2025-03-02,12,M05,P04,L03,156,104,15,5
2025-03-02,12,M06,P05,L02,184,150,4,8
2025-03-02,12,M07,P04,L01,100,174,19,2
2025-03-02,12,M08,P05,L01,173,115,22,1
2025-03-02,12,M09,P04,L05,143,86,5,8
2025-03-02,12,M10,P02,L03,178,101,12,5
2025-03-02,13,M01,P01,L03,161,187,28,2
2025-03-02,13,M02,P05,L02,161,92,14,2
2025-03-02,13,M03,P05,L04,168,81,17,5
2025-03-02,13,M04,P04,L02,191,118,28,3
2025-03-02,13,M05,P04,L02,128,114,16,3
2025-03-02,13,M06,P05,L03,122,194,18,5
2025-03-02,13,M07,P04,L02,107,178,4,0
2025-03-02,13,M08,P01,L01,137,81,11,0
2025-03-02,13,M09,P05,L02,165,155,4,6
2025-03-02,13,M10,P02,L04,160,110,20,5
2025-03-02,14,M01,P01,L05,142,183,22,8
2025-03-02,14,M02,P04,L01,198,173,27,7
2025-03-02,14,M03,P01,L03,119,173,24,7
2025-03-02,14,M04,P03,L03,154,157,20,2
2025-03-02,14,M05,P04,L04,143,192,10,8
2025-03-02,14,M06,P04,L03,127,84,10,6
2025-03-02,14,M07,P01,L02,183,172,14,4
2025-03-02,14,M08,P05,L03,114,160,23,2
2025-03-02,14,M09,P04,L05,157,142,3,6
2025-03-02,14,M10,P04,L04,185,167,25,3
2025-03-02,15,M01,P01,L05,190,92,2,7
2025-03-02,15,M02,P02,L02,151,149,25,1
2025-03-02,15,M03,P04,L01,108,143,14,6
2025-03-02,15,M04,P03,L03,172,101,17,6
2025-03-02,15,M05,P04,L04,106,196,16,2
2025-03-02,15,M06,P01,L05,122,116,3,8
2025-03-02,15,M07,P02,L05,163,97,2,6
2025-03-02,15,M08,P05,L04,175,180,16,9
2025-03-02,15,M09,P01,L03,167,91,20,1
2025-03-02,15,M10,P03,L02,155,176,13,3
2025-03-02,16,M01,P02,L04,103,192,23,8
2025-03-02,16,M02,P01,L03,191,156,7,1
2025-03-02,16,M03,P02,L02,183,144,11,2
2025-03-02,16,M04,P04,L04,111,118,28,9
2025-03-02,16,M05,P05,L03,174,104,19,3
2025-03-02,16,M06,P03,L01,169,149,6,8
2025-03-02,16,M07,P02,L02,108,164,17,0
2025-03-02,16,M08,P02,L02,175,144,27,7
2025-03-02,16,M09,P02,L03,113,93,25,7
2025-03-02,16,M10,P05,L01,193,102,18,8
2025-03-02,17,M01,P04,L01,101,153,8,4
2025-03-02,17,M02,P04,L03,107,184,10,0
2025-03-02,17,M03,P03,L03,129,113,13,3
2025-03-02,17,M04,P02,L04,187,167,28,5
2025-03-02,17,M05,P02,L04,178,162,18,2
2025-03-02,17,M06,P01,L04,128,94,19,6
2025-03-02,17,M07,P02,L02,155,145,18,5
2025-03-02,17,M08,P02,L05,133,164,20,0
2025-03-02,17,M09,P03,L02,198,104,9,2
2025-03-02,17,M10,P01,L02,140,183,29,4
2025-03-02,18,M01,P01,L01,190,92,4,6
2025-03-02,18,M02,P01,L05,124,189,18,0
2025-03-02,18,M03,P05,L03,174,169,27,8
2025-03-02,18,M04,P04,L05,105,139,4,5
2025-03-02,18,M05,P03,L04,146,164,4,1
2025-03-02,18,M06,P04,L02,160,194,29,6
2025-03-02,18,M07,P03,L05,162,198,1,9
2025-03-02,18,M08,P03,L04,137,158,0,7
2025-03-02,18,M09,P05,L02,129,154,13,0
2025-03-02,18,M10,P02,L02,116,154,9,2
2025-03-02,19,M01,P03,L02,125,182,10,1
2025-03-02,19,M02,P05,L01,154,143,2,9
2025-03-02,19,M03,P05,L05,106,130,21,2
2025-03-02,19,M04,P04,L03,140,198,16,7
2025-03-02,19,M05,P02,L01,132,158,10,3
2025-03-02,19,M06,P03,L01,144,139,25,7
2025-03-02,19,M07,P05,L05,129,117,15,5
2025-03-02,19,M08,P03,L05,108,100,8,4
2025-03-02,19,M09,P01,L03,179,97,11,4
2025-03-02,19,M10,P04,L03,131,174,13,7
2025-03-02,20,M01,P05,L01,171,81,21,6
2025-03-02,20,M02,P03,L02,160,194,27,9
2025-03-02,20,M03,P03,L02,193,128,22,3
2025-03-02,20,M04,P03,L03,174,89,2,8
2025-03-02,20,M05,P05,L02,157,94,25,1
2025-03-02,20,M06,P05,L04,164,135,1,3
2025-03-02,20,M07,P05,L03,131,88,4,8
2025-03-02,20,M08,P03,L01,138,119,15,0
2025-03-02,20,M09,P02,L03,152,144,18,1
2025-03-02,20,M10,P02,L05,151,111,4,0
2025-03-02,21,M01,P03,L03,110,180,28,3
2025-03-02,21,M02,P03,L02,179,195,11,1
2025-03-02,21,M03,P01,L04,176,135,18,4
2025-03-02,21,M04,P01,L02,124,173,9,6
2025-03-02,21,M05,P04,L02,162,101,24,5
2025-03-02,21,M06,P01,L04,147,102,22,5
2025-03-02,21,M07,P05,L03,163,166,5,6
2025-03-02,21,M08,P04,L05,132,105,26,4
2025-03-02,21,M09,P02,L02,173,145,19,5
2025-03-02,21,M10,P02,L05,194,87,25,0
2025-03-02,22,M01,P03,L05,189,139,29,9
2025-03-02,22,M02,P02,L02,192,145,19,2
2025-03-02,22,M03,P03,L01,147,139,13,5
2025-03-02,22,M04,P03,L04,174,129,10,7
2025-03-02,22,M05,P02,L03,199,156,1,2
2025-03-02,22,M06,P03,L01,148,169,4,4
2025-03-02,22,M07,P04,L01,164,192,13,9
2025-03-02,22,M08,P04,L03,129,102,21,0
2025-03-02,22,M09,P04,L02,147,84,20,1
2025-03-02,22,M10,P03,L04,197,150,29,8
2025-03-02,23,M01,P02,L03,199,170,14,7
2025-03-02,23,M02,P04,L01,170,92,4,3
2025-03-02,23,M03,P03,L02,174,85,3,2
2025-03-02,23,M04,P04,L05,169,158,2,0
2025-03-02,23,M05,P01,L02,179,101,16,3
2025-03-02,23,M06,P04,L05,139,114,10,8
2025-03-02,23,M07,P04,L01,141,138,20,3
2025-03-02,23,M08,P01,L05,105,118,16,3
2025-03-02,23,M09,P01,L02,192,106,6,9
2025-03-02,23,M10,P02,L04,131,193,22,2
2025-03-02,24,M01,P01,L01,194,85,27,3
2025-03-02,24,M02,P02,L02,171,89,4,6
2025-03-02,24,M03,P03,L01,109,118,25,6
2025-03-02,24,M04,P05,L02,198,107,24,8
2025-03-02,24,M05,P01,L05,179,108,10,6
2025-03-02,24,M06,P02,L01,125,190,4,7
2025-03-02,24,M07,P05,L03,127,147,19,1
2025-03-02,24,M08,P01,L04,107,139,25,8
2025-03-02,24,M09,P05,L03,132,181,0,4
2025-03-02,24,M10,P01,L05,168,94,29,2
2025-03-03,1,M01,P04,L04,102,131,11,9
2025-03-03,1,M02,P05,L03,148,130,26,5
2025-03-03,1,M03,P02,L02,155,198,11,1
2025-03-03,1,M04,P05,L05,199,174,17,3
2025-03-03,1,M05,P02,L01,101,175,9,5
2025-03-03,1,M06,P05,L04,167,168,25,2
2025-03-03,1,M07,P03,L05,180,175,18,8
2025-03-03,1,M08,P01,L05,152,175,4,3
2025-03-03,1,M09,P04,L04,101,118,18,0
2025-03-03,1,M10,P03,L04,189,98,24,8
2025-03-03,2,M01,P01,L02,137,153,0,1
2025-03-03,2,M02,P03,L03,158,157,5,6
2025-03-03,2,M03,P05,L01,125,161,14,7
2025-03-03,2,M04,P02,L05,149,178,9,9
2025-03-03,2,M05,P02,L04,139,196,25,7
2025-03-03,2,M06,P02,L05,144,89,5,1
2025-03-03,2,M07,P04,L04,119,167,24,5
2025-03-03,2,M08,P03,L01,129,82,7,0
2025-03-03,2,M09,P02,L03,109,98,8,6
2025-03-03,2,M10,P02,L05,121,139,12,3
2025-03-03,3,M01,P03,L02,167,118,21,7
2025-03-03,3,M02,P04,L01,172,132,28,8
2025-03-03,3,M03,P04,L03,162,194,14,6
2025-03-03,3,M04,P05,L04,102,85,28,3
2025-03-03,3,M05,P02,L01,107,127,19,9
2025-03-03,3,M06,P05,L02,175,147,22,1
2025-03-03,3,M07,P04,L01,150,88,4,7
2025-03-03,3,M08,P04,L01,134,89,24,6
2025-03-03,3,M09,P03,L04,161,112,12,4
2025-03-03,3,M10,P03,L02,109,199,15,3
2025-03-03,4,M01,P05,L02,194,87,25,7
2025-03-03,4,M02,P05,L04,158,160,14,8
2025-03-03,4,M03,P04,L04,175,199,21,3
2025-03-03,4,M04,P03,L05,168,92,13,7
2025-03-03,4,M05,P04,L03,110,96,26,3
2025-03-03,4,M06,P01,L05,185,189,11,9
2025-03-03,4,M07,P05,L05,163,131,5,6
2025-03-03,4,M08,P01,L05,159,99,18,4
2025-03-03,4,M09,P02,L05,157,155,4,6
2025-03-03,4,M10,P05,L03,174,153,29,8
2025-03-03,5,M01,P02,L05,148,113,25,1
2025-03-03,5,M02,P04,L03,106,195,3,7
2025-03-03,5,M03,P02,L03,183,178,10,9
2025-03-03,5,M04,P03,L01,168,95,10,0
2025-03-03,5,M05,P05,L01,183,199,10,1
2025-03-03,5,M06,P05,L02,131,167,16,2
2025-03-03,5,M07,P03,L03,125,91,4,9
2025-03-03,5,M08,P04,L01,145,176,26,6
2025-03-03,5,M09,P04,L02,137,127,9,3
2025-03-03,5,M10,P04,L03,126,89,9,5
2025-03-03,6,M01,P03,L02,140,88,11,1
2025-03-03,6,M02,P05,L01,181,133,28,6
2025-03-03,6,M03,P03,L01,112,165,15,7
2025-03-03,6,M04,P04,L02,182,185,21,1
2025-03-03,6,M05,P04,L01,169,139,2,4
2025-03-03,6,M06,P02,L05,185,139,9,6
2025-03-03,6,M07,P04,L03,132,183,25,3
2025-03-03,6,M08,P02,L01,128,81,18,5
2025-03-03,6,M09,P02,L02,137,91,19,4
2025-03-03,6,M10,P03,L03,148,105,19,4
2025-03-03,7,M01,P04,L05,145,184,7,1
2025-03-03,7,M02,P02,L01,163,197,1,5
2025-03-03,7,M03,P02,L03,152,171,18,1
2025-03-03,7,M04,P04,L05,113,107,0,1
2025-03-03,7,M05,P05,L05,177,122,16,5
2025-03-03,7,M06,P01,L04,135,93,3,2
2025-03-03,7,M07,P03,L04,121,101,3,6
2025-03-03,7,M08,P04,L02,179,181,4,9
2025-03-03,7,M09,P03,L01,108,108,26,8
2025-03-03,7,M10,P01,L02,158,121,20,5
2025-03-03,8,M01,P04,L01,151,184,11,6
2025-03-03,8,M02,P05,L02,194,148,27,3
2025-03-03,8,M03,P05,L03,117,178,4,8
2025-03-03,8,M04,P03,L04,181,151,11,5
2025-03-03,8,M05,P05,L05,194,148,10,8
2025-03-03,8,M06,P05,L01,119,174,25,8
2025-03-03,8,M07,P05,L02,195,108,2,2
2025-03-03,8,M08,P03,L03,120,140,2,4
2025-03-03,8,M09,P02,L03,107,127,2,5
2025-03-03,8,M10,P02,L03,132,151,11,2
2025-03-03,9,M01,P02,L02,184,101,10,1
2025-03-03,9,M02,P01,L01,151,159,28,4
2025-03-03,9,M03,P01,L03,107,194,17,3
2025-03-03,9,M04,P04,L03,112,183,17,3
2025-03-03,9,M05,P01,L02,126,166,9,5
2025-03-03,9,M06,P02,L03,184,165,27,5
2025-03-03,9,M07,P04,L01,133,105,6,4
2025-03-03,9,M08,P05,L03,120,133,23,1
2025-03-03,9,M09,P02,L03,125,148,19,7
2025-03-03,9,M10,P02,L04,152,148,3,2
2025-03-03,10,M01,P05,L03,115,88,24,8
2025-03-03,10,M02,P01,L01,154,148,17,3
2025-03-03,10,M03,P05,L04,182,107,27,6
2025-03-03,10,M04,P01,L02,138,110,0,3
2025-03-03,10,M05,P02,L02,136,136,2,4
2025-03-03,10,M06,P02,L03,181,99,1,7
2025-03-03,10,M07,P02,L01,137,126,11,3
2025-03-03,10,M08,P04,L05,142,197,8,0
2025-03-03,10,M09,P04,L02,186,108,2,0
2025-03-03,10,M10,P02,L04,185,99,15,9
2025-03-03,11,M01,P01,L04,170,192,3,9
2025-03-03,11,M02,P04,L02,117,176,0,8
2025-03-03,11,M03,P03,L05,151,87,27,9
2025-03-03,11,M04,P05,L03,194,121,17,8
2025-03-03,11,M05,P02,L04,129,129,17,2
2025-03-03,11,M06,P01,L05,104,89,13,2
2025-03-03,11,M07,P04,L02,120,110,8,9
2025-03-03,11,M08,P03,L01,121,183,25,1
2025-03-03,11,M09,P02,L05,162,193,18,1
2025-03-03,11,M10,P04,L04,148,117,11,6
2025-03-03,12,M01,P05,L04,133,100,3,7
2025-03-03,12,M02,P01,L02,170,164,9,4
2025-03-03,12,M03,P01,L01,176,198,17,4
2025-03-03,12,M04,P02,L03,122,117,27,7
2025-03-03,12,M05,P04,L01,173,150,6,0
2025-03-03,12,M06,P02,L05,184,174,19,0
2025-03-03,12,M07,P04,L05,159,184,18,2
2025-03-03,12,M08,P04,L05,133,87,1,3
2025-03-03,12,M09,P01,L02,192,83,20,8
2025-03-03,12,M10,P04,L02,196,134,5,3
2025-03-03,13,M01,P05,L05,108,175,4,1
2025-03-03,13,M02,P01,L02,139,172,25,2
2025-03-03,13,M03,P05,L03,124,134,9,3
2025-03-03,13,M04,P02,L04,176,182,18,9
2025-03-03,13,M05,P02,L03,164,138,21,2
2025-03-03,13,M06,P04,L02,190,93,17,2
2025-03-03,13,M07,P04,L03,197,167,5,8
2025-03-03,13,M08,P04,L05,128,92,7,0
2025-03-03,13,M09,P01,L03,115,164,19,4
2025-03-03,13,M10,P01,L05,133,156,1,8
2025-03-03,14,M01,P04,L03,148,190,6,6
2025-03-03,14,M02,P01,L05,140,129,28,0
2025-03-03,14,M03,P03,L01,192,197,21,1
2025-03-03,14,M04,P01,L02,172,112,28,5
2025-03-03,14,M05,P01,L04,169,186,5,3
2025-03-03,14,M06,P05,L05,100,159,18,5
2025-03-03,14,M07,P01,L02,176,128,13,0
2025-03-03,14,M08,P02,L02,191,128,12,5
2025-03-03,14,M09,P04,L02,167,93,3,7
2025-03-03,14,M10,P02,L05,155,90,6,6
2025-03-03,15,M01,P01,L05,126,110,14,4
2025-03-03,15,M02,P04,L02,194,140,7,0
2025-03-03,15,M03,P01,L01,129,103,18,3
2025-03-03,15,M04,P03,L05,176,137,22,9
2025-03-03,15,M05,P03,L05,115,88,18,7
2025-03-03,15,M06,P05,L03,102,105,4,7
2025-03-03,15,M07,P05,L05,126,123,5,7
2025-03-03,15,M08,P01,L01,157,108,16,2
2025-03-03,15,M09,P03,L03,193,193,20,0
2025-03-03,15,M10,P05,L05,110,199,8,9
2025-03-03,16,M01,P04,L05,118,167,27,1
2025-03-03,16,M02,P02,L02,101,126,16,6
2025-03-03,16,M03,P03,L04,178,168,12,1
2025-03-03,16,M04,P02,L05,118,97,23,9
2025-03-03,16,M05,P05,L05,120,127,8,1
2025-03-03,16,M06,P01,L05,121,135,7,5
2025-03-03,16,M07,P03,L03,165,172,17,1
2025-03-03,16,M08,P01,L02,147,170,12,6
2025-03-03,16,M09,P04,L04,159,84,17,7
2025-03-03,16,M10,P05,L05,193,104,5,6
2025-03-03,17,M01,P03,L01,196,155,24,6
2025-03-03,17,M02,P05,L03,147,171,0,5
2025-03-03,17,M03,P05,L02,159,96,12,4
2025-03-03,17,M04,P02,L02,119,109,15,3
2025-03-03,17,M05,P01,L02,175,81,7,7
2025-03-03,17,M06,P01,L03,124,141,25,6
2025-03-03,17,M07,P02,L05,141,86,23,1
2025-03-03,17,M08,P04,L05,143,104,19,1
2025-03-03,17,M09,P05,L04,187,197,7,3
2025-03-03,17,M10,P04,L02,140,155,8,8
2025-03-03,18,M01,P03,L03,189,98,20,4
2025-03-03,18,M02,P05,L05,187,105,11,7
2025-03-03,18,M03,P02,L01,181,184,21,0
2025-03-03,18,M04,P04,L04,120,102,29,0
2025-03-03,18,M05,P05,L03,152,113,27,3
2025-03-03,18,M06,P04,L01,101,104,23,3
2025-03-03,18,M07,P02,L04,105,174,6,1
2025-03-03,18,M08,P05,L01,153,133,9,1
2025-03-03,18,M09,P03,L05,193,186,4,5
2025-03-03,18,M10,P01,L04,168,119,13,7
2025-03-03,19,M01,P03,L01,166,153,15,1
2025-03-03,19,M02,P02,L01,105,151,29,5
2025-03-03,19,M03,P05,L02,192,146,29,5
2025-03-03,19,M04,P03,L04,106,143,22,6
2025-03-03,19,M05,P05,L03,103,100,13,3
2025-03-03,19,M06,P05,L02,134,128,0,8
2025-03-03,19,M07,P03,L03,188,189,6,7
2025-03-03,19,M08,P03,L03,148,189,23,5
2025-03-03,19,M09,P04,L02,131,137,23,3
2025-03-03,19,M10,P01,L02,162,187,24,8
2025-03-03,20,M01,P04,L04,141,180,6,6
2025-03-03,20,M02,P04,L02,189,99,12,4
2025-03-03,20,M03,P01,L05,129,142,15,5
2025-03-03,20,M04,P02,L04,147,194,5,6
2025-03-03,20,M05,P04,L01,191,153,0,7
2025-03-03,20,M06,P04,L03,188,163,5,5
2025-03-03,20,M07,P01,L03,183,184,13,9
2025-03-03,20,M08,P04,L04,106,173,9,6
2025-03-03,20,M09,P04,L05,146,115,14,6
2025-03-03,20,M10,P03,L04,101,94,19,6
2025-03-03,21,M01,P05,L02,159,104,13,8
2025-03-03,21,M02,P01,L01,134,165,4,4
2025-03-03,21,M03,P05,L01,176,133,14,0
2025-03-03,21,M04,P05,L02,161,102,28,0
2025-03-03,21,M05,P04,L03,108,150,13,9
2025-03-03,21,M06,P05,L04,150,86,21,7
2025-03-03,21,M07,P03,L02,121,198,2,3
2025-03-03,21,M08,P02,L03,170,98,9,7
2025-03-03,21,M09,P04,L05,132,85,14,4
2025-03-03,21,M10,P02,L01,195,110,5,0
2025-03-03,22,M01,P02,L03,163,162,16,1
2025-03-03,22,M02,P01,L03,110,186,3,1
2025-03-03,22,M03,P01,L04,163,80,24,8
2025-03-03,22,M04,P04,L01,116,146,22,0
2025-03-03,22,M05,P02,L05,119,143,19,0
2025-03-03,22,M06,P01,L05,101,185,23,0
2025-03-03,22,M07,P01,L01,114,111,9,1
2025-03-03,22,M08,P04,L04,186,110,1,9
2025-03-03,22,M09,P01,L01,175,107,8,8
2025-03-03,22,M10,P04,L05,153,137,16,9
2025-03-03,23,M01,P04,L02,165,170,19,0
2025-03-03,23,M02,P02,L02,160,199,14,5
2025-03-03,23,M03,P05,L01,100,193,22,1
2025-03-03,23,M04,P04,L03,188,80,24,5
2025-03-03,23,M05,P04,L01,163,89,26,7
2025-03-03,23,M06,P05,L02,110,103,24,7
2025-03-03,23,M07,P05,L01,102,147,3,8
2025-03-03,23,M08,P01,L01,193,158,12,4
2025-03-03,23,M09,P05,L02,142,164,2,3
2025-03-03,23,M10,P05,L02,199,178,9,3
2025-03-03,24,M01,P02,L03,132,132,8,8
2025-03-03,24,M02,P04,L01,100,135,22,6
2025-03-03,24,M03,P04,L01,152,183,6,1
2025-03-03,24,M04,P05,L02,183,160,9,4
2025-03-03,24,M05,P01,L05,135,123,13,9
2025-03-03,24,M06,P05,L03,103,168,8,2
2025-03-03,24,M07,P03,L03,138,112,12,3
2025-03-03,24,M08,P04,L01,150,199,5,9
2025-03-03,24,M09,P03,L05,134,107,8,9
2025-03-03,24,M10,P02,L05,197,194,28,6
2025-03-04,1,M01,P03,L02,179,85,4,8
2025-03-04,1,M02,P05,L03,192,196,7,7
2025-03-04,1,M03,P04,L01,169,126,10,9
2025-03-04,1,M04,P02,L05,128,149,18,0
2025-03-04,1,M05,P02,L01,167,136,8,7
2025-03-04,1,M06,P01,L04,174,86,17,7
2025-03-04,1,M07,P02,L02,165,185,18,5
2025-03-04,1,M08,P02,L04,148,146,3,8
2025-03-04,1,M09,P05,L01,175,132,22,7
2025-03-04,1,M10,P04,L03,154,126,26,1
2025-03-04,2,M01,P03,L01,186,139,24,8
2025-03-04,2,M02,P02,L03,110,189,20,4
2025-03-04,2,M03,P04,L05,142,151,8,3
2025-03-04,2,M04,P04,L05,131,136,11,1
2025-03-04,2,M05,P03,L05,145,118,28,6
2025-03-04,2,M06,P03,L05,110,176,16,6
2025-03-04,2,M07,P04,L02,119,171,21,4
2025-03-04,2,M08,P03,L05,137,169,22,1
2025-03-04,2,M09,P03,L04,135,111,6,4
2025-03-04,2,M10,P04,L03,115,121,8,5
2025-03-04,3,M01,P04,L05,174,90,27,9
2025-03-04,3,M02,P05,L04,118,173,5,7
2025-03-04,3,M03,P02,L01,199,198,27,1
2025-03-04,3,M04,P04,L03,141,139,23,2
2025-03-04,3,M05,P03,L02,127,121,8,3
2025-03-04,3,M06,P01,L02,120,188,25,6
2025-03-04,3,M07,P05,L02,143,92,20,5
2025-03-04,3,M08,P03,L05,111,179,2,2
2025-03-04,3,M09,P05,L02,129,150,21,1
2025-03-04,3,M10,P02,L02,180,125,11,9
2025-03-04,4,M01,P01,L02,131,192,28,9
2025-03-04,4,M02,P02,L04,136,93,9,7
2025-03-04,4,M03,P01,L01,120,148,8,8
2025-03-04,4,M04,P05,L02,161,95,1,8
2025-03-04,4,M05,P05,L04,143,157,26,0
2025-03-04,4,M06,P03,L04,133,83,10,2
2025-03-04,4,M07,P02,L02,131,81,25,5
2025-03-04,4,M08,P02,L03,119,179,17,3
2025-03-04,4,M09,P04,L02,144,167,14,8
2025-03-04,4,M10,P04,L04,178,125,6,0
2025-03-04,5,M01,P01,L05,103,174,17,3
2025-03-04,5,M02,P02,L02,106,117,12,1
2025-03-04,5,M03,P03,L01,115,141,7,8
2025-03-04,5,M04,P02,L05,165,148,9,2
2025-03-04,5,M05,P05,L03,177,110,3,6
2025-03-04,5,M06,P03,L02,180,153,15,2
2025-03-04,5,M07,P03,L03,191,164,27,7
2025-03-04,5,M08,P01,L01,160,133,12,7
2025-03-04,5,M09,P01,L03,136,168,10,9
2025-03-04,5,M10,P03,L02,195,187,2,8
2025-03-04,6,M01,P03,L05,172,144,17,2
2025-03-04,6,M02,P04,L04,120,185,26,4
2025-03-04,6,M03,P04,L03,140,187,1,0
2025-03-04,6,M04,P02,L01,166,174,26,0
2025-03-04,6,M05,P03,L01,115,126,5,9
2025-03-04,6,M06,P04,L03,117,160,13,5
2025-03-04,6,M07,P02,L01,125,97,16,0
2025-03-04,6,M08,P01,L01,124,106,2,1
2025-03-04,6,M09,P03,L01,133,163,14,6
2025-03-04,6,M10,P04,L05,139,139,20,1
2025-03-04,7,M01,P02,L05,103,92,15,6
2025-03-04,7,M02,P01,L05,122,146,22,2
2025-03-04,7,M03,P04,L04,155,147,0,0
2025-03-04,7,M04,P01,L04,104,100,2,4
2025-03-04,7,M05,P05,L03,134,112,21,2
2025-03-04,7,M06,P03,L02,192,180,4,8
2025-03-04,7,M07,P03,L04,172,129,26,5
2025-03-04,7,M08,P01,L05,156,186,21,0
2025-03-04,7,M09,P01,L01,162,146,4,5
2025-03-04,7,M10,P01,L01,103,101,23,6
2025-03-04,8,M01,P04,L02,168,199,6,3
2025-03-04,8,M02,P04,L03,111,107,1,2
2025-03-04,8,M03,P01,L05,136,131,20,0
2025-03-04,8,M04,P02,L02,156,95,4,2
2025-03-04,8,M05,P04,L01,137,185,9,2
2025-03-04,8,M06,P04,L01,193,163,2,4
2025-03-04,8,M07,P01,L05,140,183,27,9
2025-03-04,8,M08,P04,L05,193,193,11,9
2025-03-04,8,M09,P01,L03,179,96,15,6
2025-03-04,8,M10,P02,L02,120,177,13,8
2025-03-04,9,M01,P04,L05,130,112,14,2
2025-03-04,9,M02,P03,L05,155,97,27,1
2025-03-04,9,M03,P04,L01,145,192,19,7
2025-03-04,9,M04,P01,L03,193,80,6,6
2025-03-04,9,M05,P05,L02,155,149,16,6
2025-03-04,9,M06,P02,L04,192,120,18,1
2025-03-04,9,M07,P04,L03,149,161,1,4
2025-03-04,9,M08,P01,L05,110,197,7,5
2025-03-04,9,M09,P03,L01,125,118,1,2
2025-03-04,9,M10,P01,L02,187,196,19,6
2025-03-04,10,M01,P03,L01,149,187,11,9
2025-03-04,10,M02,P02,L01,120,154,21,9
2025-03-04,10,M03,P05,L01,121,148,8,4
2025-03-04,10,M04,P05,L01,175,102,6,5
2025-03-04,10,M05,P05,L01,172,125,8,3
2025-03-04,10,M06,P03,L01,168,191,9,2
2025-03-04,10,M07,P03,L01,182,162,0,5
2025-03-04,10,M08,P02,L03,178,98,24,6
2025-03-04,10,M09,P04,L01,191,109,23,5
2025-03-04,10,M10,P05,L02,135,138,24,6
2025-03-04,11,M01,P01,L04,190,144,16,3
2025-03-04,11,M02,P03,L01,173,192,15,0
2025-03-04,11,M03,P05,L03,178,138,6,7
2025-03-04,11,M04,P04,L04,101,150,24,9
2025-03-04,11,M05,P01,L02,170,104,26,1
2025-03-04,11,M06,P04,L02,154,189,2,9
2025-03-04,11,M07,P03,L03,120,122,3,4
2025-03-04,11,M08,P02,L04,157,150,22,2
2025-03-04,11,M09,P02,L05,124,82,12,2
2025-03-04,11,M10,P02,L05,166,110,21,2
2025-03-04,12,M01,P02,L01,104,88,28,2
2025-03-04,12,M02,P03,L04,149,109,14,8
2025-03-04,12,M03,P05,L03,156,191,23,2
2025-03-04,12,M04,P04,L04,157,91,4,9
2025-03-04,12,M05,P03,L02,136,104,3,7
2025-03-04,12,M06,P02,L04,101,114,28,3
2025-03-04,12,M07,P04,L01,159,133,29,7
2025-03-04,12,M08,P02,L04,104,180,23,3
2025-03-04,12,M09,P03,L05,125,174,1,7
2025-03-04,12,M10,P04,L04,114,164,27,5
2025-03-04,13,M01,P01,L05,144,178,14,3
2025-03-04,13,M02,P02,L04,178,140,24,1
2025-03-04,13,M03,P02,L05,180,156,27,3
2025-03-04,13,M04,P04,L03,101,168,20,2
2025-03-04,13,M05,P03,L03,109,107,22,0
2025-03-04,13,M06,P05,L01,164,131,14,6
2025-03-04,13,M07,P03,L04,119,82,28,3
2025-03-04,13,M08,P02,L04,160,178,25,9
2025-03-04,13,M09,P04,L05,150,196,9,8
2025-03-04,13,M10,P01,L03,129,173,19,6
2025-03-04,14,M01,P05,L04,141,115,7,0
2025-03-04,14,M02,P05,L02,125,150,24,2
2025-03-04,14,M03,P03,L05,181,85,21,3
2025-03-04,14,M04,P02,L05,155,183,14,0
2025-03-04,14,M05,P04,L02,112,109,11,0
2025-03-04,14,M06,P02,L03,102,122,8,6
2025-03-04,14,M07,P04,L04,131,80,12,3
2025-03-04,14,M08,P05,L02,121,167,10,8
2025-03-04,14,M09,P04,L05,133,113,5,8
2025-03-04,14,M10,P04,L03,158,136,10,4
2025-03-04,15,M01,P05,L01,120,150,14,5
2025-03-04,15,M02,P03,L02,157,177,13,8
2025-03-04,15,M03,P01,L01,165,182,11,1
2025-03-04,15,M04,P02,L02,136,101,15,6
2025-03-04,15,M05,P01,L05,116,82,11,5
2025-03-04,15,M06,P03,L04,118,110,18,1
2025-03-04,15,M07,P02,L05,154,83,21,7
2025-03-04,15,M08,P05,L05,133,127,5,7
2025-03-04,15,M09,P03,L05,192,89,13,3
2025-03-04,15,M10,P03,L02,131,111,18,8
2025-03-04,16,M01,P04,L02,121,92,8,9
2025-03-04,16,M02,P04,L05,188,165,29,1
2025-03-04,16,M03,P02,L05,182,114,25,0
2025-03-04,16,M04,P04,L03,192,86,2,6
2025-03-04,16,M05,P01,L04,184,106,21,8
2025-03-04,16,M06,P03,L02,149,192,13,0
2025-03-04,16,M07,P03,L04,104,110,6,8
2025-03-04,16,M08,P05,L05,145,124,19,3
2025-03-04,16,M09,P05,L01,148,144,0,3
2025-03-04,16,M10,P03,L04,136,157,25,3
2025-03-04,17,M01,P05,L02,128,155,17,5
2025-03-04,17,M02,P01,L01,121,179,9,8
2025-03-04,17,M03,P04,L05,156,132,21,3
2025-03-04,17,M04,P01,L04,116,100,18,6
2025-03-04,17,M05,P04,L05,199,195,21,8
2025-03-04,17,M06,P04,L04,176,184,28,4
2025-03-04,17,M07,P03,L05,160,151,19,7
2025-03-04,17,M08,P01,L02,175,135,23,8
2025-03-04,17,M09,P02,L05,161,87,19,4
2025-03-04,17,M10,P05,L02,140,188,28,1
2025-03-04,18,M01,P02,L05,197,138,14,7
2025-03-04,18,M02,P04,L05,123,100,3,8
2025-03-04,18,M03,P02,L04,149,189,26,9
2025-03-04,18,M04,P01,L04,111,169,19,2
2025-03-04,18,M05,P03,L02,177,150,25,4
2025-03-04,18,M06,P04,L01,131,117,19,9
2025-03-04,18,M07,P01,L01,169,156,10,7
2025-03-04,18,M08,P02,L04,124,131,19,8
2025-03-04,18,M09,P04,L05,108,176,7,1
2025-03-04,18,M10,P05,L05,144,176,0,5
2025-03-04,19,M01,P05,L01,181,138,29,2
2025-03-04,19,M02,P03,L03,101,168,25,5
2025-03-04,19,M03,P05,L01,183,157,17,3
2025-03-04,19,M04,P04,L02,155,81,16,3
2025-03-04,19,M05,P03,L02,182,171,5,1
2025-03-04,19,M06,P04,L01,107,80,15,9
2025-03-04,19,M07,P02,L03,193,159,0,5
2025-03-04,19,M08,P04,L04,118,194,21,0
2025-03-04,19,M09,P05,L03,150,80,28,9
2025-03-04,19,M10,P04,L05,133,198,7,2
2025-03-04,20,M01,P02,L05,151,143,1,3
2025-03-04,20,M02,P02,L02,113,130,21,2
2025-03-04,20,M03,P05,L02,101,114,1,5
2025-03-04,20,M04,P01,L04,134,127,14,9
2025-03-04,20,M05,P03,L05,161,194,3,5
2025-03-04,20,M06,P02,L01,194,153,2,4
2025-03-04,20,M07,P04,L03,122,128,11,1
2025-03-04,20,M08,P04,L05,125,96,10,0
2025-03-04,20,M09,P01,L03,185,145,9,6
2025-03-04,20,M10,P03,L02,121,167,25,2
2025-03-04,21,M01,P02,L02,124,100,28,5
2025-03-04,21,M02,P05,L03,165,85,27,0
2025-03-04,21,M03,P04,L01,185,90,6,4
2025-03-04,21,M04,P04,L02,175,164,26,9
2025-03-04,21,M05,P01,L02,197,97,1,1
2025-03-04,21,M06,P01,L05,191,184,26,5
2025-03-04,21,M07,P01,L04,196,120,15,8
2025-03-04,21,M08,P01,L01,104,127,4,6
2025-03-04,21,M09,P02,L04,148,149,25,2
2025-03-04,21,M10,P04,L01,157,123,8,9
2025-03-04,22,M01,P01,L02,142,143,0,4
2025-03-04,22,M02,P05,L05,133,135,8,9
2025-03-04,22,M03,P01,L04,167,126,27,5
2025-03-04,22,M04,P02,L05,172,115,0,8
2025-03-04,22,M05,P01,L03,154,148,26,6
2025-03-04,22,M06,P03,L01,102,87,15,0
2025-03-04,22,M07,P05,L04,193,120,9,1
2025-03-04,22,M08,P04,L01,180,179,7,5
2025-03-04,22,M09,P04,L01,181,171,12,1
2025-03-04,22,M10,P02,L03,173,194,25,1
2025-03-04,23,M01,P03,L03,168,127,25,9
2025-03-04,23,M02,P02,L05,142,98,10,2
2025-03-04,23,M03,P03,L04,193,131,29,1
2025-03-04,23,M04,P02,L03,182,197,14,2
2025-03-04,23,M05,P01,L03,146,142,12,4
2025-03-04,23,M06,P02,L02,159,97,8,1
2025-03-04,23,M07,P02,L03,195,117,25,0
2025-03-04,23,M08,P01,L05,140,163,27,2
2025-03-04,23,M09,P05,L04,198,141,3,9
2025-03-04,23,M10,P05,L04,119,114,21,6
2025-03-04,24,M01,P03,L02,107,127,29,1
2025-03-04,24,M02,P01,L05,112,198,8,8
2025-03-04,24,M03,P04,L05,192,186,18,7
2025-03-04,24,M04,P03,L03,172,95,24,9
2025-03-04,24,M05,P01,L02,183,120,27,1
2025-03-04,24,M06,P05,L01,174,120,24,2
2025-03-04,24,M07,P05,L02,106,132,28,9
2025-03-04,24,M08,P04,L05,196,179,25,2
2025-03-04,24,M09,P05,L03,196,143,10,5
2025-03-04,24,M10,P05,L02,164,170,7,9
2025-03-05,1,M01,P02,L03,120,175,24,6
2025-03-05,1,M02,P03,L04,162,88,19,4
2025-03-05,1,M03,P05,L02,108,176,26,5
2025-03-05,1,M04,P04,L04,102,93,20,7
2025-03-05,1,M05,P05,L04,141,175,16,7
2025-03-05,1,M06,P03,L02,103,121,22,8
2025-03-05,1,M07,P05,L04,151,101,24,3
2025-03-05,1,M08,P03,L02,177,99,13,3
2025-03-05,1,M09,P02,L01,133,163,2,2
2025-03-05,1,M10,P02,L04,185,178,7,7
2025-03-05,2,M01,P03,L01,136,101,8,3
2025-03-05,2,M02,P01,L05,111,106,19,1
2025-03-05,2,M03,P03,L01,127,114,10,5
2025-03-05,2,M04,P03,L01,155,88,2,2
2025-03-05,2,M05,P05,L04,148,177,29,0
2025-03-05,2,M06,P05,L03,107,133,0,2
2025-03-05,2,M07,P04,L02,151,88,0,1
2025-03-05,2,M08,P03,L04,115,184,4,7
2025-03-05,2,M09,P03,L04,151,93,25,2
2025-03-05,2,M10,P02,L01,133,138,15,2
2025-03-05,3,M01,P03,L03,126,194,3,4
2025-03-05,3,M02,P01,L05,122,166,12,6
2025-03-05,3,M03,P04,L02,109,128,5,2
2025-03-05,3,M04,P04,L04,102,81,27,5
2025-03-05,3,M05,P05,L03,108,166,29,0
2025-03-05,3,M06,P03,L04,157,115,0,9
2025-03-05,3,M07,P02,L05,104,149,0,4
2025-03-05,3,M08,P01,L02,117,179,25,3
2025-03-05,3,M09,P05,L04,187,163,12,3
2025-03-05,3,M10,P05,L01,181,188,13,8
2025-03-05,4,M01,P01,L04,158,112,8,6
2025-03-05,4,M02,P02,L01,171,176,26,2
2025-03-05,4,M03,P01,L05,194,131,2,7
2025-03-05,4,M04,P04,L04,196,166,2,4
2025-03-05,4,M05,P01,L04,110,105,22,5
2025-03-05,4,M06,P05,L05,114,140,10,3
2025-03-05,4,M07,P04,L01,118,133,25,0
2025-03-05,4,M08,P02,L05,122,159,29,3
2025-03-05,4,M09,P05,L01,100,107,26,3
2025-03-05,4,M10,P05,L03,199,91,14,3
2025-03-05,5,M01,P03,L04,150,105,14,4
2025-03-05,5,M02,P03,L05,149,153,27,9
2025-03-05,5,M03,P01,L05,130,163,14,1
2025-03-05,5,M04,P03,L03,126,116,11,0
2025-03-05,5,M05,P02,L04,169,123,20,8
2025-03-05,5,M06,P02,L04,143,182,4,6
2025-03-05,5,M07,P05,L03,168,140,16,5
2025-03-05,5,M08,P02,L04,118,190,2,0
2025-03-05,5,M09,P03,L02,138,169,9,8
2025-03-05,5,M10,P05,L05,185,183,26,0
2025-03-05,6,M01,P03,L04,169,159,29,5
2025-03-05,6,M02,P02,L03,196,140,24,5
2025-03-05,6,M03,P02,L05,103,180,9,3
2025-03-05,6,M04,P04,L02,121,110,3,8
2025-03-05,6,M05,P02,L04,168,173,15,2
2025-03-05,6,M06,P02,L03,110,156,9,6
2025-03-05,6,M07,P03,L03,164,111,17,3
2025-03-05,6,M08,P05,L02,150,126,21,8
2025-03-05,6,M09,P05,L02,164,176,0,2
2025-03-05,6,M10,P01,L05,177,117,6,2
2025-03-05,7,M01,P02,L03,102,172,11,1
2025-03-05,7,M02,P03,L01,106,173,9,9
2025-03-05,7,M03,P01,L05,103,83,5,1
2025-03-05,7,M04,P01,L02,166,107,13,4
2025-03-05,7,M05,P01,L02,160,160,28,2
2025-03-05,7,M06,P01,L05,180,122,26,6
2025-03-05,7,M07,P03,L01,178,147,3,6
2025-03-05,7,M08,P03,L05,118,141,7,8
2025-03-05,7,M09,P01,L01,177,110,12,0
2025-03-05,7,M10,P05,L01,194,97,2,6
2025-03-05,8,M01,P02,L03,103,120,14,1
2025-03-05,8,M02,P02,L01,194,109,22,0
2025-03-05,8,M03,P03,L05,198,130,0,3
2025-03-05,8,M04,P02,L02,136,86,27,9
2025-03-05,8,M05,P03,L01,177,115,14,5
2025-03-05,8,M06,P02,L04,194,121,14,2
2025-03-05,8,M07,P03,L05,179,104,28,9
2025-03-05,8,M08,P05,L05,117,88,23,7
2025-03-05,8,M09,P04,L01,154,133,27,8
2025-03-05,8,M10,P04,L01,107,141,27,5
2025-03-05,9,M01,P02,L01,148,149,25,9
2025-03-05,9,M02,P04,L02,118,180,15,4
2025-03-05,9,M03,P02,L01,159,141,27,1
2025-03-05,9,M04,P05,L01,167,182,9,1
2025-03-05,9,M05,P05,L04,191,126,10,1
2025-03-05,9,M06,P05,L03,147,164,7,6
2025-03-05,9,M07,P05,L03,139,148,13,1
2025-03-05,9,M08,P02,L02,180,181,16,7
2025-03-05,9,M09,P01,L01,150,159,29,6
2025-03-05,9,M10,P05,L02,132,84,7,9
2025-03-05,10,M01,P05,L03,107,140,29,1
2025-03-05,10,M02,P03,L05,194,199,1,8
2025-03-05,10,M03,P05,L02,193,163,9,1
2025-03-05,10,M04,P02,L02,144,179,6,9
2025-03-05,10,M05,P05,L04,132,174,25,0
2025-03-05,10,M06,P02,L02,150,143,5,0
2025-03-05,10,M07,P04,L04,119,193,1,1
2025-03-05,10,M08,P02,L02,105,145,15,4
2025-03-05,10,M09,P02,L05,121,101,0,3
2025-03-05,10,M10,P05,L01,111,142,12,2
2025-03-05,11,M01,P03,L04,161,138,26,1
2025-03-05,11,M02,P01,L02,167,88,2,7
2025-03-05,11,M03,P02,L01,168,101,4,5
2025-03-05,11,M04,P05,L05,138,82,25,6
2025-03-05,11,M05,P04,L05,181,148,5,8
2025-03-05,11,M06,P03,L03,144,125,16,0
2025-03-05,11,M07,P04,L02,193,177,12,0
2025-03-05,11,M08,P03,L03,135,85,12,9
2025-03-05,11,M09,P01,L01,119,186,21,6
2025-03-05,11,M10,P04,L02,116,93,25,7
2025-03-05,12,M01,P03,L05,170,136,8,2
2025-03-05,12,M02,P01,L01,148,123,16,4
2025-03-05,12,M03,P02,L02,104,86,5,4
2025-03-05,12,M04,P01,L03,131,135,29,2
2025-03-05,12,M05,P03,L03,150,127,7,2
2025-03-05,12,M06,P03,L05,193,127,7,9
2025-03-05,12,M07,P02,L01,135,89,19,4
2025-03-05,12,M08,P03,L04,178,98,10,3
2025-03-05,12,M09,P04,L04,116,144,24,2
2025-03-05,12,M10,P02,L05,180,134,9,8
2025-03-05,13,M01,P04,L04,118,110,2,1
2025-03-05,13,M02,P05,L03,152,87,23,4
2025-03-05,13,M03,P01,L03,157,141,17,7
2025-03-05,13,M04,P01,L02,131,182,8,8
2025-03-05,13,M05,P01,L03,196,103,25,1
2025-03-05,13,M06,P03,L02,112,110,22,4
2025-03-05,13,M07,P03,L05,157,95,6,7
2025-03-05,13,M08,P02,L02,190,88,27,5
2025-03-05,13,M09,P01,L03,113,166,1,1
2025-03-05,13,M10,P05,L05,196,191,11,0
2025-03-05,14,M01,P04,L01,116,88,2,9
2025-03-05,14,M02,P02,L05,114,113,4,4
2025-03-05,14,M03,P04,L01,193,157,12,3
2025-03-05,14,M04,P02,L01,107,101,7,5
2025-03-05,14,M05,P01,L05,159,99,21,1
2025-03-05,14,M06,P04,L03,182,171,28,6
2025-03-05,14,M07,P03,L01,131,125,12,8
2025-03-05,14,M08,P05,L01,128,138,26,9
2025-03-05,14,M09,P05,L02,197,180,16,0
2025-03-05,14,M10,P04,L03,146,101,15,1
2025-03-05,15,M01,P03,L05,136,146,19,1
2025-03-05,15,M02,P05,L05,166,124,5,8
2025-03-05,15,M03,P02,L04,111,94,29,6
2025-03-05,15,M04,P03,L03,122,143,0,7
2025-03-05,15,M05,P03,L03,135,103,16,1
2025-03-05,15,M06,P04,L01,169,148,28,5
2025-03-05,15,M07,P05,L02,196,188,5,3
2025-03-05,15,M08,P04,L05,160,153,24,2
2025-03-05,15,M09,P01,L03,131,125,3,6
2025-03-05,15,M10,P02,L02,196,105,15,0
2025-03-05,16,M01,P02,L04,106,135,29,6
2025-03-05,16,M02,P01,L02,132,121,5,7
2025-03-05,16,M03,P03,L01,187,149,7,7
2025-03-05,16,M04,P04,L01,157,141,26,9
2025-03-05,16,M05,P03,L01,109,128,29,8
2025-03-05,16,M06,P02,L02,163,113,2,3
2025-03-05,16,M07,P01,L03,182,97,17,8
2025-03-05,16,M08,P02,L04,160,151,3,5
2025-03-05,16,M09,P05,L05,112,105,15,9
2025-03-05,16,M10,P05,L05,149,100,7,0
2025-03-05,17,M01,P02,L02,171,149,5,5
2025-03-05,17,M02,P05,L01,134,193,29,4
2025-03-05,17,M03,P01,L01,181,152,24,5
2025-03-05,17,M04,P03,L01,107,183,23,7
2025-03-05,17,M05,P05,L02,126,133,2,0
2025-03-05,17,M06,P05,L04,151,108,28,3
2025-03-05,17,M07,P05,L01,121,151,24,0
2025-03-05,17,M08,P01,L01,147,97,13,5
2025-03-05,17,M09,P05,L04,114,116,25,0
2025-03-05,17,M10,P05,L01,170,143,18,4
2025-03-05,18,M01,P02,L05,108,83,6,7
2025-03-05,18,M02,P04,L05,107,169,26,9
2025-03-05,18,M03,P02,L05,113,163,9,7
2025-03-05,18,M04,P05,L04,152,196,18,1
2025-03-05,18,M05,P03,L01,166,159,8,6
2025-03-05,18,M06,P03,L02,187,122,28,7
2025-03-05,18,M07,P03,L04,185,126,15,1
2025-03-05,18,M08,P01,L04,162,186,17,5
2025-03-05,18,M09,P05,L01,104,111,19,0
2025-03-05,18,M10,P01,L04,113,143,8,6
2025-03-05,19,M01,P04,L05,108,164,11,9
2025-03-05,19,M02,P02,L05,185,148,10,9
2025-03-05,19,M03,P02,L04,152,185,7,3
2025-03-05,19,M04,P02,L02,142,184,6,6
2025-03-05,19,M05,P03,L01,147,158,29,2
2025-03-05,19,M06,P05,L05,189,150,1,9
2025-03-05,19,M07,P05,L03,162,104,13,3
2025-03-05,19,M08,P03,L05,117,195,5,3
2025-03-05,19,M09,P01,L04,129,199,13,6
2025-03-05,19,M10,P02,L02,133,137,20,3
2025-03-05,20,M01,P04,L04,186,114,1,4
2025-03-05,20,M02,P03,L05,162,194,29,3
2025-03-05,20,M03,P04,L04,186,163,13,6
2025-03-05,20,M04,P02,L04,139,84,17,8
2025-03-05,20,M05,P01,L01,104,178,9,4
2025-03-05,20,M06,P03,L04,122,148,0,3
2025-03-05,20,M07,P03,L01,158,121,25,4
2025-03-05,20,M08,P01,L03,189,120,12,8
2025-03-05,20,M09,P04,L01,145,143,17,1
2025-03-05,20,M10,P03,L05,126,86,2,6
2025-03-05,21,M01,P02,L02,135,137,16,6
2025-03-05,21,M02,P05,L02,152,172,3,4
2025-03-05,21,M03,P03,L04,124,188,28,0
2025-03-05,21,M04,P04,L02,194,198,8,2
2025-03-05,21,M05,P05,L05,124,94,8,9
2025-03-05,21,M06,P02,L03,173,97,28,9
2025-03-05,21,M07,P04,L04,191,136,2,3
2025-03-05,21,M08,P01,L02,136,99,9,1
2025-03-05,21,M09,P01,L05,179,185,2,3
2025-03-05,21,M10,P04,L01,111,92,26,7
2025-03-05,22,M01,P05,L03,143,130,3,8
2025-03-05,22,M02,P05,L05,134,111,7,5
2025-03-05,22,M03,P04,L01,110,150,14,3
2025-03-05,22,M04,P02,L01,185,109,18,4
2025-03-05,22,M05,P03,L02,124,180,12,6
2025-03-05,22,M06,P01,L04,136,96,17,2
2025-03-05,22,M07,P01,L03,193,139,3,8
2025-03-05,22,M08,P03,L04,108,90,10,3
2025-03-05,22,M09,P05,L05,197,191,22,1
2025-03-05,22,M10,P01,L05,184,141,19,7
2025-03-05,23,M01,P01,L05,156,145,25,8
2025-03-05,23,M02,P02,L03,170,117,19,6
2025-03-05,23,M03,P04,L04,121,183,16,2
2025-03-05,23,M04,P01,L02,160,81,12,8
2025-03-05,23,M05,P04,L04,157,92,28,6
2025-03-05,23,M06,P04,L02,161,144,10,6
2025-03-05,23,M07,P01,L01,114,106,20,9
2025-03-05,23,M08,P04,L05,101,182,2,0
2025-03-05,23,M09,P04,L03,151,98,6,1
2025-03-05,23,M10,P02,L04,171,145,23,6
2025-03-05,24,M01,P03,L02,169,176,22,3
2025-03-05,24,M02,P04,L04,191,141,8,6
2025-03-05,24,M03,P03,L02,183,97,26,0
2025-03-05,24,M04,P01,L05,143,137,29,1
2025-03-05,24,M05,P05,L03,160,154,17,5
2025-03-05,24,M06,P03,L02,107,93,13,6
2025-03-05,24,M07,P03,L04,117,115,3,6
2025-03-05,24,M08,P04,L03,164,119,11,3
2025-03-05,24,M09,P05,L03,129,192,22,0
2025-03-05,24,M10,P01,L05,185,188,16,0
2025-03-06,1,M01,P03,L05,134,87,7,9
2025-03-06,1,M02,P05,L05,169,133,28,9
2025-03-06,1,M03,P03,L01,186,98,27,1
2025-03-06,1,M04,P03,L02,112,83,10,1
2025-03-06,1,M05,P04,L05,120,122,12,9
2025-03-06,1,M06,P01,L02,167,82,6,4
2025-03-06,1,M07,P01,L02,134,111,25,6
2025-03-06,1,M08,P02,L03,194,173,5,3
2025-03-06,1,M09,P03,L02,165,182,16,7
2025-03-06,1,M10,P01,L05,186,126,2,1
2025-03-06,2,M01,P01,L02,135,198,20,9
2025-03-06,2,M02,P03,L02,122,144,26,9
2025-03-06,2,M03,P01,L01,163,112,20,6
2025-03-06,2,M04,P04,L04,110,127,7,2
2025-03-06,2,M05,P01,L05,179,179,17,4
2025-03-06,2,M06,P02,L04,170,177,1,3
2025-03-06,2,M07,P02,L05,111,154,28,2
2025-03-06,2,M08,P01,L03,189,197,26,7
2025-03-06,2,M09,P02,L05,105,134,17,5
2025-03-06,2,M10,P04,L05,147,166,3,1
2025-03-06,3,M01,P03,L05,144,82,26,9
2025-03-06,3,M02,P04,L04,118,102,27,4
2025-03-06,3,M03,P03,L03,111,171,24,4
2025-03-06,3,M04,P02,L02,179,142,20,3
2025-03-06,3,M05,P02,L02,167,94,12,8
2025-03-06,3,M06,P01,L05,137,157,4,1
2025-03-06,3,M07,P03,L03,159,198,12,4
2025-03-06,3,M08,P04,L04,156,80,2,9
2025-03-06,3,M09,P03,L05,166,199,25,2
2025-03-06,3,M10,P02,L03,134,123,1,7
2025-03-06,4,M01,P05,L04,145,162,10,7
2025-03-06,4,M02,P04,L03,177,136,11,0
2025-03-06,4,M03,P05,L04,143,118,9,7
2025-03-06,4,M04,P03,L03,196,116,7,0
2025-03-06,4,M05,P02,L02,113,175,11,9
2025-03-06,4,M06,P05,L02,189,166,27,2
2025-03-06,4,M07,P01,L01,162,168,3,4
2025-03-06,4,M08,P01,L04,178,83,3,2
2025-03-06,4,M09,P05,L04,182,181,27,9
2025-03-06,4,M10,P03,L01,133,142,24,4
2025-03-06,5,M01,P05,L02,128,86,14,1
2025-03-06,5,M02,P03,L02,152,135,7,9
2025-03-06,5,M03,P04,L05,167,171,28,1
2025-03-06,5,M04,P03,L02,102,178,6,5
2025-03-06,5,M05,P04,L01,160,117,15,4
2025-03-06,5,M06,P05,L01,174,165,11,3
2025-03-06,5,M07,P04,L01,154,82,26,8
2025-03-06,5,M08,P05,L05,150,133,29,1
2025-03-06,5,M09,P01,L01,109,120,11,7
2025-03-06,5,M10,P05,L02,107,115,23,6
2025-03-06,6,M01,P02,L01,129,199,27,9
2025-03-06,6,M02,P02,L02,128,94,27,2
2025-03-06,6,M03,P04,L02,146,143,20,1
2025-03-06,6,M04,P01,L02,118,85,7,1
2025-03-06,6,M05,P01,L02,112,85,2,1
2025-03-06,6,M06,P02,L03,130,151,8,6
2025-03-06,6,M07,P05,L01,127,110,12,6
2025-03-06,6,M08,P01,L03,144,192,11,4
2025-03-06,6,M09,P02,L01,115,91,21,1
2025-03-06,6,M10,P04,L03,188,162,6,9
2025-03-06,7,M01,P02,L04,157,118,4,0
2025-03-06,7,M02,P05,L02,147,141,16,3
2025-03-06,7,M03,P05,L04,168,131,10,0
2025-03-06,7,M04,P05,L01,129,128,18,0
2025-03-06,7,M05,P02,L05,192,185,6,5
2025-03-06,7,M06,P05,L01,170,94,28,9
2025-03-06,7,M07,P02,L04,108,149,19,4
2025-03-06,7,M08,P03,L02,144,96,18,1
2025-03-06,7,M09,P04,L02,112,181,3,9
2025-03-06,7,M10,P05,L03,131,179,27,5
2025-03-06,8,M01,P02,L04,136,94,10,3
2025-03-06,8,M02,P02,L01,196,134,8,8
2025-03-06,8,M03,P04,L04,164,107,0,0
2025-03-06,8,M04,P03,L03,147,170,4,9
2025-03-06,8,M05,P03,L04,125,129,21,0
2025-03-06,8,M06,P05,L03,130,91,4,9
2025-03-06,8,M07,P03,L05,138,100,15,9
2025-03-06,8,M08,P02,L05,182,160,13,8
2025-03-06,8,M09,P01,L02,140,123,8,7
2025-03-06,8,M10,P03,L05,197,118,19,6
2025-03-06,9,M01,P03,L04,134,137,9,5
2025-03-06,9,M02,P04,L02,187,199,19,1
2025-03-06,9,M03,P01,L01,101,121,3,0
2025-03-06,9,M04,P03,L03,113,170,0,6
2025-03-06,9,M05,P01,L01,158,97,28,7
2025-03-06,9,M06,P03,L03,167,101,10,6
2025-03-06,9,M07,P02,L01,197,155,3,1
2025-03-06,9,M08,P02,L01,158,102,1,3
2025-03-06,9,M09,P03,L05,182,119,9,7
2025-03-06,9,M10,P01,L03,108,102,12,0
2025-03-06,10,M01,P02,L04,126,98,7,5
2025-03-06,10,M02,P03,L01,174,169,15,8
2025-03-06,10,M03,P05,L01,190,186,2,4
2025-03-06,10,M04,P03,L01,113,122,13,6
2025-03-06,10,M05,P02,L04,184,81,23,4
2025-03-06,10,M06,P04,L02,189,135,23,2
2025-03-06,10,M07,P02,L02,185,106,18,4
2025-03-06,10,M08,P05,L04,139,142,6,6
2025-03-06,10,M09,P04,L03,143,159,15,0
2025-03-06,10,M10,P01,L02,116,199,11,1
2025-03-06,11,M01,P04,L03,111,130,15,6
2025-03-06,11,M02,P02,L01,169,198,8,9
2025-03-06,11,M03,P03,L01,146,95,13,6
2025-03-06,11,M04,P02,L05,148,105,29,0
2025-03-06,11,M05,P04,L03,176,151,17,8
2025-03-06,11,M06,P03,L03,146,157,7,1
2025-03-06,11,M07,P05,L01,122,140,6,8
2025-03-06,11,M08,P05,L05,158,107,11,5
2025-03-06,11,M09,P04,L02,198,137,14,3
2025-03-06,11,M10,P02,L05,146,183,27,4
2025-03-06,12,M01,P04,L01,118,87,13,8
2025-03-06,12,M02,P02,L05,159,171,12,9
2025-03-06,12,M03,P03,L05,175,115,10,8
2025-03-06,12,M04,P05,L04,140,151,8,8
2025-03-06,12,M05,P02,L04,140,106,20,3
2025-03-06,12,M06,P01,L02,118,153,17,6
2025-03-06,12,M07,P01,L04,108,145,18,7
2025-03-06,12,M08,P03,L02,199,90,2,1
2025-03-06,12,M09,P03,L01,172,109,15,7
2025-03-06,12,M10,P02,L01,104,148,13,7
2025-03-06,13,M01,P05,L05,135,168,16,5
2025-03-06,13,M02,P02,L04,139,106,7,4
2025-03-06,13,M03,P04,L05,160,159,19,6
2025-03-06,13,M04,P05,L01,165,171,6,5
2025-03-06,13,M05,P02,L03,100,161,11,4
2025-03-06,13,M06,P04,L01,198,121,15,1
2025-03-06,13,M07,P01,L01,182,178,15,8
2025-03-06,13,M08,P04,L04,172,161,22,7
2025-03-06,13,M09,P04,L03,125,90,19,1
2025-03-06,13,M10,P04,L02,103,164,25,9
2025-03-06,14,M01,P02,L05,140,158,26,8
2025-03-06,14,M02,P05,L02,167,129,3,6
2025-03-06,14,M03,P03,L01,167,166,2,3
2025-03-06,14,M04,P04,L01,132,89,11,2
2025-03-06,14,M05,P03,L05,130,164,23,7
2025-03-06,14,M06,P02,L04,105,171,0,9
2025-03-06,14,M07,P02,L04,129,196,14,7
2025-03-06,14,M08,P02,L02,100,99,28,1
2025-03-06,14,M09,P02,L02,101,151,21,8
2025-03-06,14,M10,P05,L02,180,109,7,9
2025-03-06,15,M01,P03,L05,182,199,4,7
2025-03-06,15,M02,P02,L02,115,129,8,9
2025-03-06,15,M03,P04,L04,168,158,22,6
2025-03-06,15,M04,P03,L04,102,110,6,0
2025-03-06,15,M05,P02,L03,164,149,19,6
2025-03-06,15,M06,P03,L04,158,81,27,3
2025-03-06,15,M07,P03,L04,183,98,22,4
2025-03-06,15,M08,P04,L03,104,198,19,9
2025-03-06,15,M09,P04,L05,111,182,9,2
2025-03-06,15,M10,P05,L04,116,195,26,3
2025-03-06,16,M01,P02,L05,172,130,11,9
2025-03-06,16,M02,P03,L01,128,138,7,8
2025-03-06,16,M03,P05,L04,103,115,10,2
2025-03-06,16,M04,P04,L02,188,102,5,8
2025-03-06,16,M05,P05,L03,143,129,19,8
2025-03-06,16,M06,P01,L01,112,137,1,0
2025-03-06,16,M07,P02,L02,190,181,1,0
2025-03-06,16,M08,P03,L05,149,138,3,7
2025-03-06,16,M09,P03,L02,171,164,1,0
2025-03-06,16,M10,P01,L04,169,117,18,0
2025-03-06,17,M01,P05,L02,167,104,12,3
2025-03-06,17,M02,P02,L01,144,101,15,6
2025-03-06,17,M03,P01,L01,109,97,22,7
2025-03-06,17,M04,P02,L01,101,153,27,3
2025-03-06,17,M05,P02,L03,191,162,26,0
2025-03-06,17,M06,P05,L04,143,102,27,5
2025-03-06,17,M07,P04,L04,105,82,2,6
2025-03-06,17,M08,P01,L01,135,143,11,9
2025-03-06,17,M09,P02,L05,147,153,11,2
2025-03-06,17,M10,P03,L05,191,173,18,5
2025-03-06,18,M01,P05,L01,182,194,24,9
2025-03-06,18,M02,P03,L04,162,160,16,1
2025-03-06,18,M03,P02,L03,112,160,27,0
2025-03-06,18,M04,P04,L02,147,134,15,3
2025-03-06,18,M05,P04,L01,190,183,0,1
2025-03-06,18,M06,P02,L05,168,149,17,7
2025-03-06,18,M07,P01,L01,139,119,1,8
2025-03-06,18,M08,P01,L03,118,112,20,7
2025-03-06,18,M09,P05,L05,129,182,20,1
2025-03-06,18,M10,P03,L02,105,107,12,3
2025-03-06,19,M01,P05,L04,108,146,21,3
2025-03-06,19,M02,P01,L01,158,110,28,7
2025-03-06,19,M03,P02,L03,100,87,29,8
2025-03-06,19,M04,P03,L01,196,169,1,0
2025-03-06,19,M05,P05,L05,193,129,11,1
2025-03-06,19,M06,P05,L04,128,108,15,2
2025-03-06,19,M07,P01,L05,165,123,3,6
2025-03-06,19,M08,P01,L04,104,145,12,7
2025-03-06,19,M09,P04,L02,169,120,9,3
2025-03-06,19,M10,P04,L04,116,100,20,0
2025-03-06,20,M01,P05,L05,108,134,17,3
2025-03-06,20,M02,P01,L04,176,165,18,2
2025-03-06,20,M03,P01,L04,152,176,28,4
2025-03-06,20,M04,P03,L05,188,139,25,2
2025-03-06,20,M05,P01,L04,107,153,17,8
2025-03-06,20,M06,P05,L03,187,188,12,7
2025-03-06,20,M07,P01,L04,126,111,13,8
2025-03-06,20,M08,P04,L02,110,185,4,5
2025-03-06,20,M09,P05,L05,172,121,26,1
2025-03-06,20,M10,P04,L03,111,146,25,2
2025-03-06,21,M01,P03,L05,112,197,23,4
2025-03-06,21,M02,P01,L03,182,163,26,6
2025-03-06,21,M03,P04,L03,195,108,4,0
2025-03-06,21,M04,P03,L03,165,85,20,2
2025-03-06,21,M05,P01,L02,146,81,4,4
2025-03-06,21,M06,P03,L01,141,130,18,7
2025-03-06,21,M07,P03,L01,180,109,26,7
2025-03-06,21,M08,P02,L02,138,86,8,7
2025-03-06,21,M09,P01,L03,100,123,2,3
2025-03-06,21,M10,P05,L03,183,84,11,4
2025-03-06,22,M01,P05,L04,122,136,6,0
2025-03-06,22,M02,P03,L01,101,91,9,8
2025-03-06,22,M03,P04,L04,147,186,17,9
2025-03-06,22,M04,P04,L05,108,100,21,6
2025-03-06,22,M05,P04,L05,112,131,27,4
2025-03-06,22,M06,P05,L01,189,187,0,7
2025-03-06,22,M07,P03,L03,192,174,26,7
2025-03-06,22,M08,P05,L02,156,123,14,7
2025-03-06,22,M09,P05,L05,136,152,12,7
2025-03-06,22,M10,P04,L04,126,126,14,5
2025-03-06,23,M01,P02,L05,161,104,11,0
2025-03-06,23,M02,P05,L01,189,116,8,4
2025-03-06,23,M03,P04,L01,106,84,19,0
2025-03-06,23,M04,P05,L03,159,115,26,0
2025-03-06,23,M05,P01,L02,177,196,27,8
2025-03-06,23,M06,P05,L01,140,126,26,9
2025-03-06,23,M07,P05,L04,103,121,1,9
2025-03-06,23,M08,P02,L04,129,189,2,0
2025-03-06,23,M09,P03,L02,122,124,7,5
2025-03-06,23,M10,P05,L01,147,142,15,2
2025-03-06,24,M01,P01,L05,179,106,1,8
2025-03-06,24,M02,P04,L02,181,161,27,3
2025-03-06,24,M03,P03,L02,161,124,28,3
2025-03-06,24,M04,P02,L01,147,99,15,3
2025-03-06,24,M05,P03,L04,156,98,12,6
2025-03-06,24,M06,P03,L04,175,128,14,9
2025-03-06,24,M07,P01,L03,109,155,21,7
2025-03-06,24,M08,P05,L01,130,133,25,1
2025-03-06,24,M09,P05,L04,110,152,21,7
2025-03-06,24,M10,P05,L04,179,153,1,1
2025-03-07,1,M01,P05,L05,150,176,25,2
2025-03-07,1,M02,P01,L02,147,106,28,3
2025-03-07,1,M03,P03,L04,168,82,7,5
2025-03-07,1,M04,P04,L03,129,118,7,4
2025-03-07,1,M05,P05,L05,121,131,1,1
2025-03-07,1,M06,P02,L02,114,116,1,6
2025-03-07,1,M07,P04,L03,173,148,1,0
2025-03-07,1,M08,P05,L01,104,164,17,7
2025-03-07,1,M09,P04,L04,155,83,16,3
2025-03-07,1,M10,P02,L05,132,165,17,8
2025-03-07,2,M01,P02,L05,179,83,26,7
2025-03-07,2,M02,P02,L03,195,196,27,7
2025-03-07,2,M03,P02,L01,120,192,27,3
2025-03-07,2,M04,P02,L03,193,196,7,8
2025-03-07,2,M05,P01,L05,141,195,27,4
2025-03-07,2,M06,P03,L05,131,120,10,8
2025-03-07,2,M07,P05,L02,123,144,15,3
2025-03-07,2,M08,P04,L02,149,176,27,5
2025-03-07,2,M09,P03,L01,157,188,11,7
2025-03-07,2,M10,P04,L01,180,159,26,3
2025-03-07,3,M01,P01,L04,159,141,10,3
2025-03-07,3,M02,P02,L02,103,151,18,8
2025-03-07,3,M03,P04,L01,189,103,17,4
2025-03-07,3,M04,P02,L05,103,83,11,1
2025-03-07,3,M05,P03,L05,125,129,0,3
2025-03-07,3,M06,P02,L01,133,81,10,7
2025-03-07,3,M07,P05,L01,111,115,26,0
2025-03-07,3,M08,P02,L04,115,128,5,0
2025-03-07,3,M09,P05,L03,144,88,2,1
2025-03-07,3,M10,P01,L01,151,153,1,3
2025-03-07,4,M01,P04,L01,168,135,22,3
2025-03-07,4,M02,P01,L03,150,199,24,8
2025-03-07,4,M03,P04,L05,163,85,11,6
2025-03-07,4,M04,P05,L05,101,82,8,6
2025-03-07,4,M05,P04,L02,149,139,12,0
2025-03-07,4,M06,P01,L01,161,133,20,6
2025-03-07,4,M07,P05,L04,108,80,14,8
2025-03-07,4,M08,P04,L04,109,198,17,2
2025-03-07,4,M09,P05,L04,191,177,6,5
2025-03-07,4,M10,P02,L01,125,109,1,2
2025-03-07,5,M01,P03,L03,139,142,4,3
2025-03-07,5,M02,P03,L04,135,179,0,6
2025-03-07,5,M03,P02,L03,189,99,1,0
2025-03-07,5,M04,P01,L03,105,165,5,6
2025-03-07,5,M05,P04,L01,141,142,8,9
2025-03-07,5,M06,P02,L04,171,186,6,6
2025-03-07,5,M07,P03,L05,115,156,17,1
2025-03-07,5,M08,P05,L04,130,146,29,2
2025-03-07,5,M09,P02,L02,197,181,12,4
2025-03-07,5,M10,P03,L03,106,87,3,9
2025-03-07,6,M01,P05,L05,125,140,19,6
2025-03-07,6,M02,P02,L03,101,191,19,4
2025-03-07,6,M03,P01,L03,166,151,10,4
2025-03-07,6,M04,P04,L01,187,108,7,1
2025-03-07,6,M05,P02,L01,180,153,23,7
2025-03-07,6,M06,P01,L05,194,187,28,8
2025-03-07,6,M07,P03,L02,193,96,6,9
2025-03-07,6,M08,P02,L05,147,172,16,5
2025-03-07,6,M09,P01,L01,154,134,9,3
2025-03-07,6,M10,P04,L05,191,191,11,2
2025-03-07,7,M01,P03,L05,192,158,4,0
2025-03-07,7,M02,P02,L04,171,179,6,6
2025-03-07,7,M03,P02,L05,130,116,22,7
2025-03-07,7,M04,P05,L04,142,117,14,8
2025-03-07,7,M05,P03,L02,199,112,15,3
2025-03-07,7,M06,P04,L02,133,124,11,3
2025-03-07,7,M07,P05,L04,158,146,20,8
2025-03-07,7,M08,P02,L01,144,126,13,0
2025-03-07,7,M09,P04,L02,130,159,27,0
2025-03-07,7,M10,P02,L02,153,138,29,8
2025-03-07,8,M01,P05,L03,187,89,5,2
2025-03-07,8,M02,P05,L02,118,117,20,7
2025-03-07,8,M03,P02,L02,177,171,1,3
2025-03-07,8,M04,P01,L05,169,171,5,8
2025-03-07,8,M05,P02,L04,130,165,3,0
2025-03-07,8,M06,P03,L04,134,92,14,0
2025-03-07,8,M07,P02,L04,137,144,21,0
2025-03-07,8,M08,P05,L01,164,127,27,8
2025-03-07,8,M09,P01,L02,120,180,25,7
2025-03-07,8,M10,P01,L01,145,192,4,7
2025-03-07,9,M01,P05,L01,192,187,18,7
2025-03-07,9,M02,P03,L05,175,87,10,1
2025-03-07,9,M03,P03,L02,192,112,0,3
2025-03-07,9,M04,P03,L05,195,193,0,2
2025-03-07,9,M05,P02,L01,141,133,12,2
2025-03-07,9,M06,P04,L04,107,169,4,4
2025-03-07,9,M07,P02,L02,159,125,11,9
2025-03-07,9,M08,P05,L04,107,121,20,5
2025-03-07,9,M09,P01,L01,103,176,22,9
2025-03-07,9,M10,P05,L04,170,134,24,8
2025-03-07,10,M01,P02,L04,197,152,5,5
2025-03-07,10,M02,P05,L01,114,144,14,1
2025-03-07,10,M03,P03,L03,196,83,1,2
2025-03-07,10,M04,P03,L04,199,127,8,5
2025-03-07,10,M05,P01,L04,154,171,14,3
2025-03-07,10,M06,P02,L04,102,182,6,3
2025-03-07,10,M07,P04,L01,195,89,15,9
2025-03-07,10,M08,P04,L02,159,155,6,2
2025-03-07,10,M09,P05,L04,123,134,1,3
2025-03-07,10,M10,P01,L03,186,151,9,8
2025-03-07,11,M01,P05,L03,194,80,2,5
2025-03-07,11,M02,P04,L03,105,99,23,9
2025-03-07,11,M03,P04,L04,102,107,11,6
2025-03-07,11,M04,P05,L04,184,161,15,5
2025-03-07,11,M05,P03,L01,181,90,22,8
2025-03-07,11,M06,P02,L01,136,142,15,3
2025-03-07,11,M07,P04,L02,115,146,9,7
2025-03-07,11,M08,P01,L02,173,180,24,3
2025-03-07,11,M09,P03,L02,173,154,8,4
2025-03-07,11,M10,P05,L03,174,140,15,9
2025-03-07,12,M01,P01,L02,189,167,7,6
2025-03-07,12,M02,P01,L04,173,177,11,9
2025-03-07,12,M03,P05,L03,182,140,7,5
2025-03-07,12,M04,P02,L03,113,114,17,2
2025-03-07,12,M05,P01,L01,102,166,17,2
2025-03-07,12,M06,P02,L04,164,89,17,3
2025-03-07,12,M07,P01,L05,167,100,19,1
2025-03-07,12,M08,P04,L01,145,113,13,9
2025-03-07,12,M09,P04,L01,163,141,2,6
2025-03-07,12,M10,P03,L03,189,91,23,4
2025-03-07,13,M01,P01,L04,168,152,7,3
2025-03-07,13,M02,P02,L01,142,86,19,4
2025-03-07,13,M03,P03,L01,178,109,3,1
2025-03-07,13,M04,P04,L01,175,173,23,2
2025-03-07,13,M05,P03,L05,121,178,19,4
2025-03-07,13,M06,P03,L01,172,196,21,1
2025-03-07,13,M07,P04,L02,143,193,22,5
2025-03-07,13,M08,P03,L05,151,101,2,0
2025-03-07,13,M09,P03,L02,189,177,28,6
2025-03-07,13,M10,P05,L05,132,175,24,1
2025-03-07,14,M01,P02,L02,157,179,1,9
2025-03-07,14,M02,P05,L05,141,169,2,1
2025-03-07,14,M03,P03,L02,119,158,20,7
2025-03-07,14,M04,P01,L04,113,197,2,9
2025-03-07,14,M05,P02,L02,164,129,16,2
2025-03-07,14,M06,P02,L01,168,105,5,0
2025-03-07,14,M07,P04,L01,199,115,23,9
2025-03-07,14,M08,P04,L01,160,106,26,2
2025-03-07,14,M09,P05,L04,131,158,20,7
2025-03-07,14,M10,P01,L05,119,153,0,9
2025-03-07,15,M01,P01,L02,199,136,26,5
2025-03-07,15,M02,P01,L05,164,82,4,1
2025-03-07,15,M03,P04,L03,132,184,26,0
2025-03-07,15,M04,P05,L05,174,154,3,8
2025-03-07,15,M05,P02,L02,150,83,11,1
2025-03-07,15,M06,P04,L02,105,138,10,9
2025-03-07,15,M07,P03,L05,168,88,22,8
2025-03-07,15,M08,P02,L01,152,169,13,6
2025-03-07,15,M09,P03,L01,134,170,20,5
2025-03-07,15,M10,P04,L02,138,131,0,7
2025-03-07,16,M01,P01,L02,175,160,24,9
2025-03-07,16,M02,P04,L02,182,184,9,9
2025-03-07,16,M03,P01,L04,170,148,27,3
2025-03-07,16,M04,P04,L03,104,109,0,9
2025-03-07,16,M05,P04,L03,165,173,27,8
2025-03-07,16,M06,P05,L05,177,194,25,1
2025-03-07,16,M07,P01,L05,166,107,13,7
2025-03-07,16,M08,P03,L04,108,115,18,6
2025-03-07,16,M09,P03,L01,186,155,6,8
2025-03-07,16,M10,P01,L02,174,154,6,2
2025-03-07,17,M01,P05,L03,140,96,16,8
2025-03-07,17,M02,P03,L04,163,189,19,0
2025-03-07,17,M03,P05,L01,130,96,24,8
2025-03-07,17,M04,P04,L01,127,128,25,3
2025-03-07,17,M05,P03,L03,189,148,10,5
2025-03-07,17,M06,P03,L05,105,198,12,5
2025-03-07,17,M07,P02,L05,131,108,10,3
2025-03-07,17,M08,P02,L01,168,175,28,9
2025-03-07,17,M09,P03,L03,167,123,24,5
2025-03-07,17,M10,P03,L02,107,170,11,4
2025-03-07,18,M01,P03,L05,126,90,26,6
2025-03-07,18,M02,P03,L04,174,136,24,6
2025-03-07,18,M03,P05,L03,189,170,24,2
2025-03-07,18,M04,P05,L05,116,110,13,6
2025-03-07,18,M05,P02,L02,125,101,9,5
2025-03-07,18,M06,P05,L03,141,99,26,8
2025-03-07,18,M07,P02,L01,180,162,9,7
2025-03-07,18,M08,P05,L04,176,196,26,1
2025-03-07,18,M09,P02,L01,191,148,17,6
2025-03-07,18,M10,P01,L02,147,195,20,0
2025-03-07,19,M01,P01,L05,188,148,27,2
2025-03-07,19,M02,P02,L02,122,131,2,1
2025-03-07,19,M03,P03,L03,173,89,3,8
2025-03-07,19,M04,P05,L02,186,80,15,2
2025-03-07,19,M05,P05,L04,154,141,4,8
2025-03-07,19,M06,P01,L04,105,161,5,2
2025-03-07,19,M07,P02,L04,198,154,25,3
2025-03-07,19,M08,P01,L05,151,181,20,4
2025-03-07,19,M09,P01,L01,156,86,28,9
2025-03-07,19,M10,P05,L01,159,135,23,4
2025-03-07,20,M01,P01,L01,186,143,24,7
2025-03-07,20,M02,P03,L02,153,165,22,1
2025-03-07,20,M03,P01,L04,136,109,26,1
2025-03-07,20,M04,P03,L01,159,81,27,6
2025-03-07,20,M05,P03,L01,171,179,17,3
2025-03-07,20,M06,P02,L04,155,140,6,3
2025-03-07,20,M07,P01,L02,158,97,1,2
2025-03-07,20,M08,P05,L02,132,100,6,0
2025-03-07,20,M09,P03,L04,101,119,17,0
2025-03-07,20,M10,P02,L02,184,193,19,6
2025-03-07,21,M01,P02,L05,124,112,16,2
2025-03-07,21,M02,P02,L01,129,144,29,0
2025-03-07,21,M03,P05,L04,156,139,9,0
2025-03-07,21,M04,P04,L04,162,175,20,9
2025-03-07,21,M05,P05,L05,170,117,21,7
2025-03-07,21,M06,P01,L02,144,170,1,9
2025-03-07,21,M07,P02,L04,189,96,9,7
2025-03-07,21,M08,P01,L03,174,94,3,8
2025-03-07,21,M09,P05,L04,146,174,13,8
2025-03-07,21,M10,P03,L01,103,98,8,5
2025-03-07,22,M01,P01,L03,103,188,20,2
2025-03-07,22,M02,P02,L05,149,138,28,4
2025-03-07,22,M03,P03,L01,196,199,17,5
2025-03-07,22,M04,P01,L03,153,89,21,0
2025-03-07,22,M05,P05,L04,177,151,16,7
2025-03-07,22,M06,P03,L01,186,86,11,2
2025-03-07,22,M07,P03,L03,171,119,11,2
2025-03-07,22,M08,P04,L04,165,106,2,4
2025-03-07,22,M09,P04,L03,106,130,0,0
2025-03-07,22,M10,P01,L04,105,195,20,5
2025-03-07,23,M01,P01,L02,160,137,15,1
2025-03-07,23,M02,P02,L05,188,127,23,9
2025-03-07,23,M03,P01,L03,120,182,23,6
2025-03-07,23,M04,P04,L01,183,190,8,5
2025-03-07,23,M05,P05,L05,140,113,9,4
2025-03-07,23,M06,P05,L01,135,115,12,3
2025-03-07,23,M07,P03,L03,185,95,5,9
2025-03-07,23,M08,P01,L02,146,103,13,6
2025-03-07,23,M09,P01,L01,139,124,18,9
2025-03-07,23,M10,P03,L01,121,107,29,2
2025-03-07,24,M01,P02,L03,143,84,15,0
2025-03-07,24,M02,P01,L02,141,177,14,8
2025-03-07,24,M03,P05,L05,180,142,3,7
2025-03-07,24,M04,P05,L03,197,132,15,8
2025-03-07,24,M05,P03,L04,122,92,5,1
2025-03-07,24,M06,P04,L02,145,181,22,8
2025-03-07,24,M07,P01,L03,179,124,5,3
2025-03-07,24,M08,P02,L04,109,159,0,3
2025-03-07,24,M09,P01,L03,192,98,29,4
2025-03-07,24,M10,P01,L02,123,105,3,7
2025-03-08,1,M01,P04,L02,131,81,8,1
2025-03-08,1,M02,P01,L01,145,188,18,9
2025-03-08,1,M03,P05,L04,162,114,15,4
2025-03-08,1,M04,P02,L02,149,114,12,3
2025-03-08,1,M05,P03,L05,116,168,0,2
2025-03-08,1,M06,P01,L03,182,98,17,3
2025-03-08,1,M07,P01,L03,152,123,10,9
2025-03-08,1,M08,P01,L03,169,86,28,4
2025-03-08,1,M09,P01,L04,199,178,13,9
2025-03-08,1,M10,P05,L04,172,90,0,8
2025-03-08,2,M01,P05,L01,157,103,7,3
2025-03-08,2,M02,P02,L05,166,142,14,7
2025-03-08,2,M03,P02,L04,137,190,13,7
2025-03-08,2,M04,P03,L05,162,182,0,4
2025-03-08,2,M05,P05,L03,151,160,0,2
2025-03-08,2,M06,P05,L04,150,193,10,6
2025-03-08,2,M07,P01,L02,130,114,15,8
2025-03-08,2,M08,P03,L05,180,156,5,8
2025-03-08,2,M09,P05,L01,129,180,4,5
2025-03-08,2,M10,P02,L04,129,173,8,6
2025-03-08,3,M01,P02,L03,138,170,2,2
2025-03-08,3,M02,P04,L04,181,167,12,0
2025-03-08,3,M03,P01,L02,174,96,19,0
2025-03-08,3,M04,P03,L03,133,172,29,9
2025-03-08,3,M05,P04,L05,191,131,10,1
2025-03-08,3,M06,P02,L05,160,119,16,1
2025-03-08,3,M07,P04,L01,110,162,23,5
2025-03-08,3,M08,P01,L02,147,92,22,9
2025-03-08,3,M09,P01,L02,113,197,8,5
2025-03-08,3,M10,P02,L03,139,170,3,0
2025-03-08,4,M01,P01,L05,181,128,23,2
2025-03-08,4,M02,P03,L01,138,117,10,5
2025-03-08,4,M03,P01,L02,187,153,26,2
2025-03-08,4,M04,P03,L03,126,104,20,1
2025-03-08,4,M05,P04,L04,162,137,0,1
2025-03-08,4,M06,P05,L03,141,173,8,1
2025-03-08,4,M07,P03,L02,156,84,20,3
2025-03-08,4,M08,P04,L01,122,199,19,8
2025-03-08,4,M09,P03,L04,123,169,14,9
2025-03-08,4,M10,P04,L05,184,198,20,6
2025-03-08,5,M01,P04,L01,147,180,17,9
2025-03-08,5,M02,P05,L01,128,172,13,8
2025-03-08,5,M03,P05,L04,152,154,1,5
2025-03-08,5,M04,P04,L04,128,130,11,0
2025-03-08,5,M05,P02,L01,111,114,16,5
2025-03-08,5,M06,P05,L04,148,153,19,1
2025-03-08,5,M07,P02,L03,114,137,22,6
2025-03-08,5,M08,P02,L05,133,120,12,8
2025-03-08,5,M09,P04,L01,196,171,12,5
2025-03-08,5,M10,P04,L03,142,199,5,3
2025-03-08,6,M01,P03,L05,126,192,18,2
2025-03-08,6,M02,P04,L01,165,187,25,0
2025-03-08,6,M03,P05,L04,137,86,28,3
2025-03-08,6,M04,P01,L05,112,189,7,1
2025-03-08,6,M05,P03,L02,147,88,20,0
2025-03-08,6,M06,P02,L01,177,118,28,6
2025-03-08,6,M07,P04,L03,170,143,23,9
2025-03-08,6,M08,P02,L03,165,198,24,7
2025-03-08,6,M09,P02,L02,163,134,14,8
2025-03-08,6,M10,P02,L04,122,180,16,9
2025-03-08,7,M01,P01,L04,164,118,2,8
2025-03-08,7,M02,P03,L03,117,100,23,3
2025-03-08,7,M03,P02,L01,139,163,16,4
2025-03-08,7,M04,P03,L03,175,112,2,9
2025-03-08,7,M05,P04,L03,139,148,9,5
2025-03-08,7,M06,P05,L04,116,99,10,3
2025-03-08,7,M07,P04,L04,152,123,16,3
2025-03-08,7,M08,P02,L03,168,192,23,4
2025-03-08,7,M09,P05,L05,113,87,13,5
2025-03-08,7,M10,P02,L02,129,160,5,2
2025-03-08,8,M01,P03,L03,153,167,27,2
2025-03-08,8,M02,P05,L03,105,198,28,6
2025-03-08,8,M03,P03,L05,150,141,4,0
2025-03-08,8,M04,P02,L01,127,193,6,4
2025-03-08,8,M05,P03,L05,118,130,19,4
2025-03-08,8,M06,P05,L01,152,151,18,6
2025-03-08,8,M07,P04,L03,175,169,2,3
2025-03-08,8,M08,P03,L02,166,176,11,9
2025-03-08,8,M09,P04,L03,180,135,17,2
2025-03-08,8,M10,P05,L05,124,165,18,2
2025-03-08,9,M01,P05,L04,199,138,24,7
2025-03-08,9,M02,P04,L05,124,170,7,7
2025-03-08,9,M03,P02,L02,136,149,5,8
2025-03-08,9,M04,P01,L04,152,138,21,0
2025-03-08,9,M05,P05,L05,119,82,0,4
2025-03-08,9,M06,P04,L03,115,191,28,3
2025-03-08,9,M07,P04,L03,116,123,9,1
2025-03-08,9,M08,P02,L02,116,103,4,1
2025-03-08,9,M09,P05,L02,157,125,20,1
2025-03-08,9,M10,P05,L05,134,115,4,9
2025-03-08,10,M01,P05,L01,133,103,20,8
2025-03-08,10,M02,P02,L01,111,94,2,8
2025-03-08,10,M03,P04,L01,129,125,4,5
2025-03-08,10,M04,P05,L04,155,172,13,4
2025-03-08,10,M05,P01,L03,161,144,28,7
2025-03-08,10,M06,P03,L03,173,115,22,0
2025-03-08,10,M07,P03,L01,158,189,22,1
2025-03-08,10,M08,P02,L02,161,109,18,3
2025-03-08,10,M09,P01,L05,104,135,27,6
2025-03-08,10,M10,P03,L03,161,122,17,1
2025-03-08,11,M01,P05,L02,137,182,16,2
2025-03-08,11,M02,P05,L03,106,117,16,8
2025-03-08,11,M03,P03,L05,180,94,15,0
2025-03-08,11,M04,P01,L03,195,188,27,3
2025-03-08,11,M05,P05,L01,115,173,16,8
2025-03-08,11,M06,P05,L05,117,150,27,0
2025-03-08,11,M07,P01,L03,180,98,5,3
2025-03-08,11,M08,P05,L02,109,80,0,5
2025-03-08,11,M09,P01,L03,189,182,9,3
2025-03-08,11,M10,P05,L01,152,177,26,2
2025-03-08,12,M01,P04,L02,148,191,4,9
2025-03-08,12,M02,P01,L03,176,163,1,0
2025-03-08,12,M03,P04,L05,174,80,13,7
2025-03-08,12,M04,P05,L02,194,146,21,5
2025-03-08,12,M05,P05,L03,136,196,24,1
2025-03-08,12,M06,P04,L03,160,198,25,0
2025-03-08,12,M07,P02,L03,186,183,1,2
2025-03-08,12,M08,P03,L05,125,148,22,2
2025-03-08,12,M09,P04,L04,142,109,22,1
2025-03-08,12,M10,P05,L05,160,80,26,8
2025-03-08,13,M01,P04,L01,152,168,25,1
2025-03-08,13,M02,P04,L05,149,145,13,8
2025-03-08,13,M03,P04,L02,107,137,25,7
2025-03-08,13,M04,P04,L05,141,92,18,1
2025-03-08,13,M05,P05,L02,145,167,20,6
2025-03-08,13,M06,P02,L05,156,167,7,0
2025-03-08,13,M07,P01,L05,142,183,16,8
2025-03-08,13,M08,P01,L02,168,94,9,0
2025-03-08,13,M09,P02,L03,169,113,1,0
2025-03-08,13,M10,P04,L05,113,155,3,8
2025-03-08,14,M01,P02,L03,173,118,29,4
2025-03-08,14,M02,P05,L02,156,83,5,1
2025-03-08,14,M03,P04,L01,196,179,10,8
2025-03-08,14,M04,P04,L03,176,111,15,2
2025-03-08,14,M05,P04,L04,122,183,26,5
2025-03-08,14,M06,P05,L01,123,112,11,3
2025-03-08,14,M07,P01,L04,141,132,12,9
2025-03-08,14,M08,P02,L04,113,130,18,8
2025-03-08,14,M09,P03,L01,121,101,25,7
2025-03-08,14,M10,P02,L01,132,151,4,1
2025-03-08,15,M01,P03,L03,161,174,24,1
2025-03-08,15,M02,P03,L04,166,137,25,8
2025-03-08,15,M03,P03,L04,157,103,2,6
2025-03-08,15,M04,P05,L04,157,108,25,8
2025-03-08,15,M05,P01,L03,123,118,14,4
2025-03-08,15,M06,P05,L02,197,99,4,3
2025-03-08,15,M07,P02,L03,119,90,28,4
2025-03-08,15,M08,P05,L04,125,102,4,8
2025-03-08,15,M09,P04,L05,190,89,1,9
2025-03-08,15,M10,P04,L04,198,107,8,3
2025-03-08,16,M01,P03,L02,193,96,27,0
2025-03-08,16,M02,P05,L05,136,92,28,7
2025-03-08,16,M03,P03,L03,168,129,4,4
2025-03-08,16,M04,P02,L02,129,156,27,5
2025-03-08,16,M05,P03,L01,180,130,14,0
2025-03-08,16,M06,P05,L02,115,154,4,4
2025-03-08,16,M07,P03,L02,194,107,9,4
2025-03-08,16,M08,P02,L03,167,166,8,2
2025-03-08,16,M09,P03,L03,110,150,16,6
2025-03-08,16,M10,P02,L02,146,192,25,8
2025-03-08,17,M01,P02,L01,193,158,22,9
2025-03-08,17,M02,P04,L01,118,80,1,5
2025-03-08,17,M03,P02,L01,164,153,3,4
2025-03-08,17,M04,P04,L02,168,158,23,9
2025-03-08,17,M05,P01,L03,131,152,8,1
2025-03-08,17,M06,P03,L03,153,156,21,6
2025-03-08,17,M07,P04,L02,125,162,29,1
2025-03-08,17,M08,P04,L03,198,177,15,0
2025-03-08,17,M09,P03,L03,195,160,23,4
2025-03-08,17,M10,P04,L04,192,137,6,6
2025-03-08,18,M01,P05,L04,182,173,24,9
2025-03-08,18,M02,P03,L02,123,199,27,1
2025-03-08,18,M03,P03,L01,125,142,21,3
2025-03-08,18,M04,P03,L05,191,169,7,9
2025-03-08,18,M05,P02,L04,122,150,1,9
2025-03-08,18,M06,P04,L04,110,88,4,5
2025-03-08,18,M07,P01,L02,178,133,8,6
2025-03-08,18,M08,P04,L04,108,123,10,2
2025-03-08,18,M09,P05,L05,131,101,21,4
2025-03-08,18,M10,P03,L02,125,146,21,8
2025-03-08,19,M01,P05,L02,174,181,12,2
2025-03-08,19,M02,P05,L05,123,95,28,2
2025-03-08,19,M03,P04,L01,161,174,15,0
2025-03-08,19,M04,P03,L05,132,191,22,1
2025-03-08,19,M05,P04,L05,164,81,28,9
2025-03-08,19,M06,P04,L01,132,102,19,6
2025-03-08,19,M07,P05,L03,189,174,18,1
2025-03-08,19,M08,P05,L03,155,138,24,3
2025-03-08,19,M09,P01,L04,120,129,16,4
2025-03-08,19,M10,P03,L03,160,133,26,6
2025-03-08,20,M01,P04,L01,134,160,23,8
2025-03-08,20,M02,P02,L03,159,141,9,3
2025-03-08,20,M03,P04,L05,195,111,5,6
2025-03-08,20,M04,P05,L01,114,97,3,4
2025-03-08,20,M05,P01,L04,180,177,23,2
2025-03-08,20,M06,P01,L03,152,97,6,2
2025-03-08,20,M07,P01,L01,133,94,8,6
2025-03-08,20,M08,P03,L03,187,164,17,9
2025-03-08,20,M09,P04,L01,165,96,22,3
2025-03-08,20,M10,P05,L01,173,160,22,4
2025-03-08,21,M01,P03,L01,108,174,2,9
2025-03-08,21,M02,P05,L01,101,137,5,2
2025-03-08,21,M03,P01,L02,187,138,0,3
2025-03-08,21,M04,P05,L03,160,165,16,3
2025-03-08,21,M05,P05,L05,144,96,1,1
2025-03-08,21,M06,P01,L02,101,198,29,0
2025-03-08,21,M07,P04,L01,136,131,14,9
2025-03-08,21,M08,P01,L01,109,117,12,4
2025-03-08,21,M09,P04,L02,123,108,16,6
2025-03-08,21,M10,P05,L01,169,143,9,4
2025-03-08,22,M01,P04,L01,145,81,8,1
2025-03-08,22,M02,P04,L02,185,120,4,9
2025-03-08,22,M03,P04,L02,169,96,13,9
2025-03-08,22,M04,P03,L02,166,121,13,5
2025-03-08,22,M05,P05,L04,158,106,7,6
2025-03-08,22,M06,P05,L01,174,84,4,8
2025-03-08,22,M07,P02,L02,123,152,10,9
2025-03-08,22,M08,P05,L01,190,90,27,8
2025-03-08,22,M09,P05,L05,182,151,22,3
2025-03-08,22,M10,P01,L04,170,135,26,7
2025-03-08,23,M01,P03,L03,192,137,3,9
2025-03-08,23,M02,P05,L05,144,188,26,1
2025-03-08,23,M03,P04,L02,114,149,24,1
2025-03-08,23,M04,P02,L02,197,80,24,5
2025-03-08,23,M05,P02,L05,135,147,27,6
2025-03-08,23,M06,P05,L04,158,123,11,8
2025-03-08,23,M07,P05,L02,197,130,28,6
2025-03-08,23,M08,P01,L02,119,110,25,6
2025-03-08,23,M09,P04,L05,186,140,10,0
2025-03-08,23,M10,P02,L03,183,91,8,9
2025-03-08,24,M01,P05,L05,161,122,21,8
2025-03-08,24,M02,P01,L01,169,197,4,9
2025-03-08,24,M03,P05,L01,198,149,21,0
2025-03-08,24,M04,P04,L03,157,123,9,0
2025-03-08,24,M05,P05,L02,118,165,28,8
2025-03-08,24,M06,P03,L04,124,116,28,1
2025-03-08,24,M07,P04,L02,131,105,25,9
2025-03-08,24,M08,P01,L04,193,130,8,5
2025-03-08,24,M09,P01,L01,160,154,2,4
2025-03-08,24,M10,P02,L05,136,123,22,1
2025-03-09,1,M01,P04,L05,120,119,29,8
2025-03-09,1,M02,P04,L03,103,107,29,8
2025-03-09,1,M03,P03,L01,190,95,11,6
2025-03-09,1,M04,P03,L04,117,169,10,7
2025-03-09,1,M05,P03,L03,184,124,6,0
2025-03-09,1,M06,P03,L01,144,115,0,3
2025-03-09,1,M07,P03,L01,184,104,25,1
2025-03-09,1,M08,P02,L04,151,85,13,5
2025-03-09,1,M09,P01,L05,180,91,29,2
2025-03-09,1,M10,P05,L02,139,145,26,6
2025-03-09,2,M01,P04,L02,113,154,27,2
2025-03-09,2,M02,P02,L01,101,110,22,2
2025-03-09,2,M03,P05,L03,174,130,6,3
2025-03-09,2,M04,P04,L02,175,161,22,0
2025-03-09,2,M05,P04,L05,140,95,20,9
2025-03-09,2,M06,P04,L04,127,139,8,0
2025-03-09,2,M07,P05,L04,171,145,13,7
2025-03-09,2,M08,P05,L01,143,122,0,5
2025-03-09,2,M09,P03,L01,119,158,27,4
2025-03-09,2,M10,P04,L01,116,185,14,4
2025-03-09,3,M01,P04,L02,196,173,15,3
2025-03-09,3,M02,P01,L05,148,117,23,8
2025-03-09,3,M03,P05,L03,149,192,20,2
2025-03-09,3,M04,P05,L01,190,144,29,3
2025-03-09,3,M05,P04,L04,154,113,15,7
2025-03-09,3,M06,P04,L05,150,137,27,6
2025-03-09,3,M07,P03,L01,107,113,26,5
2025-03-09,3,M08,P01,L01,121,152,1,3
2025-03-09,3,M09,P05,L03,198,165,21,2
2025-03-09,3,M10,P05,L01,117,87,6,6
2025-03-09,4,M01,P04,L02,161,193,18,9
2025-03-09,4,M02,P03,L04,134,108,29,0
2025-03-09,4,M03,P01,L01,167,177,16,1
2025-03-09,4,M04,P05,L01,194,169,27,5
2025-03-09,4,M05,P02,L04,171,189,3,2
2025-03-09,4,M06,P05,L04,187,196,25,6
2025-03-09,4,M07,P02,L04,156,186,9,1
2025-03-09,4,M08,P02,L02,131,132,2,6
2025-03-09,4,M09,P03,L01,115,177,23,4
2025-03-09,4,M10,P02,L01,193,158,6,9
2025-03-09,5,M01,P03,L04,146,138,2,3
2025-03-09,5,M02,P05,L05,178,133,16,6
2025-03-09,5,M03,P04,L04,192,116,23,7
2025-03-09,5,M04,P05,L04,128,194,9,7
2025-03-09,5,M05,P04,L02,172,101,9,3
2025-03-09,5,M06,P03,L04,190,196,5,9
2025-03-09,5,M07,P01,L03,193,159,7,5
2025-03-09,5,M08,P03,L05,166,103,21,9
2025-03-09,5,M09,P04,L03,166,142,21,0
2025-03-09,5,M10,P05,L03,168,150,0,9
2025-03-09,6,M01,P04,L04,149,92,0,0
2025-03-09,6,M02,P01,L04,141,178,6,9
2025-03-09,6,M03,P01,L02,169,199,8,6
2025-03-09,6,M04,P03,L01,141,108,3,8
2025-03-09,6,M05,P02,L01,174,88,2,6
2025-03-09,6,M06,P03,L05,159,194,27,4
2025-03-09,6,M07,P02,L04,173,98,25,3
2025-03-09,6,M08,P04,L02,159,181,26,5
2025-03-09,6,M09,P03,L05,134,184,9,1
2025-03-09,6,M10,P05,L04,153,95,17,9
2025-03-09,7,M01,P02,L05,100,166,9,0
2025-03-09,7,M02,P03,L03,179,136,5,7
2025-03-09,7,M03,P01,L04,106,119,19,4
2025-03-09,7,M04,P01,L05,171,102,19,0
2025-03-09,7,M05,P04,L01,168,93,6,7
2025-03-09,7,M06,P03,L04,161,86,21,7
2025-03-09,7,M07,P01,L01,197,183,6,6
2025-03-09,7,M08,P04,L03,157,127,25,1
2025-03-09,7,M09,P05,L01,109,179,29,8
2025-03-09,7,M10,P05,L05,141,193,24,9
2025-03-09,8,M01,P05,L01,154,87,11,3
2025-03-09,8,M02,P03,L03,174,135,3,1
2025-03-09,8,M03,P04,L01,118,101,1,2
2025-03-09,8,M04,P02,L01,152,124,2,6
2025-03-09,8,M05,P05,L01,197,129,27,3
2025-03-09,8,M06,P04,L02,129,109,24,1
2025-03-09,8,M07,P05,L05,138,121,27,3
2025-03-09,8,M08,P02,L02,133,136,15,0
2025-03-09,8,M09,P03,L01,124,118,29,4
2025-03-09,8,M10,P05,L04,106,185,21,7
2025-03-09,9,M01,P02,L02,156,181,18,8
2025-03-09,9,M02,P05,L02,189,124,19,1
2025-03-09,9,M03,P02,L04,133,114,29,4
2025-03-09,9,M04,P04,L01,111,146,9,3
2025-03-09,9,M05,P01,L03,119,126,16,4
2025-03-09,9,M06,P04,L04,117,136,12,2
2025-03-09,9,M07,P04,L05,107,183,8,2
2025-03-09,9,M08,P04,L03,169,198,27,0
2025-03-09,9,M09,P03,L02,148,146,3,5
2025-03-09,9,M10,P03,L05,169,188,8,0
2025-03-09,10,M01,P03,L05,129,183,8,1
2025-03-09,10,M02,P05,L02,160,114,9,1
2025-03-09,10,M03,P04,L05,108,100,8,0
2025-03-09,10,M04,P01,L04,168,91,10,4
2025-03-09,10,M05,P02,L05,182,136,14,4
2025-03-09,10,M06,P05,L01,176,86,24,0
2025-03-09,10,M07,P01,L03,135,196,7,3
2025-03-09,10,M08,P02,L02,195,125,5,6
2025-03-09,10,M09,P01,L05,179,146,25,8
2025-03-09,10,M10,P05,L03,163,163,20,1
2025-03-09,11,M01,P05,L05,118,183,25,0
2025-03-09,11,M02,P04,L04,163,90,14,8
2025-03-09,11,M03,P01,L04,153,197,26,1
2025-03-09,11,M04,P01,L01,109,92,28,4
2025-03-09,11,M05,P05,L03,190,118,24,3
2025-03-09,11,M06,P03,L04,145,168,6,7
2025-03-09,11,M07,P01,L02,185,154,24,2
2025-03-09,11,M08,P01,L04,197,107,15,1
2025-03-09,11,M09,P03,L02,189,117,20,1
2025-03-09,11,M10,P03,L01,142,117,28,4
2025-03-09,12,M01,P03,L03,190,105,23,7
2025-03-09,12,M02,P03,L03,121,136,0,1
2025-03-09,12,M03,P05,L02,192,165,18,3
2025-03-09,12,M04,P04,L02,144,129,27,2
2025-03-09,12,M05,P05,L04,117,185,14,9
2025-03-09,12,M06,P02,L03,119,141,5,0
2025-03-09,12,M07,P04,L03,129,82,0,5
2025-03-09,12,M08,P01,L02,164,191,22,0
2025-03-09,12,M09,P05,L03,134,116,18,5
2025-03-09,12,M10,P02,L01,106,163,28,5
2025-03-09,13,M01,P04,L02,173,117,7,6
2025-03-09,13,M02,P05,L05,122,174,11,5
2025-03-09,13,M03,P05,L05,183,171,6,6
2025-03-09,13,M04,P01,L03,130,84,16,0
2025-03-09,13,M05,P02,L05,133,187,28,5
2025-03-09,13,M06,P03,L05,144,97,13,4
2025-03-09,13,M07,P04,L03,185,192,13,2
2025-03-09,13,M08,P02,L05,107,167,15,5
2025-03-09,13,M09,P01,L05,117,155,5,6
2025-03-09,13,M10,P01,L01,176,199,20,4
2025-03-09,14,M01,P02,L01,105,99,3,7
2025-03-09,14,M02,P03,L03,173,148,1,4
2025-03-09,14,M03,P01,L04,105,122,28,2
2025-03-09,14,M04,P01,L02,152,147,2,8
2025-03-09,14,M05,P01,L04,122,129,17,7
2025-03-09,14,M06,P01,L04,160,193,5,5
2025-03-09,14,M07,P03,L05,173,109,15,2
2025-03-09,14,M08,P01,L04,112,142,15,7
2025-03-09,14,M09,P04,L03,140,169,10,5
2025-03-09,14,M10,P04,L04,135,129,16,7
2025-03-09,15,M01,P05,L05,166,104,18,4
2025-03-09,15,M02,P01,L02,148,122,14,2
2025-03-09,15,M03,P01,L02,114,132,4,3
2025-03-09,15,M04,P04,L05,103,191,10,3
2025-03-09,15,M05,P05,L05,112,81,11,5
2025-03-09,15,M06,P03,L05,173,163,24,3
2025-03-09,15,M07,P03,L02,106,129,20,5
2025-03-09,15,M08,P01,L02,188,134,23,4
2025-03-09,15,M09,P01,L05,193,111,2,6
2025-03-09,15,M10,P01,L02,128,183,10,4
2025-03-09,16,M01,P01,L03,151,120,18,6
2025-03-09,16,M02,P02,L01,190,187,14,4
2025-03-09,16,M03,P03,L01,188,165,10,5
2025-03-09,16,M04,P04,L03,180,102,18,1
2025-03-09,16,M05,P05,L05,149,123,23,1
2025-03-09,16,M06,P04,L02,134,120,14,5
2025-03-09,16,M07,P05,L05,192,178,18,5
2025-03-09,16,M08,P04,L02,135,143,10,7
2025-03-09,16,M09,P05,L02,178,95,24,2
2025-03-09,16,M10,P03,L05,196,119,5,3
2025-03-09,17,M01,P02,L03,151,199,19,4
2025-03-09,17,M02,P03,L02,162,130,17,7
2025-03-09,17,M03,P03,L03,110,112,1,7
2025-03-09,17,M04,P01,L01,176,106,0,9
2025-03-09,17,M05,P05,L05,185,182,19,7
2025-03-09,17,M06,P02,L05,140,131,16,1
2025-03-09,17,M07,P05,L01,151,127,25,6
2025-03-09,17,M08,P04,L02,140,81,11,7
2025-03-09,17,M09,P04,L05,188,119,6,4
2025-03-09,17,M10,P02,L05,182,156,22,8
2025-03-09,18,M01,P02,L05,162,172,27,5
2025-03-09,18,M02,P04,L04,163,169,27,6
2025-03-09,18,M03,P04,L04,137,134,13,9
2025-03-09,18,M04,P03,L04,103,168,10,8
2025-03-09,18,M05,P04,L04,171,103,17,5
2025-03-09,18,M06,P01,L01,168,127,12,4
2025-03-09,18,M07,P02,L01,152,191,0,7
2025-03-09,18,M08,P02,L02,100,114,8,6
2025-03-09,18,M09,P04,L02,194,84,22,1
2025-03-09,18,M10,P03,L03,142,118,6,5
2025-03-09,19,M01,P02,L01,158,158,7,9
2025-03-09,19,M02,P04,L02,155,182,16,6
2025-03-09,19,M03,P05,L04,176,181,4,1
2025-03-09,19,M04,P05,L05,143,166,17,4
2025-03-09,19,M05,P05,L01,171,80,14,9
2025-03-09,19,M06,P05,L01,151,185,4,8
2025-03-09,19,M07,P01,L05,190,194,19,6
2025-03-09,19,M08,P04,L02,123,196,5,2
2025-03-09,19,M09,P01,L04,101,178,17,1
2025-03-09,19,M10,P01,L03,162,183,6,8
2025-03-09,20,M01,P02,L01,106,136,12,8
2025-03-09,20,M02,P03,L01,131,162,3,9
2025-03-09,20,M03,P03,L02,152,155,10,5
2025-03-09,20,M04,P02,L04,171,197,9,5
2025-03-09,20,M05,P05,L02,185,101,5,3
2025-03-09,20,M06,P02,L03,133,82,16,8
2025-03-09,20,M07,P02,L03,135,160,29,6
2025-03-09,20,M08,P05,L03,149,174,23,2
2025-03-09,20,M09,P01,L01,115,117,18,3
2025-03-09,20,M10,P04,L03,178,167,8,4
2025-03-09,21,M01,P03,L04,173,185,18,8
2025-03-09,21,M02,P01,L01,150,129,23,4
2025-03-09,21,M03,P01,L02,118,146,12,1
2025-03-09,21,M04,P05,L01,195,112,9,4
2025-03-09,21,M05,P04,L01,102,185,18,6
2025-03-09,21,M06,P05,L01,124,166,29,7
2025-03-09,21,M07,P03,L02,124,173,3,4
2025-03-09,21,M08,P02,L01,107,148,10,1
2025-03-09,21,M09,P03,L03,175,182,5,6
2025-03-09,21,M10,P05,L03,176,110,12,5
2025-03-09,22,M01,P04,L01,119,172,0,2
2025-03-09,22,M02,P03,L03,151,90,8,8
2025-03-09,22,M03,P04,L03,101,156,2,4
2025-03-09,22,M04,P03,L02,165,124,0,2
2025-03-09,22,M05,P02,L04,127,197,29,8
2025-03-09,22,M06,P01,L02,151,93,28,1
2025-03-09,22,M07,P04,L05,118,167,3,5
2025-03-09,22,M08,P01,L04,112,103,13,1
2025-03-09,22,M09,P03,L02,117,162,17,5
2025-03-09,22,M10,P04,L01,109,91,4,3
2025-03-09,23,M01,P02,L05,196,120,11,0
2025-03-09,23,M02,P01,L05,196,143,29,0
2025-03-09,23,M03,P03,L03,159,126,29,1
2025-03-09,23,M04,P05,L02,159,190,10,8
2025-03-09,23,M05,P03,L03,183,138,25,7
2025-03-09,23,M06,P02,L03,104,109,11,8
2025-03-09,23,M07,P01,L03,124,154,29,0
2025-03-09,23,M08,P01,L01,146,152,26,5
2025-03-09,23,M09,P01,L03,111,145,7,0
2025-03-09,23,M10,P05,L04,142,100,18,1
2025-03-09,24,M01,P02,L04,184,199,3,6
2025-03-09,24,M02,P01,L05,144,97,14,1
2025-03-09,24,M03,P04,L01,177,151,20,4
2025-03-09,24,M04,P02,L04,140,117,11,8
2025-03-09,24,M05,P01,L03,134,160,26,4
2025-03-09,24,M06,P05,L04,189,123,4,0
2025-03-09,24,M07,P01,L04,168,171,20,7
2025-03-09,24,M08,P05,L02,113,113,20,8
2025-03-09,24,M09,P05,L04,145,180,20,1
2025-03-09,24,M10,P02,L01,160,148,1,1
2025-03-10,1,M01,P03,L02,189,108,8,5
2025-03-10,1,M02,P02,L02,181,109,0,1
2025-03-10,1,M03,P02,L02,148,91,29,5
2025-03-10,1,M04,P01,L05,165,80,9,5
2025-03-10,1,M05,P05,L02,116,80,13,4
2025-03-10,1,M06,P03,L03,119,163,20,5
2025-03-10,1,M07,P02,L01,166,117,8,5
2025-03-10,1,M08,P03,L04,109,103,29,7
2025-03-10,1,M09,P02,L04,149,190,21,5
2025-03-10,1,M10,P02,L05,171,178,15,0
2025-03-10,2,M01,P04,L01,185,197,20,5
2025-03-10,2,M02,P05,L02,101,141,2,4
2025-03-10,2,M03,P03,L01,194,194,9,5
2025-03-10,2,M04,P03,L02,176,136,7,2
2025-03-10,2,M05,P04,L04,161,125,6,4
2025-03-10,2,M06,P05,L04,178,177,21,0
2025-03-10,2,M07,P03,L01,126,89,22,1
2025-03-10,2,M08,P03,L01,150,189,15,6
2025-03-10,2,M09,P05,L01,157,178,16,6
2025-03-10,2,M10,P01,L02,161,86,14,3
2025-03-10,3,M01,P02,L03,170,174,16,8
2025-03-10,3,M02,P03,L02,163,198,13,0
2025-03-10,3,M03,P04,L03,136,139,2,7
2025-03-10,3,M04,P03,L01,109,150,15,1
2025-03-10,3,M05,P04,L03,197,190,13,4
2025-03-10,3,M06,P04,L01,186,87,9,0
2025-03-10,3,M07,P02,L05,189,192,15,8
2025-03-10,3,M08,P02,L03,122,140,16,1
2025-03-10,3,M09,P02,L04,140,154,1,0
2025-03-10,3,M10,P01,L01,116,158,3,4
2025-03-10,4,M01,P01,L03,172,140,21,0
2025-03-10,4,M02,P01,L03,135,104,15,9
2025-03-10,4,M03,P05,L04,121,93,8,5
2025-03-10,4,M04,P01,L01,117,154,10,1
2025-03-10,4,M05,P02,L02,107,169,9,9
2025-03-10,4,M06,P03,L02,108,192,18,1
2025-03-10,4,M07,P05,L05,127,191,16,7
2025-03-10,4,M08,P02,L04,175,162,5,1
2025-03-10,4,M09,P02,L05,130,116,23,5
2025-03-10,4,M10,P04,L05,154,176,24,8
2025-03-10,5,M01,P02,L02,129,97,6,4
2025-03-10,5,M02,P01,L05,105,127,7,3
2025-03-10,5,M03,P03,L05,125,128,19,1
2025-03-10,5,M04,P04,L05,164,168,24,4
2025-03-10,5,M05,P03,L01,120,122,24,3
2025-03-10,5,M06,P03,L05,192,114,21,6
2025-03-10,5,M07,P02,L05,122,142,2,2
2025-03-10,5,M08,P04,L05,125,182,2,8
2025-03-10,5,M09,P05,L01,127,113,15,8
2025-03-10,5,M10,P01,L03,176,98,12,1
2025-03-10,6,M01,P02,L05,171,84,10,1
2025-03-10,6,M02,P03,L04,123,129,8,5
2025-03-10,6,M03,P04,L01,134,109,14,9
2025-03-10,6,M04,P05,L03,187,167,12,8
2025-03-10,6,M05,P04,L04,113,196,19,6
2025-03-10,6,M06,P01,L04,137,186,10,1
2025-03-10,6,M07,P03,L03,140,125,16,5
2025-03-10,6,M08,P02,L03,122,114,5,9
2025-03-10,6,M09,P01,L03,105,186,7,3
2025-03-10,6,M10,P05,L05,146,159,28,1
2025-03-10,7,M01,P03,L05,147,153,19,0
2025-03-10,7,M02,P03,L05,113,125,26,0
2025-03-10,7,M03,P03,L02,125,100,21,7
2025-03-10,7,M04,P04,L05,183,108,17,2
2025-03-10,7,M05,P02,L03,196,97,4,7
2025-03-10,7,M06,P04,L05,118,102,19,6
2025-03-10,7,M07,P02,L03,196,175,23,5
2025-03-10,7,M08,P01,L03,132,167,24,9
2025-03-10,7,M09,P01,L01,163,180,10,4
2025-03-10,7,M10,P01,L03,115,84,11,9
2025-03-10,8,M01,P02,L05,169,180,15,5
2025-03-10,8,M02,P04,L05,124,166,10,4
2025-03-10,8,M03,P01,L02,152,180,10,5
2025-03-10,8,M04,P01,L01,171,173,6,4
2025-03-10,8,M05,P01,L01,182,187,7,2
2025-03-10,8,M06,P03,L04,170,85,29,4
2025-03-10,8,M07,P01,L03,164,185,28,0
2025-03-10,8,M08,P03,L05,168,170,29,9
2025-03-10,8,M09,P04,L03,194,99,8,9
2025-03-10,8,M10,P05,L02,160,124,13,7
2025-03-10,9,M01,P03,L05,115,161,15,1
2025-03-10,9,M02,P02,L01,124,93,16,1
2025-03-10,9,M03,P05,L05,190,128,3,5
2025-03-10,9,M04,P02,L02,127,98,13,6
2025-03-10,9,M05,P01,L01,107,117,9,6
2025-03-10,9,M06,P05,L02,166,152,4,7
2025-03-10,9,M07,P05,L04,169,147,3,8
2025-03-10,9,M08,P01,L05,178,106,6,2
2025-03-10,9,M09,P03,L03,191,190,21,2
2025-03-10,9,M10,P05,L01,112,192,1,1
2025-03-10,10,M01,P02,L02,143,107,20,4
2025-03-10,10,M02,P04,L04,176,136,3,0
2025-03-10,10,M03,P01,L03,183,186,9,0
2025-03-10,10,M04,P03,L03,131,198,27,2
2025-03-10,10,M05,P04,L02,169,168,27,6
2025-03-10,10,M06,P04,L01,187,158,18,9
2025-03-10,10,M07,P05,L04,198,139,26,2
2025-03-10,10,M08,P04,L03,134,191,29,1
2025-03-10,10,M09,P01,L05,152,170,21,0
2025-03-10,10,M10,P03,L01,115,133,24,3
2025-03-10,11,M01,P05,L03,102,114,16,5
2025-03-10,11,M02,P01,L02,137,167,21,1
2025-03-10,11,M03,P03,L03,178,93,12,0
2025-03-10,11,M04,P04,L05,185,139,1,0
2025-03-10,11,M05,P01,L04,155,149,15,9
2025-03-10,11,M06,P04,L03,109,155,0,8
2025-03-10,11,M07,P05,L02,188,111,9,7
2025-03-10,11,M08,P04,L02,172,106,8,9
2025-03-10,11,M09,P05,L03,131,138,29,6
2025-03-10,11,M10,P03,L01,186,96,10,8
2025-03-10,12,M01,P02,L02,195,152,16,4
2025-03-10,12,M02,P04,L01,179,189,0,1
2025-03-10,12,M03,P02,L03,175,186,1,8
2025-03-10,12,M04,P03,L01,193,91,9,7
2025-03-10,12,M05,P04,L02,125,175,2,2
2025-03-10,12,M06,P01,L05,107,188,6,4
2025-03-10,12,M07,P02,L05,112,187,16,8
2025-03-10,12,M08,P03,L02,127,106,20,7
2025-03-10,12,M09,P02,L04,195,89,28,9
2025-03-10,12,M10,P03,L05,151,153,3,9
2025-03-10,13,M01,P04,L02,106,142,17,6
2025-03-10,13,M02,P05,L03,129,184,19,4
2025-03-10,13,M03,P01,L03,166,158,3,8
2025-03-10,13,M04,P04,L02,195,138,4,9
2025-03-10,13,M05,P04,L01,147,140,4,6
2025-03-10,13,M06,P05,L03,150,160,27,8
2025-03-10,13,M07,P01,L03,111,124,5,2
2025-03-10,13,M08,P05,L01,104,144,2,2
2025-03-10,13,M09,P03,L04,139,140,11,6
2025-03-10,13,M10,P04,L02,112,109,7,0
2025-03-10,14,M01,P01,L01,114,172,23,5
2025-03-10,14,M02,P01,L04,123,159,18,9
2025-03-10,14,M03,P01,L01,149,129,0,0
2025-03-10,14,M04,P05,L04,191,182,27,7
2025-03-10,14,M05,P04,L04,166,86,5,7
2025-03-10,14,M06,P03,L03,188,116,17,3
2025-03-10,14,M07,P01,L01,127,120,18,0
2025-03-10,14,M08,P05,L05,138,157,29,1
2025-03-10,14,M09,P04,L05,130,91,12,2
2025-03-10,14,M10,P03,L05,163,173,11,4
2025-03-10,15,M01,P04,L02,149,159,27,8
2025-03-10,15,M02,P01,L01,155,193,18,6
2025-03-10,15,M03,P01,L04,141,115,16,6
2025-03-10,15,M04,P01,L01,187,142,9,5
2025-03-10,15,M05,P01,L01,110,85,18,0
2025-03-10,15,M06,P05,L04,103,118,14,5
2025-03-10,15,M07,P02,L05,176,158,2,8
2025-03-10,15,M08,P03,L03,150,91,13,7
2025-03-10,15,M09,P04,L02,128,110,23,0
2025-03-10,15,M10,P04,L03,105,81,6,2
2025-03-10,16,M01,P01,L02,135,125,23,3
2025-03-10,16,M02,P02,L05,119,180,0,6
2025-03-10,16,M03,P04,L04,168,85,25,0
2025-03-10,16,M04,P01,L02,185,133,4,4
2025-03-10,16,M05,P02,L02,135,189,2,6
2025-03-10,16,M06,P02,L05,134,191,7,4
2025-03-10,16,M07,P03,L03,192,191,13,8
2025-03-10,16,M08,P03,L02,166,144,11,6
2025-03-10,16,M09,P05,L03,145,175,21,5
2025-03-10,16,M10,P01,L04,184,141,27,0
2025-03-10,17,M01,P01,L01,195,125,1,3
2025-03-10,17,M02,P05,L05,138,129,5,2
2025-03-10,17,M03,P01,L04,103,196,29,4
2025-03-10,17,M04,P05,L04,149,92,19,6
2025-03-10,17,M05,P04,L03,181,180,15,4
2025-03-10,17,M06,P02,L05,177,198,27,7
2025-03-10,17,M07,P01,L03,102,80,6,4
2025-03-10,17,M08,P02,L02,130,97,6,4
2025-03-10,17,M09,P04,L05,145,135,2,2
2025-03-10,17,M10,P03,L02,103,121,2,7
2025-03-10,18,M01,P04,L03,198,161,7,7
2025-03-10,18,M02,P01,L02,106,154,5,2
2025-03-10,18,M03,P05,L03,119,170,24,7
2025-03-10,18,M04,P05,L02,136,110,14,9
2025-03-10,18,M05,P01,L05,108,153,27,5
2025-03-10,18,M06,P03,L05,182,184,11,3
2025-03-10,18,M07,P05,L05,114,97,15,8
2025-03-10,18,M08,P02,L02,168,170,1,8
2025-03-10,18,M09,P03,L02,158,144,13,2
2025-03-10,18,M10,P03,L03,149,104,1,5
2025-03-10,19,M01,P03,L01,198,164,6,2
2025-03-10,19,M02,P04,L01,156,94,2,2
2025-03-10,19,M03,P04,L05,117,189,20,8
2025-03-10,19,M04,P05,L05,146,153,11,4
2025-03-10,19,M05,P05,L03,111,114,20,9
2025-03-10,19,M06,P01,L01,109,117,23,3
2025-03-10,19,M07,P05,L05,101,196,27,1
2025-03-10,19,M08,P01,L01,182,141,29,0
2025-03-10,19,M09,P04,L05,162,163,26,5
2025-03-10,19,M10,P02,L05,190,132,9,0
2025-03-10,20,M01,P02,L01,170,130,25,5
2025-03-10,20,M02,P02,L05,136,140,24,7
2025-03-10,20,M03,P01,L01,101,174,4,5
2025-03-10,20,M04,P05,L02,164,187,13,6
2025-03-10,20,M05,P03,L01,157,175,19,1
2025-03-10,20,M06,P02,L05,108,120,9,4
2025-03-10,20,M07,P04,L05,148,105,11,2
2025-03-10,20,M08,P03,L04,122,102,10,3
2025-03-10,20,M09,P04,L01,159,181,0,0
2025-03-10,20,M10,P01,L01,137,103,8,5
2025-03-10,21,M01,P04,L01,186,109,17,6
2025-03-10,21,M02,P02,L02,196,138,24,0
2025-03-10,21,M03,P01,L02,180,181,12,7
2025-03-10,21,M04,P03,L03,141,106,1,3
2025-03-10,21,M05,P01,L05,112,170,21,6
2025-03-10,21,M06,P05,L01,128,158,21,9
2025-03-10,21,M07,P05,L04,185,120,19,3
2025-03-10,21,M08,P04,L01,122,183,27,1
2025-03-10,21,M09,P05,L04,199,185,9,5
2025-03-10,21,M10,P03,L04,151,120,25,6
2025-03-10,22,M01,P03,L03,104,167,4,5
2025-03-10,22,M02,P01,L01,153,123,15,4
2025-03-10,22,M03,P01,L05,190,114,5,7
2025-03-10,22,M04,P04,L02,143,86,6,0
2025-03-10,22,M05,P03,L04,156,108,5,3
2025-03-10,22,M06,P02,L04,177,159,5,3
2025-03-10,22,M07,P03,L04,126,104,7,3
2025-03-10,22,M08,P05,L04,194,82,12,3
2025-03-10,22,M09,P04,L03,101,158,5,2
2025-03-10,22,M10,P04,L03,155,119,24,4
2025-03-10,23,M01,P04,L03,140,194,19,7
2025-03-10,23,M02,P05,L05,133,98,12,2
2025-03-10,23,M03,P03,L03,101,119,6,0
2025-03-10,23,M04,P01,L03,194,109,24,0
2025-03-10,23,M05,P04,L05,164,110,2,4
2025-03-10,23,M06,P01,L02,172,108,7,2
2025-03-10,23,M07,P04,L03,151,87,10,9
2025-03-10,23,M08,P02,L03,114,156,23,5
2025-03-10,23,M09,P05,L02,145,133,8,7
2025-03-10,23,M10,P04,L03,140,123,25,2
2025-03-10,24,M01,P01,L03,136,89,8,0
2025-03-10,24,M02,P04,L05,143,154,8,8
2025-03-10,24,M03,P03,L02,171,161,1,3
2025-03-10,24,M04,P05,L01,114,103,14,6
2025-03-10,24,M05,P02,L01,185,193,15,0
2025-03-10,24,M06,P04,L05,106,97,5,0
2025-03-10,24,M07,P04,L04,132,177,20,9
2025-03-10,24,M08,P02,L02,177,121,29,2
2025-03-10,24,M09,P05,L01,161,92,18,4
2025-03-10,24,M10,P03,L03,161,116,12,9
2025-03-11,1,M01,P04,L03,188,129,14,2
2025-03-11,1,M02,P02,L02,145,166,29,0
2025-03-11,1,M03,P05,L05,161,160,21,1
2025-03-11,1,M04,P05,L03,111,159,5,1
2025-03-11,1,M05,P03,L04,180,163,5,9
2025-03-11,1,M06,P01,L04,120,196,5,4
2025-03-11,1,M07,P03,L01,108,147,2,5
2025-03-11,1,M08,P02,L01,104,145,21,2
2025-03-11,1,M09,P01,L05,149,192,6,4
2025-03-11,1,M10,P05,L01,119,144,7,3
2025-03-11,2,M01,P01,L02,132,153,24,7
2025-03-11,2,M02,P04,L05,136,194,9,1
2025-03-11,2,M03,P05,L01,166,83,21,4
2025-03-11,2,M04,P05,L02,183,124,0,3
2025-03-11,2,M05,P02,L03,106,134,4,0
2025-03-11,2,M06,P03,L01,170,169,0,1
2025-03-11,2,M07,P05,L04,132,92,0,2
2025-03-11,2,M08,P03,L01,159,162,11,9
2025-03-11,2,M09,P03,L05,146,180,5,3
2025-03-11,2,M10,P05,L05,175,85,29,4
2025-03-11,3,M01,P02,L04,127,85,8,7
2025-03-11,3,M02,P02,L04,167,124,21,9
2025-03-11,3,M03,P04,L03,112,154,10,2
2025-03-11,3,M04,P05,L01,106,112,12,7
2025-03-11,3,M05,P02,L05,118,179,1,3
2025-03-11,3,M06,P05,L03,153,134,17,0
2025-03-11,3,M07,P01,L05,160,172,26,1
2025-03-11,3,M08,P03,L04,183,84,8,3
2025-03-11,3,M09,P04,L01,158,139,26,0
2025-03-11,3,M10,P04,L04,189,182,0,4
2025-03-11,4,M01,P04,L02,186,128,14,5
2025-03-11,4,M02,P04,L05,134,151,23,7
2025-03-11,4,M03,P05,L03,131,108,6,4
2025-03-11,4,M04,P01,L05,142,179,15,3
2025-03-11,4,M05,P04,L03,129,122,23,6
2025-03-11,4,M06,P03,L02,151,190,25,3
2025-03-11,4,M07,P04,L01,182,139,26,3
2025-03-11,4,M08,P04,L05,137,92,27,4
2025-03-11,4,M09,P03,L01,125,197,29,3
2025-03-11,4,M10,P01,L02,111,156,20,3
2025-03-11,5,M01,P01,L05,138,146,18,6
2025-03-11,5,M02,P05,L01,123,130,12,7
2025-03-11,5,M03,P02,L05,129,146,12,9
2025-03-11,5,M04,P03,L01,156,112,29,7
2025-03-11,5,M05,P03,L04,107,152,7,5
2025-03-11,5,M06,P01,L01,144,154,22,2
2025-03-11,5,M07,P03,L03,124,94,9,3
2025-03-11,5,M08,P05,L03,197,164,24,7
2025-03-11,5,M09,P01,L01,155,125,26,2
2025-03-11,5,M10,P04,L01,181,80,14,0
2025-03-11,6,M01,P05,L01,133,83,16,1
2025-03-11,6,M02,P02,L01,141,124,4,9
2025-03-11,6,M03,P01,L03,128,189,17,5
2025-03-11,6,M04,P02,L03,159,169,19,4
2025-03-11,6,M05,P02,L05,107,196,1,1
2025-03-11,6,M06,P01,L04,117,160,14,2
2025-03-11,6,M07,P03,L05,158,134,25,1
2025-03-11,6,M08,P05,L05,166,193,3,8
2025-03-11,6,M09,P01,L01,134,126,1,8
2025-03-11,6,M10,P03,L02,125,125,23,9
2025-03-11,7,M01,P04,L03,154,137,7,9
2025-03-11,7,M02,P05,L05,193,136,14,8
2025-03-11,7,M03,P03,L03,128,167,12,6
2025-03-11,7,M04,P05,L01,101,94,17,6
2025-03-11,7,M05,P03,L05,196,137,6,5
2025-03-11,7,M06,P01,L05,142,106,26,5
2025-03-11,7,M07,P05,L05,102,108,8,6
2025-03-11,7,M08,P05,L04,196,139,19,2
2025-03-11,7,M09,P01,L03,146,147,0,0
2025-03-11,7,M10,P03,L01,170,149,18,2
2025-03-11,8,M01,P05,L05,176,144,18,4
2025-03-11,8,M02,P04,L01,131,148,16,6
2025-03-11,8,M03,P05,L02,131,107,0,1
2025-03-11,8,M04,P01,L01,190,109,1,0
2025-03-11,8,M05,P03,L02,106,144,9,1
2025-03-11,8,M06,P02,L03,118,92,22,1
2025-03-11,8,M07,P04,L03,148,151,22,7
2025-03-11,8,M08,P01,L01,198,143,14,8
2025-03-11,8,M09,P02,L03,144,160,3,8
2025-03-11,8,M10,P01,L02,160,97,6,4
2025-03-11,9,M01,P02,L05,128,108,15,3
2025-03-11,9,M02,P04,L01,100,171,2,1
2025-03-11,9,M03,P01,L02,156,180,10,1
2025-03-11,9,M04,P04,L02,183,160,6,6
2025-03-11,9,M05,P04,L01,135,173,0,6
2025-03-11,9,M06,P04,L03,116,159,27,6
2025-03-11,9,M07,P03,L03,192,172,18,3
2025-03-11,9,M08,P01,L05,143,141,0,2
2025-03-11,9,M09,P04,L03,189,155,16,4
2025-03-11,9,M10,P04,L04,128,148,5,2
2025-03-11,10,M01,P05,L03,168,100,8,6
2025-03-11,10,M02,P01,L02,189,126,2,6
2025-03-11,10,M03,P01,L05,195,196,21,5
2025-03-11,10,M04,P05,L05,148,126,4,9
2025-03-11,10,M05,P03,L04,117,147,12,2
2025-03-11,10,M06,P04,L04,167,188,9,9
2025-03-11,10,M07,P05,L03,173,154,17,6
2025-03-11,10,M08,P05,L01,156,185,17,8
2025-03-11,10,M09,P03,L05,127,85,0,6
2025-03-11,10,M10,P04,L05,130,98,18,1
2025-03-11,11,M01,P01,L02,129,174,2,0
2025-03-11,11,M02,P01,L02,167,174,29,0
2025-03-11,11,M03,P02,L02,135,90,27,7
2025-03-11,11,M04,P03,L04,199,84,20,3
2025-03-11,11,M05,P02,L02,134,105,25,2
2025-03-11,11,M06,P03,L05,165,110,17,9
2025-03-11,11,M07,P03,L02,195,199,25,5
2025-03-11,11,M08,P04,L04,124,119,28,3
2025-03-11,11,M09,P03,L05,173,106,8,5
2025-03-11,11,M10,P05,L01,137,199,24,0
2025-03-11,12,M01,P05,L05,178,191,20,7
2025-03-11,12,M02,P05,L05,162,181,7,5
2025-03-11,12,M03,P05,L02,173,176,11,7
2025-03-11,12,M04,P04,L05,115,138,15,1
2025-03-11,12,M05,P02,L05,173,103,26,1
2025-03-11,12,M06,P02,L01,130,142,14,2
2025-03-11,12,M07,P05,L03,194,87,9,5
2025-03-11,12,M08,P03,L03,149,183,25,4
2025-03-11,12,M09,P05,L01,168,167,14,7
2025-03-11,12,M10,P02,L04,155,156,22,5
2025-03-11,13,M01,P03,L05,168,193,10,8
2025-03-11,13,M02,P05,L05,125,88,11,0
2025-03-11,13,M03,P04,L05,122,110,1,1
2025-03-11,13,M04,P02,L03,180,127,16,2
2025-03-11,13,M05,P03,L03,187,120,4,0
2025-03-11,13,M06,P03,L02,115,163,8,4
2025-03-11,13,M07,P05,L01,144,176,15,8
2025-03-11,13,M08,P03,L05,196,198,13,4
2025-03-11,13,M09,P04,L02,162,80,22,0
2025-03-11,13,M10,P01,L01,153,145,26,5
2025-03-11,14,M01,P05,L05,106,196,3,0
2025-03-11,14,M02,P02,L02,138,105,10,0
2025-03-11,14,M03,P05,L05,156,181,4,5
2025-03-11,14,M04,P01,L05,106,181,6,5
2025-03-11,14,M05,P05,L01,120,187,27,7
2025-03-11,14,M06,P01,L04,125,163,5,5
2025-03-11,14,M07,P04,L02,122,182,0,4
2025-03-11,14,M08,P02,L01,168,134,8,0
2025-03-11,14,M09,P04,L01,180,183,14,2
2025-03-11,14,M10,P01,L03,187,139,22,2
2025-03-11,15,M01,P04,L05,140,170,19,7
2025-03-11,15,M02,P01,L05,173,130,4,3
2025-03-11,15,M03,P03,L03,140,164,2,4
2025-03-11,15,M04,P01,L04,118,159,29,4
2025-03-11,15,M05,P04,L02,187,144,17,6
2025-03-11,15,M06,P03,L04,156,123,11,5
2025-03-11,15,M07,P04,L04,133,104,10,0
2025-03-11,15,M08,P01,L02,125,89,17,1
2025-03-11,15,M09,P01,L04,144,105,9,8
2025-03-11,15,M10,P03,L04,101,83,5,3
2025-03-11,16,M01,P02,L05,159,148,3,5
2025-03-11,16,M02,P05,L05,106,148,3,8
2025-03-11,16,M03,P02,L05,148,162,6,0
2025-03-11,16,M04,P03,L01,187,156,27,9
2025-03-11,16,M05,P05,L02,177,166,22,9
2025-03-11,16,M06,P01,L01,126,141,10,2
2025-03-11,16,M07,P05,L04,143,187,26,3
2025-03-11,16,M08,P04,L01,186,176,19,5
2025-03-11,16,M09,P01,L05,137,144,18,0
2025-03-11,16,M10,P04,L04,166,121,24,0
2025-03-11,17,M01,P04,L01,152,95,4,4
2025-03-11,17,M02,P03,L03,111,100,17,0
2025-03-11,17,M03,P02,L05,188,183,24,2
2025-03-11,17,M04,P05,L02,119,142,1,8
2025-03-11,17,M05,P04,L03,131,186,0,0
2025-03-11,17,M06,P04,L03,136,119,22,7
2025-03-11,17,M07,P04,L04,189,113,5,6
2025-03-11,17,M08,P03,L03,122,193,11,3
2025-03-11,17,M09,P04,L05,155,130,6,9
2025-03-11,17,M10,P01,L03,147,83,22,4
2025-03-11,18,M01,P02,L03,157,85,9,0
2025-03-11,18,M02,P04,L05,122,119,20,9
2025-03-11,18,M03,P05,L04,189,176,27,1
2025-03-11,18,M04,P02,L04,164,131,28,5
2025-03-11,18,M05,P01,L02,143,87,24,8
2025-03-11,18,M06,P04,L04,133,95,22,5
2025-03-11,18,M07,P01,L05,177,131,16,6
2025-03-11,18,M08,P02,L02,107,111,7,1
2025-03-11,18,M09,P03,L05,126,125,6,2
2025-03-11,18,M10,P05,L05,171,144,16,9
2025-03-11,19,M01,P03,L05,142,151,7,8
2025-03-11,19,M02,P02,L02,154,124,26,5
2025-03-11,19,M03,P01,L03,148,196,21,5
2025-03-11,19,M04,P01,L01,198,119,28,7
2025-03-11,19,M05,P03,L03,132,143,10,0
2025-03-11,19,M06,P02,L05,104,167,20,6
2025-03-11,19,M07,P03,L05,198,133,8,6
2025-03-11,19,M08,P01,L02,186,125,6,6
2025-03-11,19,M09,P05,L05,174,193,12,1
2025-03-11,19,M10,P03,L02,177,101,20,0
2025-03-11,20,M01,P04,L05,188,186,16,9
2025-03-11,20,M02,P02,L03,190,112,17,6
2025-03-11,20,M03,P02,L05,135,106,21,7
2025-03-11,20,M04,P05,L05,153,133,0,6
2025-03-11,20,M05,P02,L01,192,154,27,7
2025-03-11,20,M06,P04,L04,194,109,26,6
2025-03-11,20,M07,P01,L04,156,176,27,4
2025-03-11,20,M08,P05,L02,113,136,14,1
2025-03-11,20,M09,P03,L05,110,90,0,1
2025-03-11,20,M10,P03,L01,183,112,25,0
2025-03-11,21,M01,P04,L02,192,145,17,7
2025-03-11,21,M02,P03,L03,193,197,6,0
2025-03-11,21,M03,P05,L05,170,163,28,0
2025-03-11,21,M04,P04,L03,104,110,29,7
2025-03-11,21,M05,P02,L04,125,147,29,1
2025-03-11,21,M06,P04,L05,165,188,2,2
2025-03-11,21,M07,P01,L04,152,133,21,9
2025-03-11,21,M08,P02,L03,184,195,13,4
2025-03-11,21,M09,P03,L03,175,143,27,8
2025-03-11,21,M10,P01,L01,108,158,9,0
2025-03-11,22,M01,P03,L02,122,153,18,8
2025-03-11,22,M02,P03,L02,153,139,10,8
2025-03-11,22,M03,P04,L05,149,91,16,4
2025-03-11,22,M04,P03,L01,113,134,8,5
2025-03-11,22,M05,P03,L05,163,167,4,7
2025-03-11,22,M06,P04,L03,172,118,25,1
2025-03-11,22,M07,P02,L01,136,190,1,8
2025-03-11,22,M08,P01,L04,187,176,18,9
2025-03-11,22,M09,P03,L02,128,196,5,2
2025-03-11,22,M10,P05,L02,128,131,20,9
2025-03-11,23,M01,P04,L04,194,87,15,5
2025-03-11,23,M02,P03,L02,114,183,16,5
2025-03-11,23,M03,P01,L03,173,188,10,0
2025-03-11,23,M04,P04,L02,103,187,25,0
2025-03-11,23,M05,P04,L02,101,108,24,6
2025-03-11,23,M06,P04,L05,188,92,7,1
2025-03-11,23,M07,P02,L03,183,186,21,8
2025-03-11,23,M08,P01,L03,138,109,4,6
2025-03-11,23,M09,P05,L05,130,86,21,2
2025-03-11,23,M10,P05,L01,178,130,29,6
2025-03-11,24,M01,P03,L05,155,100,10,4
2025-03-11,24,M02,P02,L05,122,185,22,5
2025-03-11,24,M03,P02,L03,174,172,4,5
2025-03-11,24,M04,P04,L04,173,125,5,4
2025-03-11,24,M05,P02,L03,124,138,21,0
2025-03-11,24,M06,P02,L02,116,81,1,3
2025-03-11,24,M07,P02,L05,175,113,13,7
2025-03-11,24,M08,P02,L03,124,168,8,8
2025-03-11,24,M09,P01,L04,123,183,6,1
2025-03-11,24,M10,P02,L02,101,172,6,6
2025-03-12,1,M01,P03,L01,122,91,12,4
2025-03-12,1,M02,P04,L05,163,81,5,3
2025-03-12,1,M03,P02,L05,104,119,15,6
2025-03-12,1,M04,P01,L03,140,124,1,2
2025-03-12,1,M05,P02,L03,141,186,16,0
2025-03-12,1,M06,P04,L03,134,180,5,3
2025-03-12,1,M07,P03,L02,122,162,19,4
2025-03-12,1,M08,P03,L01,196,145,1,2
2025-03-12,1,M09,P03,L02,126,181,6,0
2025-03-12,1,M10,P04,L01,177,90,3,2
2025-03-12,2,M01,P04,L03,124,84,9,4
2025-03-12,2,M02,P02,L01,122,181,13,3
2025-03-12,2,M03,P03,L05,156,112,5,0
2025-03-12,2,M04,P03,L05,168,170,25,5
2025-03-12,2,M05,P03,L01,168,141,14,5
2025-03-12,2,M06,P01,L05,116,127,0,1
2025-03-12,2,M07,P03,L04,188,178,12,3
2025-03-12,2,M08,P03,L04,130,100,4,1
2025-03-12,2,M09,P05,L01,100,136,22,6
2025-03-12,2,M10,P01,L03,174,182,15,3
2025-03-12,3,M01,P03,L05,101,176,7,7
2025-03-12,3,M02,P01,L02,142,176,18,4
2025-03-12,3,M03,P04,L02,121,171,26,9
2025-03-12,3,M04,P03,L02,103,109,20,5
2025-03-12,3,M05,P01,L04,140,184,15,7
2025-03-12,3,M06,P05,L05,113,131,13,6
2025-03-12,3,M07,P04,L03,136,93,8,6
2025-03-12,3,M08,P03,L01,191,98,18,1
2025-03-12,3,M09,P03,L04,129,137,14,2
2025-03-12,3,M10,P03,L03,121,88,27,6
2025-03-12,4,M01,P04,L01,156,147,6,1
2025-03-12,4,M02,P02,L05,181,107,26,2
2025-03-12,4,M03,P03,L03,193,164,25,8
2025-03-12,4,M04,P04,L05,144,84,5,7
2025-03-12,4,M05,P02,L01,187,94,7,6
2025-03-12,4,M06,P04,L04,188,102,4,3
2025-03-12,4,M07,P01,L01,103,131,20,4
2025-03-12,4,M08,P04,L02,178,114,5,1
2025-03-12,4,M09,P01,L04,153,106,20,2
2025-03-12,4,M10,P03,L04,125,198,14,4
2025-03-12,5,M01,P01,L02,124,160,19,3
2025-03-12,5,M02,P02,L02,107,162,28,9
2025-03-12,5,M03,P01,L03,171,192,14,1
2025-03-12,5,M04,P03,L04,137,126,12,2
2025-03-12,5,M05,P04,L04,109,134,22,6
2025-03-12,5,M06,P04,L04,104,83,29,8
2025-03-12,5,M07,P01,L04,112,197,17,0
2025-03-12,5,M08,P02,L02,158,195,6,4
2025-03-12,5,M09,P03,L02,136,190,2,7
2025-03-12,5,M10,P04,L05,153,117,21,7
2025-03-12,6,M01,P04,L02,143,115,4,6
2025-03-12,6,M02,P05,L03,164,80,15,4
2025-03-12,6,M03,P03,L05,191,128,22,6
2025-03-12,6,M04,P02,L04,165,147,1,0
2025-03-12,6,M05,P02,L01,140,177,26,3
2025-03-12,6,M06,P03,L02,102,128,27,3
2025-03-12,6,M07,P03,L03,121,159,0,0
2025-03-12,6,M08,P04,L05,115,143,27,1
2025-03-12,6,M09,P02,L02,191,82,11,4
2025-03-12,6,M10,P05,L01,123,144,22,7
2025-03-12,7,M01,P01,L05,110,136,11,7
2025-03-12,7,M02,P03,L02,137,100,18,1
2025-03-12,7,M03,P02,L02,125,99,24,1
2025-03-12,7,M04,P05,L05,157,186,17,6
2025-03-12,7,M05,P01,L04,163,108,22,9
2025-03-12,7,M06,P01,L01,197,134,16,1
2025-03-12,7,M07,P02,L03,192,145,17,6
2025-03-12,7,M08,P04,L02,135,135,20,0
2025-03-12,7,M09,P02,L02,114,141,11,2
2025-03-12,7,M10,P01,L04,145,121,9,4
2025-03-12,8,M01,P05,L03,126,125,5,2
2025-03-12,8,M02,P02,L05,149,85,12,5
2025-03-12,8,M03,P01,L04,198,126,6,6
2025-03-12,8,M04,P03,L05,126,140,1,3
2025-03-12,8,M05,P05,L04,132,187,11,2
2025-03-12,8,M06,P02,L05,192,103,12,6
2025-03-12,8,M07,P05,L03,165,183,18,2
2025-03-12,8,M08,P02,L02,165,124,5,7
2025-03-12,8,M09,P03,L03,140,126,16,6
2025-03-12,8,M10,P05,L01,184,137,20,6
2025-03-12,9,M01,P04,L04,146,188,14,5
2025-03-12,9,M02,P05,L04,117,129,27,3
2025-03-12,9,M03,P05,L03,100,114,4,7
2025-03-12,9,M04,P04,L04,199,84,11,6
2025-03-12,9,M05,P05,L05,141,153,7,6
2025-03-12,9,M06,P04,L04,133,184,5,2
2025-03-12,9,M07,P05,L03,176,106,10,0
2025-03-12,9,M08,P05,L02,166,182,5,2
2025-03-12,9,M09,P04,L03,176,90,26,4
2025-03-12,9,M10,P04,L02,175,134,14,8
2025-03-12,10,M01,P01,L04,109,196,2,5
2025-03-12,10,M02,P04,L01,178,189,2,1
2025-03-12,10,M03,P01,L05,159,93,13,2
2025-03-12,10,M04,P03,L03,136,176,28,5
2025-03-12,10,M05,P01,L04,149,137,13,4
2025-03-12,10,M06,P05,L05,173,89,8,0
2025-03-12,10,M07,P03,L05,156,105,6,2
2025-03-12,10,M08,P03,L02,175,93,28,2
2025-03-12,10,M09,P04,L04,198,197,26,6
2025-03-12,10,M10,P03,L03,141,159,12,2
2025-03-12,11,M01,P05,L04,108,135,13,0
2025-03-12,11,M02,P04,L05,175,133,27,1
2025-03-12,11,M03,P01,L04,190,178,14,0
2025-03-12,11,M04,P03,L04,146,141,0,9
2025-03-12,11,M05,P04,L03,107,141,19,5
2025-03-12,11,M06,P04,L03,153,127,4,1
2025-03-12,11,M07,P05,L01,144,97,7,4
2025-03-12,11,M08,P02,L03,167,127,11,8
2025-03-12,11,M09,P05,L01,160,131,9,2
2025-03-12,11,M10,P05,L01,156,115,1,6
2025-03-12,12,M01,P03,L04,165,122,26,9
2025-03-12,12,M02,P01,L03,192,169,23,3
2025-03-12,12,M03,P05,L04,103,100,0,6
2025-03-12,12,M04,P04,L04,196,83,3,0
2025-03-12,12,M05,P01,L01,106,189,27,4
2025-03-12,12,M06,P02,L05,183,91,20,6
2025-03-12,12,M07,P05,L02,159,161,9,5
2025-03-12,12,M08,P04,L02,184,159,18,3
2025-03-12,12,M09,P01,L02,184,187,25,5
2025-03-12,12,M10,P02,L02,183,93,18,8
2025-03-12,13,M01,P05,L04,142,176,8,2
2025-03-12,13,M02,P02,L05,119,94,28,5
2025-03-12,13,M03,P05,L01,197,133,20,0
2025-03-12,13,M04,P04,L05,126,149,6,8
2025-03-12,13,M05,P05,L03,101,101,21,0
2025-03-12,13,M06,P05,L05,165,196,19,6
2025-03-12,13,M07,P01,L02,100,119,10,3
2025-03-12,13,M08,P05,L01,138,179,11,4
2025-03-12,13,M09,P05,L02,118,114,13,8
2025-03-12,13,M10,P04,L02,161,135,0,8
2025-03-12,14,M01,P04,L04,170,154,11,7
2025-03-12,14,M02,P03,L05,197,161,9,2
2025-03-12,14,M03,P02,L03,102,156,1,0
2025-03-12,14,M04,P01,L05,177,80,23,5
2025-03-12,14,M05,P04,L01,110,146,12,6
2025-03-12,14,M06,P01,L01,158,109,24,6
2025-03-12,14,M07,P01,L01,165,113,22,9
2025-03-12,14,M08,P01,L05,117,95,23,9
2025-03-12,14,M09,P05,L04,133,113,9,7
2025-03-12,14,M10,P04,L04,136,119,16,8
2025-03-12,15,M01,P01,L05,110,119,13,0
2025-03-12,15,M02,P04,L04,109,187,18,2
2025-03-12,15,M03,P01,L02,107,153,27,7
2025-03-12,15,M04,P02,L03,121,183,17,6
2025-03-12,15,M05,P05,L03,190,84,18,0
2025-03-12,15,M06,P05,L05,145,97,28,1
2025-03-12,15,M07,P01,L02,179,198,6,1
2025-03-12,15,M08,P02,L04,192,95,13,6
2025-03-12,15,M09,P04,L01,177,170,2,7
2025-03-12,15,M10,P04,L03,142,164,10,2
2025-03-12,16,M01,P03,L01,154,98,9,6
2025-03-12,16,M02,P01,L04,103,138,25,7
2025-03-12,16,M03,P01,L01,119,174,15,5
2025-03-12,16,M04,P03,L04,124,145,13,5
2025-03-12,16,M05,P04,L04,145,180,17,4
2025-03-12,16,M06,P03,L02,184,116,3,9
2025-03-12,16,M07,P05,L04,170,181,14,7
2025-03-12,16,M08,P02,L01,149,154,26,1
2025-03-12,16,M09,P03,L02,105,82,6,2
2025-03-12,16,M10,P02,L05,165,130,27,7
2025-03-12,17,M01,P02,L01,138,174,28,0
2025-03-12,17,M02,P05,L04,198,123,2,4
2025-03-12,17,M03,P01,L03,147,97,25,6
2025-03-12,17,M04,P04,L03,143,173,18,4
2025-03-12,17,M05,P02,L01,103,141,17,4
2025-03-12,17,M06,P04,L04,135,141,15,4
2025-03-12,17,M07,P01,L01,190,120,23,4
2025-03-12,17,M08,P02,L05,109,190,28,7
2025-03-12,17,M09,P02,L01,174,91,1,9
2025-03-12,17,M10,P01,L01,134,125,2,5
2025-03-12,18,M01,P03,L03,178,151,1,2
2025-03-12,18,M02,P02,L05,181,161,11,5
2025-03-12,18,M03,P03,L03,196,168,11,1
2025-03-12,18,M04,P05,L02,121,199,0,4
2025-03-12,18,M05,P02,L04,113,183,10,1
2025-03-12,18,M06,P01,L02,114,153,3,6
2025-03-12,18,M07,P05,L01,117,160,23,0
2025-03-12,18,M08,P04,L01,154,126,20,0
2025-03-12,18,M09,P05,L04,166,150,27,0
2025-03-12,18,M10,P04,L02,142,116,2,4
2025-03-12,19,M01,P05,L04,155,151,1,2
2025-03-12,19,M02,P04,L03,109,171,16,8
2025-03-12,19,M03,P04,L02,101,119,9,8
2025-03-12,19,M04,P02,L01,115,121,4,8
2025-03-12,19,M05,P05,L02,170,85,13,5
2025-03-12,19,M06,P05,L02,173,125,7,5
2025-03-12,19,M07,P01,L04,197,146,29,6
2025-03-12,19,M08,P05,L03,116,172,0,2
2025-03-12,19,M09,P05,L03,115,189,29,2
2025-03-12,19,M10,P02,L01,125,185,2,2
2025-03-12,20,M01,P03,L01,162,122,2,0
2025-03-12,20,M02,P04,L03,184,104,19,9
2025-03-12,20,M03,P01,L02,152,114,24,2
2025-03-12,20,M04,P02,L03,112,114,24,6
2025-03-12,20,M05,P03,L02,129,119,13,9
2025-03-12,20,M06,P01,L02,196,151,11,7
2025-03-12,20,M07,P02,L03,164,164,9,4
2025-03-12,20,M08,P02,L05,143,115,17,5
2025-03-12,20,M09,P05,L03,119,113,8,8
2025-03-12,20,M10,P03,L02,156,199,26,9
2025-03-12,21,M01,P05,L02,117,106,27,0
2025-03-12,21,M02,P05,L01,146,198,3,2
2025-03-12,21,M03,P05,L03,156,155,22,1
2025-03-12,21,M04,P02,L04,115,134,14,8
2025-03-12,21,M05,P04,L03,198,90,18,4
2025-03-12,21,M06,P03,L01,132,150,22,3
2025-03-12,21,M07,P02,L01,126,195,10,2
2025-03-12,21,M08,P04,L04,184,151,12,4
2025-03-12,21,M09,P02,L01,165,88,12,9
2025-03-12,21,M10,P04,L05,108,158,24,6
2025-03-12,22,M01,P01,L03,156,198,4,8
2025-03-12,22,M02,P04,L03,153,102,14,9
2025-03-12,22,M03,P01,L04,161,194,18,4
2025-03-12,22,M04,P01,L02,140,174,7,2
2025-03-12,22,M05,P05,L03,171,161,22,8
2025-03-12,22,M06,P05,L04,179,129,24,9
2025-03-12,22,M07,P02,L01,141,109,11,6
2025-03-12,22,M08,P03,L05,109,163,23,5
2025-03-12,22,M09,P05,L03,117,95,21,6
2025-03-12,22,M10,P05,L01,167,175,17,9
2025-03-12,23,M01,P05,L01,139,83,6,4
2025-03-12,23,M02,P03,L01,158,129,4,6
2025-03-12,23,M03,P03,L01,195,109,19,2
2025-03-12,23,M04,P04,L05,155,158,27,8
2025-03-12,23,M05,P02,L02,116,94,28,4
2025-03-12,23,M06,P03,L02,172,130,16,8
2025-03-12,23,M07,P02,L02,137,186,28,6
2025-03-12,23,M08,P04,L01,191,95,23,5
2025-03-12,23,M09,P04,L04,177,131,10,9
2025-03-12,23,M10,P01,L02,114,154,19,1
2025-03-12,24,M01,P04,L01,132,131,5,3
2025-03-12,24,M02,P02,L02,195,179,17,9
2025-03-12,24,M03,P01,L01,148,140,16,7
2025-03-12,24,M04,P03,L01,150,124,2,1
2025-03-12,24,M05,P02,L01,160,129,13,9
2025-03-12,24,M06,P03,L02,185,81,6,8
2025-03-12,24,M07,P04,L01,112,111,24,2
2025-03-12,24,M08,P05,L05,117,89,20,2
2025-03-12,24,M09,P03,L02,185,109,0,5
2025-03-12,24,M10,P02,L03,178,174,29,2
2025-03-13,1,M01,P03,L05,134,122,4,2
2025-03-13,1,M02,P05,L04,186,115,3,1
2025-03-13,1,M03,P03,L05,145,83,26,7
2025-03-13,1,M04,P03,L04,116,83,21,8
2025-03-13,1,M05,P04,L05,106,127,27,0
2025-03-13,1,M06,P04,L05,155,104,18,3
2025-03-13,1,M07,P01,L03,193,118,22,4
2025-03-13,1,M08,P04,L01,134,113,0,8
2025-03-13,1,M09,P05,L04,175,101,16,2
2025-03-13,1,M10,P05,L05,116,107,9,8
2025-03-13,2,M01,P04,L01,140,85,14,7
2025-03-13,2,M02,P03,L01,130,88,17,4
2025-03-13,2,M03,P02,L04,185,99,23,9
2025-03-13,2,M04,P04,L04,161,92,16,3
2025-03-13,2,M05,P05,L04,163,173,3,3
2025-03-13,2,M06,P03,L03,193,172,15,7
2025-03-13,2,M07,P05,L04,161,159,20,1
2025-03-13,2,M08,P02,L01,123,85,29,0
2025-03-13,2,M09,P04,L02,101,105,11,4
2025-03-13,2,M10,P02,L01,196,90,29,1
2025-03-13,3,M01,P03,L05,133,150,6,6
2025-03-13,3,M02,P03,L02,165,109,4,2
2025-03-13,3,M03,P03,L02,181,141,7,5
2025-03-13,3,M04,P04,L02,137,109,1,3
2025-03-13,3,M05,P04,L04,176,157,8,9
2025-03-13,3,M06,P01,L02,105,96,12,9
2025-03-13,3,M07,P04,L04,125,111,23,2
2025-03-13,3,M08,P04,L03,157,131,28,1
2025-03-13,3,M09,P04,L03,195,128,16,4
2025-03-13,3,M10,P05,L01,176,175,18,2
2025-03-13,4,M01,P04,L02,194,110,29,0
2025-03-13,4,M02,P04,L04,168,80,15,3
2025-03-13,4,M03,P03,L05,160,155,29,3
2025-03-13,4,M04,P01,L01,159,151,7,8
2025-03-13,4,M05,P05,L05,178,157,5,9
2025-03-13,4,M06,P05,L03,126,121,7,9
2025-03-13,4,M07,P04,L03,110,156,2,4
2025-03-13,4,M08,P05,L05,111,129,24,6
2025-03-13,4,M09,P02,L04,109,137,6,2
2025-03-13,4,M10,P04,L05,177,124,8,9
2025-03-13,5,M01,P02,L01,125,127,24,4
2025-03-13,5,M02,P03,L01,115,131,11,4
2025-03-13,5,M03,P05,L05,124,160,7,6
2025-03-13,5,M04,P02,L01,132,195,27,9
2025-03-13,5,M05,P01,L01,162,114,15,6
2025-03-13,5,M06,P05,L04,194,117,22,5
2025-03-13,5,M07,P01,L02,106,130,13,3
2025-03-13,5,M08,P05,L02,106,147,24,0
2025-03-13,5,M09,P02,L03,120,182,20,9
2025-03-13,5,M10,P01,L03,125,98,0,9
2025-03-13,6,M01,P04,L03,106,174,6,1
2025-03-13,6,M02,P02,L05,180,177,14,8
2025-03-13,6,M03,P04,L03,108,150,10,2
2025-03-13,6,M04,P05,L04,136,169,20,1
2025-03-13,6,M05,P01,L01,149,94,19,7
2025-03-13,6,M06,P01,L01,111,94,26,7
2025-03-13,6,M07,P03,L04,157,132,13,6
2025-03-13,6,M08,P05,L03,113,150,5,1
2025-03-13,6,M09,P01,L05,140,168,17,9
2025-03-13,6,M10,P04,L03,165,101,27,6
2025-03-13,7,M01,P01,L01,143,102,4,2
2025-03-13,7,M02,P05,L03,103,123,9,8
2025-03-13,7,M03,P04,L01,169,125,25,1
2025-03-13,7,M04,P01,L05,121,94,26,9
2025-03-13,7,M05,P01,L03,159,154,7,4
2025-03-13,7,M06,P04,L05,187,92,21,6
2025-03-13,7,M07,P05,L03,114,103,10,7
2025-03-13,7,M08,P02,L01,187,198,5,9
2025-03-13,7,M09,P03,L03,123,106,4,2
2025-03-13,7,M10,P05,L01,173,96,9,6
2025-03-13,8,M01,P03,L03,139,146,12,5
2025-03-13,8,M02,P02,L01,138,181,0,9
2025-03-13,8,M03,P01,L04,188,157,2,8
2025-03-13,8,M04,P03,L02,124,126,18,7
2025-03-13,8,M05,P02,L04,173,115,14,5
2025-03-13,8,M06,P04,L03,132,141,25,7
2025-03-13,8,M07,P01,L01,105,146,26,8
2025-03-13,8,M08,P01,L01,149,154,19,2
2025-03-13,8,M09,P04,L01,145,142,15,3
2025-03-13,8,M10,P03,L04,164,127,21,5
2025-03-13,9,M01,P05,L01,141,109,6,7
2025-03-13,9,M02,P05,L05,113,140,22,2
2025-03-13,9,M03,P04,L02,157,113,29,8
2025-03-13,9,M04,P05,L05,188,147,29,0
2025-03-13,9,M05,P04,L05,156,136,1,0
2025-03-13,9,M06,P05,L01,151,186,16,6
2025-03-13,9,M07,P05,L05,168,175,20,9
2025-03-13,9,M08,P02,L01,178,137,24,3
2025-03-13,9,M09,P05,L05,197,194,4,0
2025-03-13,9,M10,P01,L01,106,121,27,3
2025-03-13,10,M01,P05,L04,176,178,10,1
2025-03-13,10,M02,P05,L04,149,189,10,6
2025-03-13,10,M03,P02,L02,110,100,25,7
2025-03-13,10,M04,P02,L04,171,184,2,3
2025-03-13,10,M05,P02,L02,164,142,29,1
2025-03-13,10,M06,P05,L05,113,107,11,8
2025-03-13,10,M07,P05,L04,183,113,1,5
2025-03-13,10,M08,P03,L04,127,118,0,7
2025-03-13,10,M09,P04,L05,115,130,15,6
2025-03-13,10,M10,P05,L03,165,120,15,4
2025-03-13,11,M01,P02,L04,198,144,6,2
2025-03-13,11,M02,P05,L03,125,160,25,9
2025-03-13,11,M03,P03,L05,181,103,8,3
2025-03-13,11,M04,P04,L04,112,116,18,4
2025-03-13,11,M05,P05,L04,154,131,1,7
2025-03-13,11,M06,P04,L04,171,152,8,8
2025-03-13,11,M07,P03,L04,139,150,24,4
2025-03-13,11,M08,P04,L05,117,150,5,5
2025-03-13,11,M09,P01,L02,144,141,0,3
2025-03-13,11,M10,P01,L05,118,149,21,3
2025-03-13,12,M01,P03,L04,161,129,5,9
2025-03-13,12,M02,P02,L03,172,170,1,9
2025-03-13,12,M03,P01,L04,115,178,25,5
2025-03-13,12,M04,P05,L02,177,161,27,7
2025-03-13,12,M05,P04,L02,129,152,22,2
2025-03-13,12,M06,P03,L01,108,163,26,6
2025-03-13,12,M07,P01,L03,112,157,20,0
2025-03-13,12,M08,P01,L02,151,113,13,4
2025-03-13,12,M09,P04,L04,187,158,23,6
2025-03-13,12,M10,P02,L03,175,120,28,7
2025-03-13,13,M01,P01,L02,108,198,9,9
2025-03-13,13,M02,P05,L04,170,127,7,3
2025-03-13,13,M03,P04,L01,151,108,2,7
2025-03-13,13,M04,P03,L04,124,135,6,6
2025-03-13,13,M05,P02,L05,172,82,24,9
2025-03-13,13,M06,P05,L02,179,92,11,0
2025-03-13,13,M07,P01,L02,171,95,15,2
2025-03-13,13,M08,P04,L03,177,184,26,0
2025-03-13,13,M09,P03,L02,193,114,9,7
2025-03-13,13,M10,P02,L03,138,175,11,2
2025-03-13,14,M01,P03,L04,127,188,7,3
2025-03-13,14,M02,P03,L05,162,195,25,7
2025-03-13,14,M03,P01,L05,128,155,28,3
2025-03-13,14,M04,P03,L03,121,97,24,5
2025-03-13,14,M05,P02,L03,172,153,18,5
2025-03-13,14,M06,P03,L01,127,173,24,1
2025-03-13,14,M07,P02,L04,118,198,26,3
2025-03-13,14,M08,P01,L04,125,124,2,4
2025-03-13,14,M09,P04,L05,106,89,12,9
2025-03-13,14,M10,P05,L04,128,90,15,7
2025-03-13,15,M01,P04,L01,156,85,4,0
2025-03-13,15,M02,P03,L03,196,143,0,7
2025-03-13,15,M03,P02,L03,144,111,12,8
2025-03-13,15,M04,P03,L02,102,146,13,8
2025-03-13,15,M05,P05,L01,161,156,26,4
2025-03-13,15,M06,P03,L05,172,164,8,9
2025-03-13,15,M07,P04,L01,111,154,19,1
2025-03-13,15,M08,P01,L01,113,124,20,0
2025-03-13,15,M09,P05,L01,153,192,14,1
2025-03-13,15,M10,P04,L05,128,107,7,2
2025-03-13,16,M01,P02,L04,180,142,5,5
2025-03-13,16,M02,P03,L02,137,145,25,2
2025-03-13,16,M03,P03,L02,132,86,20,8
2025-03-13,16,M04,P01,L01,181,182,22,8
2025-03-13,16,M05,P03,L03,161,103,5,2
2025-03-13,16,M06,P01,L03,135,165,20,3
2025-03-13,16,M07,P01,L02,148,122,25,3
2025-03-13,16,M08,P03,L05,142,197,5,9
2025-03-13,16,M09,P03,L03,137,155,18,6
2025-03-13,16,M10,P01,L02,173,158,17,0
2025-03-13,17,M01,P05,L04,123,159,6,5
2025-03-13,17,M02,P02,L05,143,198,14,3
2025-03-13,17,M03,P04,L04,173,183,13,4
2025-03-13,17,M04,P01,L05,106,121,28,9
2025-03-13,17,M05,P04,L02,116,97,13,4
2025-03-13,17,M06,P01,L05,197,147,8,7
2025-03-13,17,M07,P01,L02,199,186,6,2
2025-03-13,17,M08,P04,L04,138,135,24,5
2025-03-13,17,M09,P04,L05,127,162,2,5
2025-03-13,17,M10,P03,L05,172,110,0,6
2025-03-13,18,M01,P01,L02,162,156,26,1
2025-03-13,18,M02,P04,L04,140,137,11,0
2025-03-13,18,M03,P02,L01,132,196,0,9
2025-03-13,18,M04,P01,L01,168,197,1,8
2025-03-13,18,M05,P05,L03,123,196,25,3
2025-03-13,18,M06,P04,L04,142,195,4,3
2025-03-13,18,M07,P04,L03,180,177,26,8
2025-03-13,18,M08,P02,L04,133,100,9,8
2025-03-13,18,M09,P01,L03,199,172,12,2
2025-03-13,18,M10,P04,L05,186,126,27,6
2025-03-13,19,M01,P02,L04,158,109,11,6
2025-03-13,19,M02,P02,L02,123,91,17,5
2025-03-13,19,M03,P01,L01,114,187,6,9
2025-03-13,19,M04,P01,L05,176,140,11,8
2025-03-13,19,M05,P02,L03,179,91,27,2
2025-03-13,19,M06,P01,L04,135,83,2,1
2025-03-13,19,M07,P05,L02,107,86,7,8
2025-03-13,19,M08,P02,L03,110,173,28,6
2025-03-13,19,M09,P03,L02,115,85,8,8
2025-03-13,19,M10,P02,L05,165,190,0,5
2025-03-13,20,M01,P04,L05,170,136,16,2
2025-03-13,20,M02,P04,L05,193,102,28,4
2025-03-13,20,M03,P01,L01,180,175,23,6
2025-03-13,20,M04,P04,L03,113,135,29,6
2025-03-13,20,M05,P01,L05,121,188,16,4
2025-03-13,20,M06,P03,L05,193,138,21,4
2025-03-13,20,M07,P05,L01,170,192,17,9
2025-03-13,20,M08,P03,L05,171,115,22,4
2025-03-13,20,M09,P03,L03,133,149,26,1
2025-03-13,20,M10,P01,L01,180,158,6,4
2025-03-13,21,M01,P01,L02,118,133,6,1
2025-03-13,21,M02,P01,L05,186,145,19,0
2025-03-13,21,M03,P01,L02,106,138,23,7
2025-03-13,21,M04,P04,L03,117,180,0,8
2025-03-13,21,M05,P01,L05,126,198,8,0
2025-03-13,21,M06,P04,L04,163,128,15,0
2025-03-13,21,M07,P03,L02,156,120,22,2
2025-03-13,21,M08,P04,L02,194,190,27,2
2025-03-13,21,M09,P04,L01,108,102,12,0
2025-03-13,21,M10,P01,L04,145,112,21,9
2025-03-13,22,M01,P01,L02,110,98,10,2
2025-03-13,22,M02,P03,L04,110,101,24,2
2025-03-13,22,M03,P01,L01,117,110,5,4
2025-03-13,22,M04,P05,L01,120,114,28,4
2025-03-13,22,M05,P02,L05,160,114,22,7
2025-03-13,22,M06,P02,L04,158,166,0,2
2025-03-13,22,M07,P02,L04,183,133,15,8
2025-03-13,22,M08,P01,L01,106,125,15,5
2025-03-13,22,M09,P03,L03,194,140,0,3
2025-03-13,22,M10,P02,L01,190,144,4,7
2025-03-13,23,M01,P05,L01,110,199,2,5
2025-03-13,23,M02,P03,L02,174,144,11,9
2025-03-13,23,M03,P02,L04,132,126,12,5
2025-03-13,23,M04,P05,L05,180,149,11,7
2025-03-13,23,M05,P05,L03,198,187,10,5
2025-03-13,23,M06,P01,L03,199,174,10,7
2025-03-13,23,M07,P04,L05,137,128,2,6
2025-03-13,23,M08,P04,L01,149,92,26,2
2025-03-13,23,M09,P04,L04,169,125,13,8
2025-03-13,23,M10,P01,L05,103,92,19,5
2025-03-13,24,M01,P01,L01,100,111,9,0
2025-03-13,24,M02,P01,L03,151,118,29,8
2025-03-13,24,M03,P04,L04,121,188,1,6
2025-03-13,24,M04,P04,L04,155,98,16,1
2025-03-13,24,M05,P05,L02,175,107,10,9
2025-03-13,24,M06,P05,L01,120,108,28,7
2025-03-13,24,M07,P04,L02,101,119,5,0
2025-03-13,24,M08,P02,L05,110,95,7,4
2025-03-13,24,M09,P04,L04,191,96,17,4
2025-03-13,24,M10,P05,L05,104,114,22,5
2025-03-14,1,M01,P03,L05,165,115,2,6
2025-03-14,1,M02,P03,L01,122,92,13,8
2025-03-14,1,M03,P04,L05,186,176,20,9
2025-03-14,1,M04,P01,L01,175,101,23,3
2025-03-14,1,M05,P02,L01,162,127,1,6
2025-03-14,1,M06,P03,L04,128,179,1,8
2025-03-14,1,M07,P01,L02,175,164,29,4
2025-03-14,1,M08,P05,L04,102,94,18,0
2025-03-14,1,M09,P04,L03,178,181,10,3
2025-03-14,1,M10,P05,L03,134,147,3,2
2025-03-14,2,M01,P04,L01,171,136,22,2
2025-03-14,2,M02,P01,L01,183,93,18,6
2025-03-14,2,M03,P02,L05,108,166,15,7
2025-03-14,2,M04,P02,L04,133,81,22,7
2025-03-14,2,M05,P01,L02,139,87,4,2
2025-03-14,2,M06,P04,L01,138,150,12,4
2025-03-14,2,M07,P01,L05,101,145,1,1
2025-03-14,2,M08,P02,L05,129,157,4,7
2025-03-14,2,M09,P03,L05,107,85,25,3
2025-03-14,2,M10,P04,L02,129,178,24,4
2025-03-14,3,M01,P03,L03,134,90,5,5
2025-03-14,3,M02,P05,L02,104,180,18,4
2025-03-14,3,M03,P01,L02,132,102,25,6
2025-03-14,3,M04,P01,L01,143,186,27,6
2025-03-14,3,M05,P02,L04,108,137,12,8
2025-03-14,3,M06,P04,L03,196,156,1,7
2025-03-14,3,M07,P01,L01,124,92,26,0
2025-03-14,3,M08,P05,L03,182,165,19,0
2025-03-14,3,M09,P02,L03,111,176,27,9
2025-03-14,3,M10,P04,L01,194,187,26,2
2025-03-14,4,M01,P03,L04,100,114,0,0
2025-03-14,4,M02,P01,L01,143,132,4,0
2025-03-14,4,M03,P01,L05,184,125,17,6
2025-03-14,4,M04,P01,L05,190,138,27,3
2025-03-14,4,M05,P04,L05,108,107,1,4
2025-03-14,4,M06,P03,L03,140,159,26,9
2025-03-14,4,M07,P05,L04,171,126,9,9
2025-03-14,4,M08,P01,L04,121,109,22,3
2025-03-14,4,M09,P03,L04,153,169,15,9
2025-03-14,4,M10,P04,L04,141,169,17,0
2025-03-14,5,M01,P04,L04,138,199,18,2
2025-03-14,5,M02,P02,L05,192,143,3,6
2025-03-14,5,M03,P03,L02,196,133,3,6
2025-03-14,5,M04,P01,L01,184,160,1,2
2025-03-14,5,M05,P02,L01,165,174,7,6
2025-03-14,5,M06,P05,L03,160,196,18,4
2025-03-14,5,M07,P03,L01,174,124,2,0
2025-03-14,5,M08,P03,L05,166,174,11,3
2025-03-14,5,M09,P02,L02,123,130,3,1
2025-03-14,5,M10,P04,L05,124,184,23,8
2025-03-14,6,M01,P04,L01,144,136,12,9
2025-03-14,6,M02,P03,L02,119,176,28,5
2025-03-14,6,M03,P02,L04,167,84,19,5
2025-03-14,6,M04,P02,L02,121,104,29,0
2025-03-14,6,M05,P05,L02,180,155,4,5
2025-03-14,6,M06,P01,L03,150,160,28,2
2025-03-14,6,M07,P01,L02,177,99,22,2
2025-03-14,6,M08,P04,L05,122,88,25,4
2025-03-14,6,M09,P01,L03,182,111,19,1
2025-03-14,6,M10,P05,L04,139,186,10,4
2025-03-14,7,M01,P01,L02,140,115,13,8
2025-03-14,7,M02,P01,L01,143,86,26,5
2025-03-14,7,M03,P02,L02,103,143,4,4
2025-03-14,7,M04,P02,L02,117,86,13,6
2025-03-14,7,M05,P04,L01,114,131,21,2
2025-03-14,7,M06,P01,L03,154,91,24,1
2025-03-14,7,M07,P01,L04,134,167,23,2
2025-03-14,7,M08,P01,L03,100,88,28,7
2025-03-14,7,M09,P05,L04,128,125,25,7
2025-03-14,7,M10,P03,L02,105,108,15,9
2025-03-14,8,M01,P04,L05,192,87,7,0
2025-03-14,8,M02,P05,L03,186,109,14,7
2025-03-14,8,M03,P03,L01,110,158,28,5
2025-03-14,8,M04,P05,L02,123,165,17,8
2025-03-14,8,M05,P04,L05,116,168,20,8
2025-03-14,8,M06,P05,L03,136,89,21,8
2025-03-14,8,M07,P04,L05,199,197,7,4
2025-03-14,8,M08,P04,L05,127,194,19,6
2025-03-14,8,M09,P05,L03,163,96,5,8
2025-03-14,8,M10,P03,L02,110,111,9,1
2025-03-14,9,M01,P04,L03,192,172,21,1
2025-03-14,9,M02,P02,L03,111,165,0,1
2025-03-14,9,M03,P04,L04,167,96,20,2
2025-03-14,9,M04,P01,L02,151,96,1,9
2025-03-14,9,M05,P04,L01,105,175,27,4
2025-03-14,9,M06,P03,L05,193,101,4,1
2025-03-14,9,M07,P04,L02,161,131,20,1
2025-03-14,9,M08,P05,L05,198,132,3,2
2025-03-14,9,M09,P04,L02,156,193,13,8
2025-03-14,9,M10,P02,L04,140,196,22,3
2025-03-14,10,M01,P03,L04,119,176,9,8
2025-03-14,10,M02,P01,L02,132,113,26,7
2025-03-14,10,M03,P02,L01,104,165,4,5
2025-03-14,10,M04,P02,L03,198,101,8,5
2025-03-14,10,M05,P03,L05,100,142,4,0
2025-03-14,10,M06,P05,L04,115,80,7,3
2025-03-14,10,M07,P04,L03,160,161,18,3
2025-03-14,10,M08,P02,L01,101,146,27,3
2025-03-14,10,M09,P03,L03,136,94,26,8
2025-03-14,10,M10,P01,L02,112,135,16,8
2025-03-14,11,M01,P05,L03,171,166,27,0
2025-03-14,11,M02,P02,L02,124,141,8,0
2025-03-14,11,M03,P05,L03,137,107,16,5
2025-03-14,11,M04,P01,L03,191,179,17,1
2025-03-14,11,M05,P05,L01,158,129,6,1
2025-03-14,11,M06,P04,L05,116,162,4,6
2025-03-14,11,M07,P05,L05,175,180,3,8
2025-03-14,11,M08,P01,L04,163,198,10,4
2025-03-14,11,M09,P02,L03,165,99,21,7
2025-03-14,11,M10,P05,L03,119,111,21,3
2025-03-14,12,M01,P03,L02,171,109,3,6
2025-03-14,12,M02,P01,L02,133,178,8,6
2025-03-14,12,M03,P01,L04,111,199,25,8
2025-03-14,12,M04,P03,L05,167,96,8,4
2025-03-14,12,M05,P05,L02,180,114,16,0
2025-03-14,12,M06,P05,L01,123,94,20,8
2025-03-14,12,M07,P04,L04,179,137,7,5
2025-03-14,12,M08,P04,L05,192,90,29,9
2025-03-14,12,M09,P05,L03,136,82,19,9
2025-03-14,12,M10,P01,L05,125,114,4,8
2025-03-14,13,M01,P05,L01,103,96,0,6
2025-03-14,13,M02,P01,L04,138,186,21,9
2025-03-14,13,M03,P03,L02,188,185,18,1
2025-03-14,13,M04,P04,L01,114,130,21,9
2025-03-14,13,M05,P02,L01,140,111,0,0
2025-03-14,13,M06,P03,L01,158,178,25,3
2025-03-14,13,M07,P01,L03,102,198,1,6
2025-03-14,13,M08,P03,L04,134,198,25,6
2025-03-14,13,M09,P01,L03,179,141,22,4
2025-03-14,13,M10,P01,L03,171,179,26,1
2025-03-14,14,M01,P03,L01,112,149,2,6
2025-03-14,14,M02,P04,L02,142,121,15,8
2025-03-14,14,M03,P01,L03,137,135,13,4
2025-03-14,14,M04,P04,L02,174,113,1,5
2025-03-14,14,M05,P04,L05,103,86,11,8
2025-03-14,14,M06,P04,L03,198,117,23,7
2025-03-14,14,M07,P05,L04,149,154,4,0
2025-03-14,14,M08,P05,L02,139,117,7,1
2025-03-14,14,M09,P02,L01,121,86,28,8
2025-03-14,14,M10,P05,L03,134,181,23,3
2025-03-14,15,M01,P02,L05,125,182,14,7
2025-03-14,15,M02,P03,L01,188,120,24,5
2025-03-14,15,M03,P04,L01,123,162,21,6
2025-03-14,15,M04,P04,L04,106,113,10,7
2025-03-14,15,M05,P03,L03,124,110,4,9
2025-03-14,15,M06,P01,L02,170,179,12,9
2025-03-14,15,M07,P03,L04,161,140,20,5
2025-03-14,15,M08,P02,L03,100,88,8,4
2025-03-14,15,M09,P04,L02,189,155,4,3
2025-03-14,15,M10,P02,L04,115,129,28,6
2025-03-14,16,M01,P03,L04,105,140,3,5
2025-03-14,16,M02,P02,L03,184,156,12,1
2025-03-14,16,M03,P04,L05,193,184,23,0
2025-03-14,16,M04,P04,L05,103,83,13,6
2025-03-14,16,M05,P02,L04,141,147,0,2
2025-03-14,16,M06,P02,L02,186,113,21,7
2025-03-14,16,M07,P04,L03,155,155,12,7
2025-03-14,16,M08,P01,L02,110,141,18,9
2025-03-14,16,M09,P01,L02,172,193,5,1
2025-03-14,16,M10,P02,L01,108,84,27,0
2025-03-14,17,M01,P03,L03,105,147,11,2
2025-03-14,17,M02,P05,L05,116,83,10,7
2025-03-14,17,M03,P03,L04,190,88,23,3
2025-03-14,17,M04,P04,L05,194,175,2,4
2025-03-14,17,M05,P04,L03,170,146,7,9
2025-03-14,17,M06,P01,L05,197,165,26,3
2025-03-14,17,M07,P01,L03,144,122,9,3
2025-03-14,17,M08,P03,L02,131,117,21,3
2025-03-14,17,M09,P05,L05,195,106,11,7
2025-03-14,17,M10,P05,L03,161,80,9,5
2025-03-14,18,M01,P05,L01,147,103,20,6
2025-03-14,18,M02,P03,L05,172,106,6,7
2025-03-14,18,M03,P04,L05,105,110,26,8
2025-03-14,18,M04,P01,L05,161,168,23,9
2025-03-14,18,M05,P05,L01,126,162,15,8
2025-03-14,18,M06,P05,L04,100,130,20,1
2025-03-14,18,M07,P02,L03,128,147,6,0
2025-03-14,18,M08,P04,L01,132,189,23,5
2025-03-14,18,M09,P02,L01,180,183,17,8
2025-03-14,18,M10,P03,L01,178,158,23,6
2025-03-14,19,M01,P03,L04,155,193,7,8
2025-03-14,19,M02,P05,L05,136,100,22,0
2025-03-14,19,M03,P04,L05,164,106,23,7
2025-03-14,19,M04,P02,L01,156,178,17,9
2025-03-14,19,M05,P03,L03,114,130,22,4
2025-03-14,19,M06,P02,L01,138,126,0,0
2025-03-14,19,M07,P05,L05,142,90,28,7
2025-03-14,19,M08,P01,L03,142,131,20,6
2025-03-14,19,M09,P04,L03,105,98,3,9
2025-03-14,19,M10,P03,L02,199,138,27,3
2025-03-14,20,M01,P04,L03,134,96,6,3
2025-03-14,20,M02,P05,L02,161,102,27,8
2025-03-14,20,M03,P04,L02,137,162,17,9
2025-03-14,20,M04,P03,L04,120,178,17,1
2025-03-14,20,M05,P01,L03,174,92,23,8
2025-03-14,20,M06,P01,L04,144,132,23,1
2025-03-14,20,M07,P05,L01,113,192,5,8
2025-03-14,20,M08,P04,L04,122,123,21,6
2025-03-14,20,M09,P02,L02,183,116,10,6
2025-03-14,20,M10,P03,L02,133,160,14,4
2025-03-14,21,M01,P01,L02,137,177,28,1
2025-03-14,21,M02,P02,L04,156,187,18,7
2025-03-14,21,M03,P03,L03,186,195,3,0
2025-03-14,21,M04,P05,L01,151,82,12,0
2025-03-14,21,M05,P02,L02,104,87,16,8
2025-03-14,21,M06,P02,L04,107,186,27,2
2025-03-14,21,M07,P02,L05,138,130,5,0
2025-03-14,21,M08,P01,L04,186,115,25,0
2025-03-14,21,M09,P03,L01,112,171,22,6
2025-03-14,21,M10,P01,L05,142,142,17,8
2025-03-14,22,M01,P04,L01,120,181,3,8
2025-03-14,22,M02,P02,L03,129,151,24,3
2025-03-14,22,M03,P05,L01,128,191,1,2
2025-03-14,22,M04,P05,L02,119,157,10,2
2025-03-14,22,M05,P01,L04,168,134,23,1
2025-03-14,22,M06,P01,L05,140,81,5,3
2025-03-14,22,M07,P01,L03,130,170,12,4
2025-03-14,22,M08,P03,L04,100,174,17,6
2025-03-14,22,M09,P03,L01,195,138,0,0
2025-03-14,22,M10,P05,L04,123,133,3,7
2025-03-14,23,M01,P01,L01,189,100,5,5
2025-03-14,23,M02,P05,L02,174,116,29,0
2025-03-14,23,M03,P04,L05,126,157,20,9
2025-03-14,23,M04,P02,L01,171,151,7,9
2025-03-14,23,M05,P01,L02,183,123,10,0
2025-03-14,23,M06,P02,L04,154,192,25,1
2025-03-14,23,M07,P03,L03,128,111,21,0
2025-03-14,23,M08,P03,L04,140,87,10,3
2025-03-14,23,M09,P05,L03,108,157,13,0
2025-03-14,23,M10,P05,L02,182,127,9,4
2025-03-14,24,M01,P04,L02,132,140,23,6
2025-03-14,24,M02,P04,L03,135,93,28,4
2025-03-14,24,M03,P04,L01,187,128,10,3
2025-03-14,24,M04,P02,L02,192,94,6,4
2025-03-14,24,M05,P05,L01,144,80,14,1
2025-03-14,24,M06,P04,L01,159,156,4,1
2025-03-14,24,M07,P03,L02,167,150,3,5
2025-03-14,24,M08,P03,L03,175,103,14,4
2025-03-14,24,M09,P03,L04,181,104,17,6
2025-03-14,24,M10,P03,L02,145,154,26,6
2025-03-15,1,M01,P05,L05,104,129,9,2
2025-03-15,1,M02,P05,L02,179,100,12,4
2025-03-15,1,M03,P03,L03,181,93,21,6
2025-03-15,1,M04,P01,L04,175,173,2,6
2025-03-15,1,M05,P04,L03,181,196,20,8
2025-03-15,1,M06,P05,L03,126,94,29,4
2025-03-15,1,M07,P04,L05,171,140,10,2
2025-03-15,1,M08,P02,L01,199,118,23,5
2025-03-15,1,M09,P04,L01,119,90,18,2
2025-03-15,1,M10,P01,L03,189,157,16,1
2025-03-15,2,M01,P05,L05,192,130,20,5
2025-03-15,2,M02,P04,L04,113,112,22,7
2025-03-15,2,M03,P01,L04,141,147,13,5
2025-03-15,2,M04,P01,L04,156,131,6,6
2025-03-15,2,M05,P02,L03,122,197,9,7
2025-03-15,2,M06,P03,L04,171,156,12,9
2025-03-15,2,M07,P03,L02,162,94,16,1
2025-03-15,2,M08,P03,L05,116,181,10,4
2025-03-15,2,M09,P04,L03,128,96,2,4
2025-03-15,2,M10,P01,L05,152,144,20,0
2025-03-15,3,M01,P05,L01,183,149,29,0
2025-03-15,3,M02,P02,L04,198,163,5,2
2025-03-15,3,M03,P03,L01,199,101,14,0
2025-03-15,3,M04,P01,L04,199,94,24,5
2025-03-15,3,M05,P02,L04,119,83,9,6
2025-03-15,3,M06,P01,L03,105,134,3,4
2025-03-15,3,M07,P05,L01,109,145,23,2
2025-03-15,3,M08,P02,L02,174,195,0,4
2025-03-15,3,M09,P02,L03,100,111,16,1
2025-03-15,3,M10,P01,L04,112,148,21,9
2025-03-15,4,M01,P05,L04,108,156,29,8
2025-03-15,4,M02,P02,L04,177,197,1,1
2025-03-15,4,M03,P02,L03,101,120,13,3
2025-03-15,4,M04,P02,L05,191,135,22,6
2025-03-15,4,M05,P04,L04,155,199,3,0
2025-03-15,4,M06,P04,L02,140,178,20,0
2025-03-15,4,M07,P05,L05,142,186,10,0
2025-03-15,4,M08,P04,L03,180,193,10,8
2025-03-15,4,M09,P05,L03,175,92,2,8
2025-03-15,4,M10,P05,L04,154,115,27,9
2025-03-15,5,M01,P05,L02,144,85,24,7
2025-03-15,5,M02,P05,L03,116,117,14,8
2025-03-15,5,M03,P03,L03,173,107,4,8
2025-03-15,5,M04,P05,L03,126,84,26,7
2025-03-15,5,M05,P01,L02,198,196,24,0
2025-03-15,5,M06,P04,L02,163,111,15,5
2025-03-15,5,M07,P04,L05,186,169,25,4
2025-03-15,5,M08,P02,L05,173,199,21,4
2025-03-15,5,M09,P04,L03,141,118,12,8
2025-03-15,5,M10,P03,L05,182,197,6,1
2025-03-15,6,M01,P05,L04,103,80,19,1
2025-03-15,6,M02,P03,L01,107,135,27,6
2025-03-15,6,M03,P01,L01,123,193,0,0
2025-03-15,6,M04,P05,L05,130,136,2,6
2025-03-15,6,M05,P02,L05,159,135,29,2
2025-03-15,6,M06,P02,L02,168,166,8,0
2025-03-15,6,M07,P01,L05,101,121,3,9
2025-03-15,6,M08,P02,L03,130,158,20,5
2025-03-15,6,M09,P01,L01,173,81,23,8
2025-03-15,6,M10,P02,L01,179,178,26,8
2025-03-15,7,M01,P03,L04,112,85,24,6
2025-03-15,7,M02,P04,L02,145,197,14,1
2025-03-15,7,M03,P04,L02,116,102,14,5
2025-03-15,7,M04,P01,L02,179,168,15,9
2025-03-15,7,M05,P02,L01,172,95,4,1
2025-03-15,7,M06,P01,L05,141,141,11,4
2025-03-15,7,M07,P03,L03,179,163,27,1
2025-03-15,7,M08,P02,L01,187,198,10,7
2025-03-15,7,M09,P05,L05,132,88,13,2
2025-03-15,7,M10,P05,L01,127,131,28,7
2025-03-15,8,M01,P02,L02,136,94,9,4
2025-03-15,8,M02,P05,L01,158,147,23,7
2025-03-15,8,M03,P03,L04,119,197,2,2
2025-03-15,8,M04,P03,L01,196,159,28,2
2025-03-15,8,M05,P01,L03,199,149,29,9
2025-03-15,8,M06,P03,L03,102,83,28,0
2025-03-15,8,M07,P05,L04,133,93,12,0
2025-03-15,8,M08,P05,L05,123,173,7,8
2025-03-15,8,M09,P05,L05,195,150,10,0
2025-03-15,8,M10,P01,L02,163,171,7,4
2025-03-15,9,M01,P04,L04,144,168,15,7
2025-03-15,9,M02,P05,L03,111,131,6,7
2025-03-15,9,M03,P02,L05,196,117,7,5
2025-03-15,9,M04,P01,L02,112,129,13,2
2025-03-15,9,M05,P05,L01,130,198,16,3
2025-03-15,9,M06,P02,L04,106,196,9,5
2025-03-15,9,M07,P02,L01,169,124,21,0
2025-03-15,9,M08,P03,L05,119,105,28,6
2025-03-15,9,M09,P05,L02,176,85,3,0
2025-03-15,9,M10,P03,L03,132,162,8,1
2025-03-15,10,M01,P02,L05,130,160,6,4
2025-03-15,10,M02,P04,L01,162,183,29,8
2025-03-15,10,M03,P02,L05,175,188,15,4
2025-03-15,10,M04,P04,L05,136,173,25,4
2025-03-15,10,M05,P01,L03,190,93,1,1
2025-03-15,10,M06,P02,L01,197,132,24,6
2025-03-15,10,M07,P05,L03,136,106,25,3
2025-03-15,10,M08,P02,L04,106,92,15,2
2025-03-15,10,M09,P05,L04,155,171,23,2
2025-03-15,10,M10,P01,L05,136,88,17,2
2025-03-15,11,M01,P02,L04,157,101,29,4
2025-03-15,11,M02,P01,L05,116,137,25,4
2025-03-15,11,M03,P04,L05,143,119,10,1
2025-03-15,11,M04,P04,L05,166,158,13,7
2025-03-15,11,M05,P03,L01,198,199,29,9
2025-03-15,11,M06,P02,L04,130,144,29,7
2025-03-15,11,M07,P03,L05,113,123,27,1
2025-03-15,11,M08,P03,L04,141,90,21,6
2025-03-15,11,M09,P03,L02,149,132,3,2
2025-03-15,11,M10,P05,L01,176,149,26,2
2025-03-15,12,M01,P03,L01,161,192,18,8
2025-03-15,12,M02,P04,L02,147,171,26,2
2025-03-15,12,M03,P04,L04,156,88,1,6
2025-03-15,12,M04,P01,L02,171,124,6,6
2025-03-15,12,M05,P02,L01,197,178,18,2
2025-03-15,12,M06,P04,L04,135,88,2,2
2025-03-15,12,M07,P04,L01,189,180,15,9
2025-03-15,12,M08,P03,L03,136,183,11,5
2025-03-15,12,M09,P02,L01,114,95,22,9
2025-03-15,12,M10,P02,L04,138,136,14,9
2025-03-15,13,M01,P01,L04,136,117,3,9
2025-03-15,13,M02,P02,L01,135,164,23,1
2025-03-15,13,M03,P02,L04,191,111,11,8
2025-03-15,13,M04,P05,L03,101,140,19,9
2025-03-15,13,M05,P02,L05,184,89,23,4
2025-03-15,13,M06,P02,L05,157,181,20,2
2025-03-15,13,M07,P01,L04,161,136,26,3
2025-03-15,13,M08,P03,L02,133,111,13,3
2025-03-15,13,M09,P03,L02,114,130,19,4
2025-03-15,13,M10,P05,L03,187,89,3,5
2025-03-15,14,M01,P02,L01,115,186,23,3
2025-03-15,14,M02,P02,L04,185,199,1,4
2025-03-15,14,M03,P04,L03,127,185,23,1
2025-03-15,14,M04,P04,L01,100,90,18,7
2025-03-15,14,M05,P02,L02,176,198,16,2
2025-03-15,14,M06,P02,L04,181,91,11,1
2025-03-15,14,M07,P02,L02,119,85,0,9
2025-03-15,14,M08,P02,L01,114,174,23,1
2025-03-15,14,M09,P04,L02,192,116,9,2
2025-03-15,14,M10,P05,L03,154,156,6,8
2025-03-15,15,M01,P03,L02,103,167,0,1
2025-03-15,15,M02,P02,L02,110,113,22,5
2025-03-15,15,M03,P02,L04,196,181,19,8
2025-03-15,15,M04,P05,L01,168,121,27,6
2025-03-15,15,M05,P05,L03,159,132,29,7
2025-03-15,15,M06,P01,L02,120,135,15,8
2025-03-15,15,M07,P03,L01,110,145,27,1
2025-03-15,15,M08,P03,L04,157,147,29,2
2025-03-15,15,M09,P02,L04,176,132,13,9
2025-03-15,15,M10,P05,L01,145,116,20,8
2025-03-15,16,M01,P03,L03,131,158,8,7
2025-03-15,16,M02,P02,L01,147,175,25,7
2025-03-15,16,M03,P03,L02,114,187,20,9
2025-03-15,16,M04,P01,L05,158,149,21,5
2025-03-15,16,M05,P01,L03,113,127,6,5
2025-03-15,16,M06,P03,L05,112,101,9,8
2025-03-15,16,M07,P03,L04,161,151,7,0
2025-03-15,16,M08,P02,L01,118,185,17,9
2025-03-15,16,M09,P05,L01,192,175,7,5
2025-03-15,16,M10,P05,L04,125,160,9,1
2025-03-15,17,M01,P03,L02,102,97,19,3
2025-03-15,17,M02,P01,L05,198,197,9,3
2025-03-15,17,M03,P01,L04,156,142,12,0
2025-03-15,17,M04,P03,L05,149,147,14,7
2025-03-15,17,M05,P03,L02,129,166,8,7
2025-03-15,17,M06,P01,L04,169,104,12,1
2025-03-15,17,M07,P02,L01,172,176,5,5
2025-03-15,17,M08,P03,L02,189,115,3,8
2025-03-15,17,M09,P01,L02,188,95,11,5
2025-03-15,17,M10,P05,L02,129,179,13,0
2025-03-15,18,M01,P05,L01,126,156,29,0
2025-03-15,18,M02,P04,L04,154,130,20,4
2025-03-15,18,M03,P01,L01,133,189,26,4
2025-03-15,18,M04,P05,L01,134,99,18,4
2025-03-15,18,M05,P05,L01,125,189,18,1
2025-03-15,18,M06,P05,L05,105,137,0,8
2025-03-15,18,M07,P02,L03,118,130,7,5
2025-03-15,18,M08,P03,L03,110,117,26,9
2025-03-15,18,M09,P01,L04,182,159,17,9
2025-03-15,18,M10,P04,L02,114,182,11,7
2025-03-15,19,M01,P03,L05,156,96,12,0
2025-03-15,19,M02,P01,L03,110,99,11,2
2025-03-15,19,M03,P04,L03,150,132,19,8
2025-03-15,19,M04,P01,L04,179,192,12,4
2025-03-15,19,M05,P01,L04,129,198,2,5
2025-03-15,19,M06,P05,L05,179,142,7,0
2025-03-15,19,M07,P04,L03,142,124,9,3
2025-03-15,19,M08,P03,L03,164,86,3,8
2025-03-15,19,M09,P05,L05,111,111,16,5
2025-03-15,19,M10,P04,L01,125,136,13,7
2025-03-15,20,M01,P03,L01,183,146,20,0
2025-03-15,20,M02,P02,L01,100,98,1,9
2025-03-15,20,M03,P02,L05,103,87,26,9
2025-03-15,20,M04,P03,L01,139,129,2,8
2025-03-15,20,M05,P05,L02,184,198,20,9
2025-03-15,20,M06,P02,L02,180,197,22,4
2025-03-15,20,M07,P03,L03,195,185,28,9
2025-03-15,20,M08,P03,L01,111,95,14,7
2025-03-15,20,M09,P03,L02,126,152,13,1
2025-03-15,20,M10,P03,L02,118,158,23,9
2025-03-15,21,M01,P01,L05,149,111,28,5
2025-03-15,21,M02,P02,L02,165,146,18,3
2025-03-15,21,M03,P01,L01,142,97,17,5
2025-03-15,21,M04,P05,L05,129,143,8,0
2025-03-15,21,M05,P05,L05,172,154,5,7
2025-03-15,21,M06,P03,L02,164,168,12,8
2025-03-15,21,M07,P03,L04,194,128,17,0
2025-03-15,21,M08,P04,L03,102,158,24,5
2025-03-15,21,M09,P02,L05,102,91,27,9
2025-03-15,21,M10,P05,L03,180,93,6,2
2025-03-15,22,M01,P05,L03,106,128,0,8
2025-03-15,22,M02,P05,L03,112,161,28,4
2025-03-15,22,M03,P02,L01,194,140,4,0
2025-03-15,22,M04,P02,L03,108,82,29,4
2025-03-15,22,M05,P05,L02,133,122,28,0
2025-03-15,22,M06,P04,L05,178,153,3,6
2025-03-15,22,M07,P05,L05,144,181,23,3
2025-03-15,22,M08,P04,L01,174,90,15,8
2025-03-15,22,M09,P01,L01,170,146,6,0
2025-03-15,22,M10,P04,L01,181,196,4,3
2025-03-15,23,M01,P02,L01,103,145,10,9
2025-03-15,23,M02,P05,L04,142,121,12,9
2025-03-15,23,M03,P01,L02,104,109,10,2
2025-03-15,23,M04,P02,L03,104,178,21,6
2025-03-15,23,M05,P04,L02,169,170,12,2
2025-03-15,23,M06,P04,L02,192,117,11,5
2025-03-15,23,M07,P01,L03,165,186,25,9
2025-03-15,23,M08,P04,L03,142,192,10,7
2025-03-15,23,M09,P03,L01,134,168,28,8
2025-03-15,23,M10,P05,L05,196,101,9,0
2025-03-15,24,M01,P03,L02,111,162,6,9
2025-03-15,24,M02,P04,L02,174,145,16,1
2025-03-15,24,M03,P02,L04,127,106,8,2
2025-03-15,24,M04,P04,L01,149,89,23,9
2025-03-15,24,M05,P03,L02,190,99,8,8
2025-03-15,24,M06,P02,L01,142,132,20,1
2025-03-15,24,M07,P01,L05,196,89,27,0
2025-03-15,24,M08,P02,L03,177,163,3,8
2025-03-15,24,M09,P01,L04,182,127,11,0
2025-03-15,24,M10,P03,L01,119,125,5,2
2025-03-16,1,M01,P03,L03,161,123,12,5
2025-03-16,1,M02,P01,L01,110,106,4,9
2025-03-16,1,M03,P02,L01,188,80,18,7
2025-03-16,1,M04,P02,L02,175,139,28,6
2025-03-16,1,M05,P02,L05,131,130,25,8
2025-03-16,1,M06,P04,L04,154,85,22,6
2025-03-16,1,M07,P01,L02,125,197,22,1
2025-03-16,1,M08,P01,L02,177,84,22,0
2025-03-16,1,M09,P02,L04,164,89,22,1
2025-03-16,1,M10,P05,L03,140,137,12,3
2025-03-16,2,M01,P02,L03,199,186,3,1
2025-03-16,2,M02,P04,L01,111,164,7,5
2025-03-16,2,M03,P04,L02,161,143,27,2
2025-03-16,2,M04,P01,L01,127,83,12,9
2025-03-16,2,M05,P03,L05,197,188,15,3
2025-03-16,2,M06,P04,L05,125,187,5,5
2025-03-16,2,M07,P04,L05,180,106,2,7
2025-03-16,2,M08,P05,L01,181,137,19,2
2025-03-16,2,M09,P05,L01,182,176,16,0
2025-03-16,2,M10,P05,L04,139,126,12,6
2025-03-16,3,M01,P04,L02,181,113,16,5
2025-03-16,3,M02,P03,L04,100,187,22,8
2025-03-16,3,M03,P04,L04,179,156,0,2
2025-03-16,3,M04,P01,L01,132,116,28,4
2025-03-16,3,M05,P01,L05,162,167,26,1
2025-03-16,3,M06,P03,L01,109,161,20,9
2025-03-16,3,M07,P05,L03,172,152,7,6
2025-03-16,3,M08,P02,L05,194,145,18,4
2025-03-16,3,M09,P03,L01,164,134,16,2
2025-03-16,3,M10,P05,L01,146,101,28,7
2025-03-16,4,M01,P01,L03,124,161,27,8
2025-03-16,4,M02,P02,L03,187,127,2,8
2025-03-16,4,M03,P05,L02,119,199,19,2
2025-03-16,4,M04,P04,L01,181,93,1,7
2025-03-16,4,M05,P02,L02,179,118,5,3
2025-03-16,4,M06,P04,L03,191,142,10,9
2025-03-16,4,M07,P02,L05,144,129,23,2
2025-03-16,4,M08,P03,L03,164,85,5,7
2025-03-16,4,M09,P03,L02,112,104,21,0
2025-03-16,4,M10,P04,L03,198,197,14,6
2025-03-16,5,M01,P03,L04,101,124,15,5
2025-03-16,5,M02,P04,L04,148,155,1,4
2025-03-16,5,M03,P01,L04,193,164,23,9
2025-03-16,5,M04,P05,L02,132,177,26,2
2025-03-16,5,M05,P02,L04,143,147,3,8
2025-03-16,5,M06,P01,L04,155,195,2,1
2025-03-16,5,M07,P03,L01,166,179,4,0
2025-03-16,5,M08,P03,L02,102,116,19,1
2025-03-16,5,M09,P04,L04,110,162,26,7
2025-03-16,5,M10,P01,L01,182,195,25,9
2025-03-16,6,M01,P05,L04,135,145,4,7
2025-03-16,6,M02,P05,L02,116,106,29,5
2025-03-16,6,M03,P05,L05,148,104,23,3
2025-03-16,6,M04,P04,L02,105,159,9,6
2025-03-16,6,M05,P03,L01,165,89,15,7
2025-03-16,6,M06,P05,L01,171,106,13,9
2025-03-16,6,M07,P01,L05,133,172,29,0
2025-03-16,6,M08,P05,L05,129,101,14,3
2025-03-16,6,M09,P01,L01,134,145,14,4
2025-03-16,6,M10,P04,L02,152,135,18,9
2025-03-16,7,M01,P01,L05,112,140,3,2
2025-03-16,7,M02,P05,L05,147,174,7,7
2025-03-16,7,M03,P05,L03,172,96,0,3
2025-03-16,7,M04,P01,L01,140,170,22,1
2025-03-16,7,M05,P04,L04,184,91,4,7
2025-03-16,7,M06,P01,L03,196,194,16,0
2025-03-16,7,M07,P03,L03,152,171,3,6
2025-03-16,7,M08,P02,L02,164,83,21,9
2025-03-16,7,M09,P03,L04,176,178,9,7
2025-03-16,7,M10,P01,L02,168,109,6,3
2025-03-16,8,M01,P05,L01,197,186,2,5
2025-03-16,8,M02,P03,L05,197,151,14,3
2025-03-16,8,M03,P05,L02,186,141,6,9
2025-03-16,8,M04,P03,L02,111,151,13,7
2025-03-16,8,M05,P05,L01,173,82,10,4
2025-03-16,8,M06,P01,L01,103,137,4,7
2025-03-16,8,M07,P01,L01,112,147,15,8
2025-03-16,8,M08,P01,L04,113,170,29,9
2025-03-16,8,M09,P02,L05,115,171,16,9
2025-03-16,8,M10,P04,L03,159,174,1,3
2025-03-16,9,M01,P02,L05,117,138,3,1
2025-03-16,9,M02,P03,L04,138,145,13,3
2025-03-16,9,M03,P04,L03,137,146,28,7
2025-03-16,9,M04,P01,L03,147,131,15,8
2025-03-16,9,M05,P03,L05,147,173,17,7
2025-03-16,9,M06,P03,L02,113,126,23,9
2025-03-16,9,M07,P02,L02,130,127,26,6
2025-03-16,9,M08,P02,L05,147,91,13,1
2025-03-16,9,M09,P03,L05,144,136,17,8
2025-03-16,9,M10,P02,L05,119,180,28,5
2025-03-16,10,M01,P02,L01,160,165,21,5
2025-03-16,10,M02,P01,L02,100,174,8,9
2025-03-16,10,M03,P05,L02,105,189,29,1
2025-03-16,10,M04,P03,L02,164,109,17,1
2025-03-16,10,M05,P01,L05,146,111,10,1
2025-03-16,10,M06,P05,L05,135,197,21,8
2025-03-16,10,M07,P03,L05,124,154,13,8
2025-03-16,10,M08,P05,L05,160,109,1,1
2025-03-16,10,M09,P02,L03,107,122,15,9
2025-03-16,10,M10,P02,L05,119,141,20,5
2025-03-16,11,M01,P01,L02,102,116,16,0
2025-03-16,11,M02,P05,L02,132,107,22,9
2025-03-16,11,M03,P02,L02,150,189,9,7
2025-03-16,11,M04,P01,L03,188,180,14,9
2025-03-16,11,M05,P03,L01,146,105,7,8
2025-03-16,11,M06,P03,L01,190,88,21,6
2025-03-16,11,M07,P04,L04,172,178,18,3
2025-03-16,11,M08,P02,L02,125,146,17,4
2025-03-16,11,M09,P01,L03,126,101,11,3
2025-03-16,11,M10,P02,L01,194,132,10,5
2025-03-16,12,M01,P03,L05,157,94,21,2
2025-03-16,12,M02,P02,L01,148,132,25,0
2025-03-16,12,M03,P02,L03,184,86,11,8
2025-03-16,12,M04,P03,L01,197,87,22,0
2025-03-16,12,M05,P04,L02,194,158,14,2
2025-03-16,12,M06,P05,L02,185,198,11,5
2025-03-16,12,M07,P04,L05,127,100,10,6
2025-03-16,12,M08,P05,L02,142,106,22,2
2025-03-16,12,M09,P05,L01,189,186,3,0
2025-03-16,12,M10,P02,L05,142,191,8,3
2025-03-16,13,M01,P04,L01,142,102,0,8
2025-03-16,13,M02,P03,L02,155,132,6,6
2025-03-16,13,M03,P03,L03,100,181,12,8
2025-03-16,13,M04,P02,L02,157,160,16,1
2025-03-16,13,M05,P04,L01,191,123,26,5
2025-03-16,13,M06,P05,L05,125,86,11,3
2025-03-16,13,M07,P03,L01,131,154,19,8
2025-03-16,13,M08,P02,L04,160,141,21,5
2025-03-16,13,M09,P04,L05,130,108,11,2
2025-03-16,13,M10,P01,L02,140,106,14,6
2025-03-16,14,M01,P02,L04,123,175,11,2
2025-03-16,14,M02,P03,L05,128,111,21,5
2025-03-16,14,M03,P05,L01,120,189,8,9
2025-03-16,14,M04,P04,L04,174,138,9,6
2025-03-16,14,M05,P04,L03,113,124,12,2
2025-03-16,14,M06,P01,L04,108,133,5,3
2025-03-16,14,M07,P04,L05,121,134,16,2
2025-03-16,14,M08,P03,L02,127,116,23,4
2025-03-16,14,M09,P01,L01,174,181,2,1
2025-03-16,14,M10,P03,L04,124,125,27,8
2025-03-16,15,M01,P03,L02,177,106,2,6
2025-03-16,15,M02,P01,L04,170,88,17,4
2025-03-16,15,M03,P04,L02,188,144,10,6
2025-03-16,15,M04,P01,L03,171,127,0,2
2025-03-16,15,M05,P05,L02,157,134,20,2
2025-03-16,15,M06,P01,L01,132,102,1,0
2025-03-16,15,M07,P01,L05,198,128,9,1
2025-03-16,15,M08,P04,L03,138,121,3,0
2025-03-16,15,M09,P03,L04,143,110,0,9
2025-03-16,15,M10,P05,L04,188,182,28,8
2025-03-16,16,M01,P02,L01,104,131,16,5
2025-03-16,16,M02,P05,L05,191,140,9,6
2025-03-16,16,M03,P05,L01,160,98,3,3
2025-03-16,16,M04,P05,L04,199,166,2,7
2025-03-16,16,M05,P02,L02,195,127,13,5
2025-03-16,16,M06,P05,L03,177,144,19,0
2025-03-16,16,M07,P01,L02,100,157,10,2
2025-03-16,16,M08,P05,L03,185,112,11,7
2025-03-16,16,M09,P01,L05,108,81,26,5
2025-03-16,16,M10,P05,L04,148,91,6,8
2025-03-16,17,M01,P05,L01,163,142,18,9
2025-03-16,17,M02,P01,L04,170,124,20,7
2025-03-16,17,M03,P04,L01,112,143,18,7
2025-03-16,17,M04,P04,L01,153,136,17,8
2025-03-16,17,M05,P04,L05,110,119,1,6
2025-03-16,17,M06,P01,L02,141,126,23,0
2025-03-16,17,M07,P02,L01,125,182,4,4
2025-03-16,17,M08,P01,L05,173,123,1,8
2025-03-16,17,M09,P05,L04,138,98,18,1
2025-03-16,17,M10,P05,L02,197,173,11,3
2025-03-16,18,M01,P01,L01,108,198,1,1
2025-03-16,18,M02,P03,L05,177,160,23,4
2025-03-16,18,M03,P03,L05,139,163,27,2
2025-03-16,18,M04,P01,L04,181,114,13,4
2025-03-16,18,M05,P04,L02,161,162,25,3
2025-03-16,18,M06,P02,L03,106,166,4,4
2025-03-16,18,M07,P03,L04,180,163,24,9
2025-03-16,18,M08,P04,L03,194,159,13,9
2025-03-16,18,M09,P01,L02,140,165,1,6
2025-03-16,18,M10,P01,L04,144,123,29,5
2025-03-16,19,M01,P01,L03,173,158,4,1
2025-03-16,19,M02,P03,L03,103,114,0,0
2025-03-16,19,M03,P02,L05,121,84,27,3
2025-03-16,19,M04,P04,L01,156,185,22,3
2025-03-16,19,M05,P04,L02,150,118,19,9
2025-03-16,19,M06,P03,L04,170,134,11,1
2025-03-16,19,M07,P02,L01,140,167,14,0
2025-03-16,19,M08,P02,L05,122,159,4,0
2025-03-16,19,M09,P01,L04,157,169,1,1
2025-03-16,19,M10,P05,L04,182,180,24,1
2025-03-16,20,M01,P03,L02,170,166,4,0
2025-03-16,20,M02,P03,L02,182,173,8,2
2025-03-16,20,M03,P05,L03,125,124,18,8
2025-03-16,20,M04,P03,L03,193,132,0,1
2025-03-16,20,M05,P03,L01,168,174,3,7
2025-03-16,20,M06,P01,L03,121,117,23,0
2025-03-16,20,M07,P01,L04,188,117,22,0
2025-03-16,20,M08,P04,L02,126,102,19,4
2025-03-16,20,M09,P03,L01,126,188,29,8
2025-03-16,20,M10,P03,L05,151,91,25,0
2025-03-16,21,M01,P02,L04,122,98,23,3
2025-03-16,21,M02,P04,L01,100,153,0,4
2025-03-16,21,M03,P03,L01,101,152,11,6
2025-03-16,21,M04,P03,L05,108,199,7,8
2025-03-16,21,M05,P03,L03,148,91,11,3
2025-03-16,21,M06,P02,L01,173,187,16,5
2025-03-16,21,M07,P01,L04,199,106,5,7
2025-03-16,21,M08,P02,L01,131,117,29,1
2025-03-16,21,M09,P04,L05,121,110,16,0
2025-03-16,21,M10,P05,L01,153,158,14,6
2025-03-16,22,M01,P04,L01,138,195,8,8
2025-03-16,22,M02,P04,L02,161,98,12,5
2025-03-16,22,M03,P02,L01,161,183,6,6
2025-03-16,22,M04,P01,L05,144,106,15,4
2025-03-16,22,M05,P05,L05,171,94,12,0
2025-03-16,22,M06,P03,L04,146,111,3,0
2025-03-16,22,M07,P02,L05,117,91,22,1
2025-03-16,22,M08,P03,L04,149,110,15,5
2025-03-16,22,M09,P01,L05,142,150,17,1
2025-03-16,22,M10,P03,L04,108,176,27,7
2025-03-16,23,M01,P03,L02,188,84,8,9
2025-03-16,23,M02,P05,L01,165,152,14,7
2025-03-16,23,M03,P01,L03,184,193,24,4
2025-03-16,23,M04,P01,L01,146,119,13,7
2025-03-16,23,M05,P05,L04,132,109,23,9
2025-03-16,23,M06,P04,L03,177,155,11,2
2025-03-16,23,M07,P02,L05,190,89,9,3
2025-03-16,23,M08,P02,L01,133,161,25,1
2025-03-16,23,M09,P05,L01,104,105,19,8
2025-03-16,23,M10,P02,L01,191,166,20,5
2025-03-16,24,M01,P02,L03,109,121,3,2
2025-03-16,24,M02,P02,L04,174,160,0,5
2025-03-16,24,M03,P02,L03,135,191,1,2
2025-03-16,24,M04,P02,L02,164,148,11,9
2025-03-16,24,M05,P05,L01,164,97,19,4
2025-03-16,24,M06,P03,L02,195,105,0,9
2025-03-16,24,M07,P03,L03,181,158,26,8
2025-03-16,24,M08,P03,L03,138,150,11,0
2025-03-16,24,M09,P02,L03,182,164,28,5
2025-03-16,24,M10,P05,L01,130,148,2,0
2025-03-17,1,M01,P03,L04,103,89,29,6
2025-03-17,1,M02,P03,L05,108,140,25,5
2025-03-17,1,M03,P05,L05,111,174,25,0
2025-03-17,1,M04,P05,L05,153,126,8,0
2025-03-17,1,M05,P03,L03,114,108,10,8
2025-03-17,1,M06,P02,L03,181,168,20,7
2025-03-17,1,M07,P03,L02,155,171,20,2
2025-03-17,1,M08,P03,L05,122,152,16,7
2025-03-17,1,M09,P01,L01,182,178,27,2
2025-03-17,1,M10,P04,L01,103,126,14,2
2025-03-17,2,M01,P04,L05,132,127,29,4
2025-03-17,2,M02,P01,L02,134,126,23,1
2025-03-17,2,M03,P01,L01,154,90,0,5
2025-03-17,2,M04,P02,L05,119,97,13,3
2025-03-17,2,M05,P02,L01,126,97,16,8
2025-03-17,2,M06,P04,L05,196,94,6,5
2025-03-17,2,M07,P05,L05,128,177,4,2
2025-03-17,2,M08,P01,L05,166,123,29,2
2025-03-17,2,M09,P04,L01,148,118,8,1
2025-03-17,2,M10,P01,L02,152,134,13,0
2025-03-17,3,M01,P01,L03,164,143,19,1
2025-03-17,3,M02,P05,L04,156,121,1,6
2025-03-17,3,M03,P01,L02,140,157,10,3
2025-03-17,3,M04,P01,L04,114,188,5,1
2025-03-17,3,M05,P01,L01,108,121,1,5
2025-03-17,3,M06,P03,L01,177,178,15,2
2025-03-17,3,M07,P02,L01,131,179,23,7
2025-03-17,3,M08,P02,L05,131,126,5,7
2025-03-17,3,M09,P04,L02,135,123,24,9
2025-03-17,3,M10,P01,L01,146,151,16,9
2025-03-17,4,M01,P03,L05,149,123,2,4
2025-03-17,4,M02,P04,L01,192,138,0,4
2025-03-17,4,M03,P05,L04,136,110,24,1
2025-03-17,4,M04,P01,L05,107,173,29,8
2025-03-17,4,M05,P03,L03,112,100,8,7
2025-03-17,4,M06,P01,L01,171,82,13,0
2025-03-17,4,M07,P01,L02,103,117,24,4
2025-03-17,4,M08,P01,L05,138,104,5,8
2025-03-17,4,M09,P03,L03,192,134,17,5
2025-03-17,4,M10,P01,L02,141,171,18,6
2025-03-17,5,M01,P02,L05,165,164,1,2
2025-03-17,5,M02,P04,L02,193,105,15,9
2025-03-17,5,M03,P02,L04,108,132,16,5
2025-03-17,5,M04,P05,L01,138,140,19,3
2025-03-17,5,M05,P01,L04,177,121,18,9
2025-03-17,5,M06,P03,L03,150,82,12,7
2025-03-17,5,M07,P05,L01,123,99,9,6
2025-03-17,5,M08,P02,L04,196,134,2,4
2025-03-17,5,M09,P01,L03,140,145,17,5
2025-03-17,5,M10,P04,L01,102,164,23,0
2025-03-17,6,M01,P01,L05,171,81,22,8
2025-03-17,6,M02,P03,L05,115,88,16,6
2025-03-17,6,M03,P01,L04,154,198,29,9
2025-03-17,6,M04,P04,L04,125,127,6,9
2025-03-17,6,M05,P05,L02,153,111,11,2
2025-03-17,6,M06,P05,L03,126,195,23,1
2025-03-17,6,M07,P05,L04,172,124,14,4
2025-03-17,6,M08,P04,L04,163,108,23,6
2025-03-17,6,M09,P04,L04,121,189,22,9
2025-03-17,6,M10,P03,L05,127,134,7,8
2025-03-17,7,M01,P02,L05,127,156,14,4
2025-03-17,7,M02,P05,L03,177,146,9,4
2025-03-17,7,M03,P03,L04,147,122,19,0
2025-03-17,7,M04,P03,L04,167,90,29,8
2025-03-17,7,M05,P02,L05,128,117,19,7
2025-03-17,7,M06,P04,L01,162,117,15,1
2025-03-17,7,M07,P02,L01,145,104,13,2
2025-03-17,7,M08,P05,L05,121,164,21,8
2025-03-17,7,M09,P01,L01,195,115,14,3
2025-03-17,7,M10,P02,L05,103,103,8,1
2025-03-17,8,M01,P01,L04,165,194,5,8
2025-03-17,8,M02,P05,L02,182,190,17,1
2025-03-17,8,M03,P01,L02,163,167,15,6
2025-03-17,8,M04,P03,L05,128,190,7,4
2025-03-17,8,M05,P04,L02,142,192,28,8
2025-03-17,8,M06,P05,L01,140,192,0,1
2025-03-17,8,M07,P03,L03,153,153,9,0
2025-03-17,8,M08,P05,L03,112,152,7,8
2025-03-17,8,M09,P01,L03,157,156,13,8
2025-03-17,8,M10,P05,L03,100,108,13,9
2025-03-17,9,M01,P03,L02,159,93,1,6
2025-03-17,9,M02,P04,L02,138,192,9,7
2025-03-17,9,M03,P01,L02,151,94,11,0
2025-03-17,9,M04,P01,L02,158,93,8,5
2025-03-17,9,M05,P04,L05,109,185,10,1
2025-03-17,9,M06,P03,L03,175,178,11,5
2025-03-17,9,M07,P01,L03,122,91,28,8
2025-03-17,9,M08,P05,L03,167,180,28,2
2025-03-17,9,M09,P05,L01,162,102,22,0
2025-03-17,9,M10,P04,L05,176,82,13,5
2025-03-17,10,M01,P05,L01,135,89,23,8
2025-03-17,10,M02,P01,L03,119,173,2,2
2025-03-17,10,M03,P02,L02,166,198,1,2
2025-03-17,10,M04,P03,L04,138,169,3,9
2025-03-17,10,M05,P02,L03,101,91,26,2
2025-03-17,10,M06,P03,L04,131,143,12,5
2025-03-17,10,M07,P01,L02,182,82,8,0
2025-03-17,10,M08,P05,L01,196,175,5,0
2025-03-17,10,M09,P05,L01,158,172,29,4
2025-03-17,10,M10,P02,L01,182,174,18,6
2025-03-17,11,M01,P03,L02,113,144,16,0
2025-03-17,11,M02,P04,L01,100,163,21,2
2025-03-17,11,M03,P04,L03,136,137,12,1
2025-03-17,11,M04,P01,L04,157,139,8,2
2025-03-17,11,M05,P02,L04,110,131,19,5
2025-03-17,11,M06,P02,L01,169,96,22,9
2025-03-17,11,M07,P01,L03,185,95,12,8
2025-03-17,11,M08,P01,L04,173,183,2,4
2025-03-17,11,M09,P03,L05,126,90,5,8
2025-03-17,11,M10,P04,L03,162,146,8,7
2025-03-17,12,M01,P05,L05,163,158,8,6
2025-03-17,12,M02,P02,L03,144,140,17,4
2025-03-17,12,M03,P04,L03,179,121,8,9
2025-03-17,12,M04,P02,L02,156,117,12,2
2025-03-17,12,M05,P05,L02,164,120,29,5
2025-03-17,12,M06,P05,L04,187,93,16,7
2025-03-17,12,M07,P04,L01,126,164,7,2
2025-03-17,12,M08,P03,L02,196,128,10,9
2025-03-17,12,M09,P05,L02,140,111,20,8
2025-03-17,12,M10,P03,L05,127,174,17,5
2025-03-17,13,M01,P05,L03,147,162,13,9
2025-03-17,13,M02,P05,L01,127,107,13,8
2025-03-17,13,M03,P03,L02,161,147,2,1
2025-03-17,13,M04,P01,L05,133,123,11,8
2025-03-17,13,M05,P02,L05,135,149,19,4
2025-03-17,13,M06,P04,L04,193,82,19,7
2025-03-17,13,M07,P01,L05,101,153,4,9
2025-03-17,13,M08,P04,L03,123,111,23,1
2025-03-17,13,M09,P01,L03,144,141,6,0
2025-03-17,13,M10,P03,L01,122,111,1,1
2025-03-17,14,M01,P05,L04,133,86,9,8
2025-03-17,14,M02,P01,L02,129,160,28,1
2025-03-17,14,M03,P03,L04,116,135,14,5
2025-03-17,14,M04,P01,L03,183,95,24,4
2025-03-17,14,M05,P02,L01,136,144,0,2
2025-03-17,14,M06,P05,L01,126,83,18,2
2025-03-17,14,M07,P04,L01,154,103,13,5
2025-03-17,14,M08,P02,L05,179,178,23,9
2025-03-17,14,M09,P05,L01,144,169,25,1
2025-03-17,14,M10,P03,L04,152,152,6,2
2025-03-17,15,M01,P01,L02,131,161,20,4
2025-03-17,15,M02,P04,L05,140,176,20,2
2025-03-17,15,M03,P05,L02,174,101,16,1
2025-03-17,15,M04,P01,L01,191,129,19,9
2025-03-17,15,M05,P01,L03,119,127,13,7
2025-03-17,15,M06,P02,L04,113,141,18,5
2025-03-17,15,M07,P01,L02,120,182,27,5
2025-03-17,15,M08,P04,L04,108,187,2,1
2025-03-17,15,M09,P02,L01,103,191,19,9
2025-03-17,15,M10,P03,L05,142,176,27,7
2025-03-17,16,M01,P04,L03,181,150,28,0
2025-03-17,16,M02,P02,L03,174,196,22,2
2025-03-17,16,M03,P04,L05,109,173,17,8
2025-03-17,16,M04,P04,L02,138,174,27,9
2025-03-17,16,M05,P04,L04,142,99,7,1
2025-03-17,16,M06,P02,L02,126,113,22,3
2025-03-17,16,M07,P03,L05,171,148,7,0
2025-03-17,16,M08,P04,L05,142,153,1,4
2025-03-17,16,M09,P05,L05,127,109,17,9
2025-03-17,16,M10,P02,L02,182,100,25,8
2025-03-17,17,M01,P01,L03,156,99,25,5
2025-03-17,17,M02,P01,L02,181,99,6,1
2025-03-17,17,M03,P01,L02,154,98,1,0
2025-03-17,17,M04,P03,L03,184,138,21,4
2025-03-17,17,M05,P05,L01,150,103,4,7
2025-03-17,17,M06,P02,L01,146,99,15,9
2025-03-17,17,M07,P02,L01,111,120,25,7
2025-03-17,17,M08,P02,L05,160,106,5,4
2025-03-17,17,M09,P03,L05,113,186,5,5
2025-03-17,17,M10,P01,L05,156,109,12,9
2025-03-17,18,M01,P04,L01,182,173,19,3
2025-03-17,18,M02,P04,L04,189,157,5,0
2025-03-17,18,M03,P04,L04,112,114,28,8
2025-03-17,18,M04,P03,L02,137,172,12,5
2025-03-17,18,M05,P02,L02,174,171,22,7
2025-03-17,18,M06,P05,L02,138,100,3,3
2025-03-17,18,M07,P04,L02,112,81,14,6
2025-03-17,18,M08,P02,L01,193,98,7,4
2025-03-17,18,M09,P02,L02,173,115,11,7
2025-03-17,18,M10,P01,L02,122,152,6,8
2025-03-17,19,M01,P05,L04,197,132,19,9
2025-03-17,19,M02,P05,L02,188,184,29,2
2025-03-17,19,M03,P05,L03,130,109,1,3
2025-03-17,19,M04,P03,L03,127,85,16,4
2025-03-17,19,M05,P03,L03,135,80,15,3
2025-03-17,19,M06,P04,L03,184,167,14,2
2025-03-17,19,M07,P03,L03,107,194,1,1
2025-03-17,19,M08,P02,L04,166,111,10,9
2025-03-17,19,M09,P01,L02,110,197,13,8
2025-03-17,19,M10,P01,L01,153,178,1,7
2025-03-17,20,M01,P03,L02,160,94,4,2
2025-03-17,20,M02,P05,L03,130,150,6,6
2025-03-17,20,M03,P04,L03,199,122,13,7
2025-03-17,20,M04,P01,L01,154,199,17,5
2025-03-17,20,M05,P05,L04,151,163,9,5
2025-03-17,20,M06,P01,L04,144,176,3,2
2025-03-17,20,M07,P05,L05,141,172,4,0
2025-03-17,20,M08,P05,L04,137,90,19,9
2025-03-17,20,M09,P02,L02,190,187,8,8
2025-03-17,20,M10,P02,L01,138,139,1,6
2025-03-17,21,M01,P05,L01,186,162,22,5
2025-03-17,21,M02,P01,L03,133,105,3,4
2025-03-17,21,M03,P04,L03,192,163,1,7
2025-03-17,21,M04,P01,L05,145,190,3,9
2025-03-17,21,M05,P01,L02,136,133,24,8
2025-03-17,21,M06,P01,L03,151,192,14,7
2025-03-17,21,M07,P02,L02,163,99,2,8
2025-03-17,21,M08,P02,L05,187,184,24,0
2025-03-17,21,M09,P01,L05,134,135,15,4
2025-03-17,21,M10,P03,L02,171,158,19,8
2025-03-17,22,M01,P02,L04,167,142,25,9
2025-03-17,22,M02,P05,L05,131,175,21,5
2025-03-17,22,M03,P03,L04,187,186,12,8
2025-03-17,22,M04,P03,L01,186,171,18,4
2025-03-17,22,M05,P05,L04,102,194,12,9
2025-03-17,22,M06,P03,L05,112,103,4,0
2025-03-17,22,M07,P04,L02,148,97,0,9
2025-03-17,22,M08,P05,L02,195,153,2,6
2025-03-17,22,M09,P04,L01,167,102,29,1
2025-03-17,22,M10,P01,L04,186,130,18,3
2025-03-17,23,M01,P05,L04,176,107,23,5
2025-03-17,23,M02,P04,L03,148,183,20,2
2025-03-17,23,M03,P02,L05,157,141,5,3
2025-03-17,23,M04,P01,L05,114,141,5,2
2025-03-17,23,M05,P05,L04,187,150,8,6
2025-03-17,23,M06,P01,L01,119,107,16,5
2025-03-17,23,M07,P02,L02,172,191,27,3
2025-03-17,23,M08,P04,L03,194,164,21,8
2025-03-17,23,M09,P04,L05,119,175,15,4
2025-03-17,23,M10,P01,L04,185,185,5,4
2025-03-17,24,M01,P01,L04,143,94,11,7
2025-03-17,24,M02,P03,L04,118,190,24,9
2025-03-17,24,M03,P01,L03,163,187,11,1
2025-03-17,24,M04,P03,L05,182,102,23,3
2025-03-17,24,M05,P02,L01,160,172,14,5
2025-03-17,24,M06,P01,L01,175,112,22,6
2025-03-17,24,M07,P05,L01,136,101,28,3
2025-03-17,24,M08,P04,L02,104,170,2,1
2025-03-17,24,M09,P05,L05,111,111,25,3
2025-03-17,24,M10,P01,L05,190,148,24,2
2025-03-18,1,M01,P02,L01,139,80,13,8
2025-03-18,1,M02,P01,L02,148,93,13,7
2025-03-18,1,M03,P02,L01,118,193,16,1
2025-03-18,1,M04,P01,L02,164,149,5,5
2025-03-18,1,M05,P01,L05,172,90,20,7
2025-03-18,1,M06,P05,L02,106,114,11,6
2025-03-18,1,M07,P05,L03,109,177,23,8
2025-03-18,1,M08,P01,L05,188,194,6,5
2025-03-18,1,M09,P04,L03,122,152,3,5
2025-03-18,1,M10,P04,L03,198,150,24,4
2025-03-18,2,M01,P05,L03,160,197,23,3
2025-03-18,2,M02,P02,L05,135,171,4,2
2025-03-18,2,M03,P05,L04,177,187,12,4
2025-03-18,2,M04,P03,L01,130,157,24,8
2025-03-18,2,M05,P01,L01,145,168,29,3
2025-03-18,2,M06,P05,L01,129,90,17,9
2025-03-18,2,M07,P01,L04,168,126,14,1
2025-03-18,2,M08,P02,L01,164,130,14,7
2025-03-18,2,M09,P05,L04,132,185,18,6
2025-03-18,2,M10,P05,L05,155,160,6,8
2025-03-18,3,M01,P03,L01,151,115,23,6
2025-03-18,3,M02,P05,L05,198,184,8,9
2025-03-18,3,M03,P02,L02,128,139,2,8
2025-03-18,3,M04,P04,L02,197,94,6,6
2025-03-18,3,M05,P04,L04,151,167,5,5
2025-03-18,3,M06,P05,L02,189,82,13,1
2025-03-18,3,M07,P01,L04,116,111,11,4
2025-03-18,3,M08,P02,L05,125,118,16,3
2025-03-18,3,M09,P02,L04,118,141,17,5
2025-03-18,3,M10,P05,L02,153,161,18,7
2025-03-18,4,M01,P01,L01,165,119,23,7
2025-03-18,4,M02,P02,L04,160,106,1,6
2025-03-18,4,M03,P02,L01,161,111,2,6
2025-03-18,4,M04,P04,L03,107,99,19,9
2025-03-18,4,M05,P05,L01,132,134,10,8
2025-03-18,4,M06,P04,L02,170,95,26,7
2025-03-18,4,M07,P01,L05,139,137,18,4
2025-03-18,4,M08,P05,L03,158,193,17,2
2025-03-18,4,M09,P02,L04,197,92,6,8
2025-03-18,4,M10,P02,L01,139,141,7,7
2025-03-18,5,M01,P03,L02,151,125,21,1
2025-03-18,5,M02,P01,L05,185,139,28,7
2025-03-18,5,M03,P04,L02,124,129,22,8
2025-03-18,5,M04,P04,L02,169,177,20,7
2025-03-18,5,M05,P05,L03,182,162,16,1
2025-03-18,5,M06,P03,L04,143,124,10,0
2025-03-18,5,M07,P05,L04,179,136,23,5
2025-03-18,5,M08,P05,L02,188,103,19,6
2025-03-18,5,M09,P05,L01,197,113,7,7
2025-03-18,5,M10,P04,L05,149,191,10,9
2025-03-18,6,M01,P04,L04,107,107,19,8
2025-03-18,6,M02,P05,L02,174,105,22,2
2025-03-18,6,M03,P02,L02,118,182,7,3
2025-03-18,6,M04,P03,L03,170,98,23,3
2025-03-18,6,M05,P05,L02,187,87,12,9
2025-03-18,6,M06,P02,L03,122,136,9,0
2025-03-18,6,M07,P05,L05,160,114,8,7
2025-03-18,6,M08,P01,L01,163,194,13,6
2025-03-18,6,M09,P02,L05,174,119,22,0
2025-03-18,6,M10,P01,L01,139,107,0,7
2025-03-18,7,M01,P02,L05,170,97,15,3
2025-03-18,7,M02,P03,L05,179,123,13,3
2025-03-18,7,M03,P02,L05,139,140,24,2
2025-03-18,7,M04,P03,L04,192,89,10,3
2025-03-18,7,M05,P03,L01,176,159,10,4
2025-03-18,7,M06,P03,L03,165,132,5,9
2025-03-18,7,M07,P02,L05,148,111,28,9
2025-03-18,7,M08,P01,L01,116,177,16,6
2025-03-18,7,M09,P05,L04,183,83,4,8
2025-03-18,7,M10,P04,L03,177,94,4,9
2025-03-18,8,M01,P01,L02,167,194,25,5
2025-03-18,8,M02,P05,L01,168,80,21,2
2025-03-18,8,M03,P03,L03,170,80,9,9
2025-03-18,8,M04,P05,L04,193,175,20,3
2025-03-18,8,M05,P01,L03,176,178,7,1
2025-03-18,8,M06,P04,L03,188,119,29,7
2025-03-18,8,M07,P02,L04,107,198,17,6
2025-03-18,8,M08,P05,L01,101,187,1,7
2025-03-18,8,M09,P02,L02,101,138,20,3
2025-03-18,8,M10,P01,L05,145,151,3,8
2025-03-18,9,M01,P02,L02,185,188,10,1
2025-03-18,9,M02,P03,L02,174,92,25,0
2025-03-18,9,M03,P01,L01,186,83,24,5
2025-03-18,9,M04,P03,L02,164,165,29,9
2025-03-18,9,M05,P05,L01,135,125,9,0
2025-03-18,9,M06,P04,L05,166,89,0,9
2025-03-18,9,M07,P02,L03,194,134,16,6
2025-03-18,9,M08,P01,L04,154,153,9,4
2025-03-18,9,M09,P03,L02,180,161,24,1
2025-03-18,9,M10,P03,L05,188,195,25,6
2025-03-18,10,M01,P05,L01,196,138,21,1
2025-03-18,10,M02,P04,L01,107,193,25,4
2025-03-18,10,M03,P01,L02,150,112,29,1
2025-03-18,10,M04,P04,L04,121,111,16,8
2025-03-18,10,M05,P01,L01,162,108,16,7
2025-03-18,10,M06,P02,L05,148,182,15,0
2025-03-18,10,M07,P02,L04,189,88,9,2
2025-03-18,10,M08,P02,L04,174,158,24,3
2025-03-18,10,M09,P04,L04,120,187,26,6
2025-03-18,10,M10,P03,L05,158,163,16,5
2025-03-18,11,M01,P04,L04,119,148,20,1
2025-03-18,11,M02,P01,L02,198,109,0,4
2025-03-18,11,M03,P01,L04,180,156,23,3
2025-03-18,11,M04,P03,L04,176,141,28,8
2025-03-18,11,M05,P02,L02,136,186,5,1
2025-03-18,11,M06,P03,L03,122,126,29,6
2025-03-18,11,M07,P04,L03,161,139,13,9
2025-03-18,11,M08,P05,L04,171,168,23,7
2025-03-18,11,M09,P05,L04,192,175,10,4
2025-03-18,11,M10,P05,L03,117,169,17,1
2025-03-18,12,M01,P05,L02,183,171,3,7
2025-03-18,12,M02,P02,L02,195,132,22,6
2025-03-18,12,M03,P02,L03,179,88,0,8
2025-03-18,12,M04,P03,L05,165,188,27,3
2025-03-18,12,M05,P02,L02,172,98,8,6
2025-03-18,12,M06,P05,L03,192,110,7,2
2025-03-18,12,M07,P03,L05,138,199,13,5
2025-03-18,12,M08,P04,L05,179,118,25,4
2025-03-18,12,M09,P04,L05,179,128,7,4
2025-03-18,12,M10,P04,L04,150,187,3,6
2025-03-18,13,M01,P03,L05,124,178,23,7
2025-03-18,13,M02,P03,L03,195,156,13,1
2025-03-18,13,M03,P05,L05,187,125,16,8
2025-03-18,13,M04,P03,L02,107,129,22,7
2025-03-18,13,M05,P05,L02,142,114,26,8
2025-03-18,13,M06,P04,L04,192,125,12,7
2025-03-18,13,M07,P05,L03,169,95,13,0
2025-03-18,13,M08,P04,L05,139,85,26,4
2025-03-18,13,M09,P05,L01,147,130,11,0
2025-03-18,13,M10,P04,L01,184,81,22,3
2025-03-18,14,M01,P01,L05,113,123,1,4
2025-03-18,14,M02,P04,L05,198,106,16,5
2025-03-18,14,M03,P01,L05,112,117,16,5
2025-03-18,14,M04,P01,L04,100,162,21,2
2025-03-18,14,M05,P03,L05,119,123,8,6
2025-03-18,14,M06,P01,L04,104,191,19,1
2025-03-18,14,M07,P04,L01,189,135,21,0
2025-03-18,14,M08,P01,L04,166,101,17,7
2025-03-18,14,M09,P05,L05,130,80,8,1
2025-03-18,14,M10,P05,L01,100,121,7,2
2025-03-18,15,M01,P03,L05,106,102,22,6
2025-03-18,15,M02,P01,L03,198,183,12,1
2025-03-18,15,M03,P01,L04,107,179,22,2
2025-03-18,15,M04,P05,L01,175,145,5,4
2025-03-18,15,M05,P04,L05,149,143,8,4
2025-03-18,15,M06,P05,L01,170,82,22,5
2025-03-18,15,M07,P01,L05,133,91,1,0
2025-03-18,15,M08,P02,L03,198,107,6,2
2025-03-18,15,M09,P03,L04,176,199,2,1
2025-03-18,15,M10,P02,L02,103,180,11,4
2025-03-18,16,M01,P01,L03,194,105,1,4
2025-03-18,16,M02,P05,L02,196,128,23,0
2025-03-18,16,M03,P05,L03,134,169,19,8
2025-03-18,16,M04,P05,L04,158,155,14,4
2025-03-18,16,M05,P02,L04,147,184,16,5
2025-03-18,16,M06,P05,L05,102,100,12,0
2025-03-18,16,M07,P02,L02,102,105,1,0
2025-03-18,16,M08,P02,L02,197,117,13,3
2025-03-18,16,M09,P04,L02,132,124,15,1
2025-03-18,16,M10,P03,L05,111,159,8,4
2025-03-18,17,M01,P04,L04,125,142,18,9
2025-03-18,17,M02,P03,L01,143,140,0,9
2025-03-18,17,M03,P01,L02,140,103,10,0
2025-03-18,17,M04,P04,L01,108,145,25,8
2025-03-18,17,M05,P01,L03,117,197,7,1
2025-03-18,17,M06,P02,L01,180,154,13,5
2025-03-18,17,M07,P04,L05,143,121,2,2
2025-03-18,17,M08,P01,L04,146,115,5,1
2025-03-18,17,M09,P01,L04,131,93,25,8
2025-03-18,17,M10,P02,L05,188,91,12,0
2025-03-18,18,M01,P05,L04,123,122,26,4
2025-03-18,18,M02,P01,L01,130,193,8,0
2025-03-18,18,M03,P03,L03,116,159,19,7
2025-03-18,18,M04,P03,L01,180,156,18,0
2025-03-18,18,M05,P04,L03,179,110,20,0
2025-03-18,18,M06,P01,L05,128,158,9,0
2025-03-18,18,M07,P03,L03,176,114,21,4
2025-03-18,18,M08,P02,L03,170,128,23,4
2025-03-18,18,M09,P01,L02,102,132,9,7
2025-03-18,18,M10,P04,L01,121,140,29,2
2025-03-18,19,M01,P03,L04,103,118,24,8
2025-03-18,19,M02,P05,L05,188,195,6,2
2025-03-18,19,M03,P01,L01,157,180,3,9
2025-03-18,19,M04,P01,L02,120,192,1,9
2025-03-18,19,M05,P01,L03,130,83,2,4
2025-03-18,19,M06,P01,L01,112,144,12,6
2025-03-18,19,M07,P01,L04,188,195,20,0
2025-03-18,19,M08,P05,L02,160,174,7,1
2025-03-18,19,M09,P01,L04,193,120,24,8
2025-03-18,19,M10,P01,L02,151,159,23,7
2025-03-18,20,M01,P02,L02,119,136,29,5
2025-03-18,20,M02,P03,L03,149,113,8,6
2025-03-18,20,M03,P03,L05,166,167,26,1
2025-03-18,20,M04,P03,L03,120,91,14,0
2025-03-18,20,M05,P01,L02,167,96,25,6
2025-03-18,20,M06,P01,L05,163,171,9,3
2025-03-18,20,M07,P02,L01,150,113,13,8
2025-03-18,20,M08,P05,L02,194,190,5,7
2025-03-18,20,M09,P04,L01,155,160,25,0
2025-03-18,20,M10,P01,L04,112,148,19,4
2025-03-18,21,M01,P04,L03,187,163,7,9
2025-03-18,21,M02,P04,L05,122,146,4,4
2025-03-18,21,M03,P02,L05,157,182,23,6
2025-03-18,21,M04,P01,L01,167,173,15,0
2025-03-18,21,M05,P03,L02,165,124,7,7
2025-03-18,21,M06,P01,L01,173,167,19,9
2025-03-18,21,M07,P04,L01,148,185,10,8
2025-03-18,21,M08,P03,L02,193,180,4,4
2025-03-18,21,M09,P04,L03,160,194,10,0
2025-03-18,21,M10,P02,L04,133,135,0,5
2025-03-18,22,M01,P02,L01,171,95,15,3
2025-03-18,22,M02,P02,L03,183,93,25,9
2025-03-18,22,M03,P03,L02,160,145,17,9
2025-03-18,22,M04,P01,L01,118,189,16,2
2025-03-18,22,M05,P04,L01,156,164,3,7
2025-03-18,22,M06,P01,L04,145,152,17,7
2025-03-18,22,M07,P04,L02,197,105,5,4
2025-03-18,22,M08,P02,L02,163,156,8,2
2025-03-18,22,M09,P05,L01,112,99,25,2
2025-03-18,22,M10,P03,L03,179,88,12,2
2025-03-18,23,M01,P02,L03,138,96,29,9
2025-03-18,23,M02,P02,L02,166,99,0,4
2025-03-18,23,M03,P02,L01,167,184,0,9
2025-03-18,23,M04,P01,L02,169,160,15,2
2025-03-18,23,M05,P02,L04,160,127,20,6
2025-03-18,23,M06,P04,L02,185,86,6,4
2025-03-18,23,M07,P02,L03,161,193,3,1
2025-03-18,23,M08,P05,L01,124,107,16,1
2025-03-18,23,M09,P03,L03,152,163,6,0
2025-03-18,23,M10,P01,L03,100,199,8,2
2025-03-18,24,M01,P01,L01,113,146,29,8
2025-03-18,24,M02,P03,L04,164,148,22,5
2025-03-18,24,M03,P02,L04,171,140,14,9
2025-03-18,24,M04,P01,L02,151,182,21,0
2025-03-18,24,M05,P02,L05,104,87,5,9
2025-03-18,24,M06,P04,L01,155,80,13,3
2025-03-18,24,M07,P04,L02,141,126,21,6
2025-03-18,24,M08,P03,L05,166,108,3,9
2025-03-18,24,M09,P01,L05,142,171,20,5
2025-03-18,24,M10,P03,L03,123,116,0,4
2025-03-19,1,M01,P05,L01,155,113,17,5
2025-03-19,1,M02,P03,L01,168,141,21,2
2025-03-19,1,M03,P04,L05,103,117,29,3
2025-03-19,1,M04,P05,L01,148,110,16,9
2025-03-19,1,M05,P03,L02,180,139,23,7
2025-03-19,1,M06,P02,L04,140,118,28,5
2025-03-19,1,M07,P02,L02,119,93,5,4
2025-03-19,1,M08,P04,L05,111,171,23,7
2025-03-19,1,M09,P05,L05,138,127,17,2
2025-03-19,1,M10,P01,L02,186,109,21,6
2025-03-19,2,M01,P02,L05,160,114,13,4
2025-03-19,2,M02,P03,L02,193,150,1,5
2025-03-19,2,M03,P05,L02,118,124,23,5
2025-03-19,2,M04,P01,L03,116,90,12,2
2025-03-19,2,M05,P01,L02,155,105,4,7
2025-03-19,2,M06,P02,L04,170,155,24,6
2025-03-19,2,M07,P04,L04,116,159,17,1
2025-03-19,2,M08,P02,L01,160,118,13,3
2025-03-19,2,M09,P04,L02,123,197,7,1
2025-03-19,2,M10,P01,L04,162,184,8,8
2025-03-19,3,M01,P01,L04,110,164,12,0
2025-03-19,3,M02,P03,L01,198,140,20,4
2025-03-19,3,M03,P04,L05,196,179,25,7
2025-03-19,3,M04,P05,L05,106,80,4,9
2025-03-19,3,M05,P03,L04,107,196,27,0
2025-03-19,3,M06,P02,L02,108,152,12,1
2025-03-19,3,M07,P03,L01,197,95,24,8
2025-03-19,3,M08,P05,L02,131,122,23,8
2025-03-19,3,M09,P01,L02,137,102,24,9
2025-03-19,3,M10,P02,L04,197,92,0,8
2025-03-19,4,M01,P04,L02,135,142,19,5
2025-03-19,4,M02,P04,L05,113,139,27,5
2025-03-19,4,M03,P01,L01,130,198,0,0
2025-03-19,4,M04,P02,L05,185,152,3,1
2025-03-19,4,M05,P03,L01,190,124,2,5
2025-03-19,4,M06,P05,L05,181,158,25,6
2025-03-19,4,M07,P02,L03,194,104,28,8
2025-03-19,4,M08,P04,L02,173,140,3,4
2025-03-19,4,M09,P02,L03,139,189,22,5
2025-03-19,4,M10,P04,L02,155,91,4,2
2025-03-19,5,M01,P02,L04,137,140,5,0
2025-03-19,5,M02,P04,L02,145,159,4,7
2025-03-19,5,M03,P03,L01,125,156,2,0
2025-03-19,5,M04,P02,L01,173,143,22,9
2025-03-19,5,M05,P05,L02,113,116,12,7
2025-03-19,5,M06,P04,L01,173,112,4,3
2025-03-19,5,M07,P01,L04,182,167,28,5
2025-03-19,5,M08,P05,L03,166,160,15,7
2025-03-19,5,M09,P04,L02,134,187,7,9
2025-03-19,5,M10,P02,L05,179,188,13,7
2025-03-19,6,M01,P04,L05,197,195,7,5
2025-03-19,6,M02,P03,L05,168,138,15,5
2025-03-19,6,M03,P05,L03,166,158,1,1
2025-03-19,6,M04,P02,L02,131,147,1,3
2025-03-19,6,M05,P03,L01,162,123,4,1
2025-03-19,6,M06,P02,L05,161,180,6,2
2025-03-19,6,M07,P01,L03,147,183,12,8
2025-03-19,6,M08,P03,L05,100,161,23,6
2025-03-19,6,M09,P04,L03,126,146,19,4
2025-03-19,6,M10,P05,L04,156,80,0,9
2025-03-19,7,M01,P04,L03,132,129,4,3
2025-03-19,7,M02,P03,L03,117,109,16,0
2025-03-19,7,M03,P01,L01,165,145,23,4
2025-03-19,7,M04,P03,L04,131,93,25,5
2025-03-19,7,M05,P05,L03,145,169,23,0
2025-03-19,7,M06,P03,L04,174,86,12,2
2025-03-19,7,M07,P02,L01,111,110,27,0
2025-03-19,7,M08,P01,L03,151,120,11,2
2025-03-19,7,M09,P01,L04,184,91,12,4
2025-03-19,7,M10,P01,L05,156,194,19,5
2025-03-19,8,M01,P05,L02,179,163,4,5
2025-03-19,8,M02,P01,L03,153,141,9,6
2025-03-19,8,M03,P03,L01,171,130,4,0
2025-03-19,8,M04,P02,L01,191,166,18,5
2025-03-19,8,M05,P01,L02,112,159,26,2
2025-03-19,8,M06,P01,L04,178,118,18,4
2025-03-19,8,M07,P05,L05,156,126,14,0
2025-03-19,8,M08,P04,L03,130,99,14,7
2025-03-19,8,M09,P02,L04,177,178,29,8
2025-03-19,8,M10,P02,L04,160,81,22,1
2025-03-19,9,M01,P02,L01,110,180,23,3
2025-03-19,9,M02,P04,L01,156,167,24,6
2025-03-19,9,M03,P03,L01,133,102,13,9
2025-03-19,9,M04,P04,L03,196,154,19,1
2025-03-19,9,M05,P01,L05,116,101,1,0
2025-03-19,9,M06,P02,L01,129,165,21,2
2025-03-19,9,M07,P05,L04,173,193,27,5
2025-03-19,9,M08,P05,L02,164,116,21,1
2025-03-19,9,M09,P04,L03,164,174,11,0
2025-03-19,9,M10,P03,L04,180,193,15,0
2025-03-19,10,M01,P05,L03,122,106,4,7
2025-03-19,10,M02,P02,L04,187,174,24,2
2025-03-19,10,M03,P05,L02,170,191,22,2
2025-03-19,10,M04,P02,L05,141,145,18,7
2025-03-19,10,M05,P04,L05,139,160,24,4
2025-03-19,10,M06,P02,L05,126,164,15,5
2025-03-19,10,M07,P01,L05,135,198,23,4
2025-03-19,10,M08,P04,L02,181,162,18,5
2025-03-19,10,M09,P02,L04,169,189,16,9
2025-03-19,10,M10,P04,L04,131,113,12,4
2025-03-19,11,M01,P01,L01,108,155,20,9
2025-03-19,11,M02,P02,L03,145,84,4,0
2025-03-19,11,M03,P02,L01,197,94,29,4
2025-03-19,11,M04,P01,L03,154,134,4,9
2025-03-19,11,M05,P02,L02,194,135,18,4
2025-03-19,11,M06,P03,L05,112,125,15,0
2025-03-19,11,M07,P05,L05,171,113,20,3
2025-03-19,11,M08,P02,L03,187,154,3,9
2025-03-19,11,M09,P04,L02,199,104,6,9
2025-03-19,11,M10,P05,L03,167,192,19,6
2025-03-19,12,M01,P05,L03,192,187,28,5
2025-03-19,12,M02,P03,L05,170,176,21,8
2025-03-19,12,M03,P03,L02,127,164,22,2
2025-03-19,12,M04,P04,L04,142,85,18,2
2025-03-19,12,M05,P05,L02,110,129,16,1
2025-03-19,12,M06,P01,L05,150,90,18,0
2025-03-19,12,M07,P02,L02,175,105,9,7
2025-03-19,12,M08,P02,L02,117,80,15,4
2025-03-19,12,M09,P04,L05,165,198,18,2
2025-03-19,12,M10,P03,L04,117,169,24,7
2025-03-19,13,M01,P05,L02,125,153,10,3
2025-03-19,13,M02,P05,L02,111,153,11,4
2025-03-19,13,M03,P03,L03,196,175,4,6
2025-03-19,13,M04,P02,L02,100,92,27,3
2025-03-19,13,M05,P04,L03,115,157,7,5
2025-03-19,13,M06,P05,L05,124,117,21,0
2025-03-19,13,M07,P02,L01,175,124,16,6
2025-03-19,13,M08,P05,L04,153,175,19,7
2025-03-19,13,M09,P04,L01,121,130,7,5
2025-03-19,13,M10,P05,L03,187,117,6,8
2025-03-19,14,M01,P04,L04,194,181,5,8
2025-03-19,14,M02,P05,L04,144,89,9,4
2025-03-19,14,M03,P05,L04,181,105,23,7
2025-03-19,14,M04,P01,L01,199,111,6,0
2025-03-19,14,M05,P03,L03,194,141,16,2
2025-03-19,14,M06,P05,L02,162,135,20,2
2025-03-19,14,M07,P02,L02,114,199,24,6
2025-03-19,14,M08,P02,L02,181,85,12,8
2025-03-19,14,M09,P01,L01,175,130,28,2
2025-03-19,14,M10,P05,L01,179,114,6,5
2025-03-19,15,M01,P03,L02,125,120,17,4
2025-03-19,15,M02,P05,L02,137,161,5,0
2025-03-19,15,M03,P02,L03,138,128,17,3
2025-03-19,15,M04,P02,L05,196,80,26,4
2025-03-19,15,M05,P05,L03,136,193,23,2
2025-03-19,15,M06,P03,L03,172,163,25,2
2025-03-19,15,M07,P05,L05,157,110,16,6
2025-03-19,15,M08,P04,L03,188,161,26,1
2025-03-19,15,M09,P02,L02,111,191,9,7
2025-03-19,15,M10,P04,L02,148,115,21,5
2025-03-19,16,M01,P04,L03,194,184,12,1
2025-03-19,16,M02,P04,L03,106,100,29,8
2025-03-19,16,M03,P01,L02,142,156,7,4
2025-03-19,16,M04,P05,L01,110,89,16,6
2025-03-19,16,M05,P01,L02,146,170,18,1
2025-03-19,16,M06,P01,L03,172,141,24,5
2025-03-19,16,M07,P03,L05,128,194,21,2
2025-03-19,16,M08,P05,L04,165,148,13,2
2025-03-19,16,M09,P02,L02,109,151,11,8
2025-03-19,16,M10,P03,L03,160,89,3,6
2025-03-19,17,M01,P05,L02,132,178,1,7
2025-03-19,17,M02,P05,L03,177,168,22,0
2025-03-19,17,M03,P02,L04,161,192,17,0
2025-03-19,17,M04,P05,L02,168,131,0,0
2025-03-19,17,M05,P02,L04,130,86,19,3
2025-03-19,17,M06,P03,L01,105,122,26,1
2025-03-19,17,M07,P01,L05,143,112,2,5
2025-03-19,17,M08,P05,L05,140,95,5,2
2025-03-19,17,M09,P04,L02,184,179,18,8
2025-03-19,17,M10,P05,L03,108,123,4,0
2025-03-19,18,M01,P04,L01,177,118,18,7
2025-03-19,18,M02,P03,L03,195,192,1,1
2025-03-19,18,M03,P01,L04,104,160,27,1
2025-03-19,18,M04,P02,L05,131,98,19,9
2025-03-19,18,M05,P01,L05,159,89,26,1
2025-03-19,18,M06,P03,L05,193,158,26,7
2025-03-19,18,M07,P03,L05,172,152,11,6
2025-03-19,18,M08,P04,L04,198,115,14,5
2025-03-19,18,M09,P02,L01,121,173,24,3
2025-03-19,18,M10,P05,L03,170,81,25,3
2025-03-19,19,M01,P03,L02,197,117,10,8
2025-03-19,19,M02,P03,L04,131,169,22,8
2025-03-19,19,M03,P01,L02,195,199,20,8
2025-03-19,19,M04,P05,L03,145,152,24,2
2025-03-19,19,M05,P04,L04,129,134,21,3
2025-03-19,19,M06,P04,L05,103,122,12,9
2025-03-19,19,M07,P02,L04,173,112,5,0
2025-03-19,19,M08,P05,L01,117,104,23,3
2025-03-19,19,M09,P04,L03,141,163,11,8
2025-03-19,19,M10,P02,L04,190,104,6,4
2025-03-19,20,M01,P05,L02,132,86,18,7
2025-03-19,20,M02,P04,L05,104,173,18,6
2025-03-19,20,M03,P01,L04,197,86,10,1
2025-03-19,20,M04,P02,L04,106,170,14,2
2025-03-19,20,M05,P02,L02,127,145,10,5
2025-03-19,20,M06,P01,L02,182,154,23,7
2025-03-19,20,M07,P05,L04,111,171,22,4
2025-03-19,20,M08,P04,L03,136,107,11,4
2025-03-19,20,M09,P03,L04,105,148,9,4
2025-03-19,20,M10,P04,L04,114,146,22,4
2025-03-19,21,M01,P04,L04,106,80,7,0
2025-03-19,21,M02,P03,L04,138,154,10,5
2025-03-19,21,M03,P05,L05,114,171,5,6
2025-03-19,21,M04,P03,L03,179,155,18,6
2025-03-19,21,M05,P02,L03,145,189,21,1
2025-03-19,21,M06,P01,L04,159,100,29,3
2025-03-19,21,M07,P03,L03,169,99,11,9
2025-03-19,21,M08,P04,L02,143,160,7,3
2025-03-19,21,M09,P05,L02,120,91,29,0
2025-03-19,21,M10,P04,L02,151,168,25,3
2025-03-19,22,M01,P02,L02,193,140,3,7
2025-03-19,22,M02,P02,L05,167,138,26,0
2025-03-19,22,M03,P02,L05,111,101,29,9
2025-03-19,22,M04,P02,L01,106,184,14,9
2025-03-19,22,M05,P05,L04,142,193,1,3
2025-03-19,22,M06,P02,L03,119,92,24,8
2025-03-19,22,M07,P03,L04,146,91,27,0
2025-03-19,22,M08,P03,L04,180,183,13,8
2025-03-19,22,M09,P05,L01,165,139,6,3
2025-03-19,22,M10,P02,L03,103,131,14,9
2025-03-19,23,M01,P03,L03,149,168,22,0
2025-03-19,23,M02,P02,L05,166,188,2,6
2025-03-19,23,M03,P04,L03,158,167,17,0
2025-03-19,23,M04,P03,L04,108,111,13,5
2025-03-19,23,M05,P04,L05,177,107,11,5
2025-03-19,23,M06,P05,L01,134,124,27,4
2025-03-19,23,M07,P05,L03,186,85,13,5
2025-03-19,23,M08,P04,L04,150,185,22,2
2025-03-19,23,M09,P01,L01,105,189,27,6
2025-03-19,23,M10,P03,L03,192,126,11,0
2025-03-19,24,M01,P03,L03,176,183,12,7
2025-03-19,24,M02,P04,L05,104,156,22,2
2025-03-19,24,M03,P05,L02,114,145,5,0
2025-03-19,24,M04,P01,L02,154,126,25,7
2025-03-19,24,M05,P03,L02,130,113,8,6
2025-03-19,24,M06,P02,L03,100,166,13,8
2025-03-19,24,M07,P01,L05,107,119,5,2
2025-03-19,24,M08,P01,L04,195,138,5,6
2025-03-19,24,M09,P02,L04,108,180,1,6
2025-03-19,24,M10,P03,L03,193,171,22,4
2025-03-20,1,M01,P05,L03,161,171,17,6
2025-03-20,1,M02,P03,L01,121,117,13,5
2025-03-20,1,M03,P03,L05,102,96,19,6
2025-03-20,1,M04,P02,L01,189,193,20,7
2025-03-20,1,M05,P01,L05,116,116,15,1
2025-03-20,1,M06,P03,L04,117,120,20,0
2025-03-20,1,M07,P05,L03,146,151,3,7
2025-03-20,1,M08,P01,L05,155,154,11,6
2025-03-20,1,M09,P03,L03,101,96,9,9
2025-03-20,1,M10,P01,L05,185,124,13,0
2025-03-20,2,M01,P04,L02,152,96,12,7
2025-03-20,2,M02,P05,L01,199,128,3,3
2025-03-20,2,M03,P05,L04,141,106,2,6
2025-03-20,2,M04,P03,L03,197,121,10,9
2025-03-20,2,M05,P04,L05,132,108,17,6
2025-03-20,2,M06,P03,L02,146,91,19,7
2025-03-20,2,M07,P01,L05,176,189,13,0
2025-03-20,2,M08,P04,L01,172,182,8,1
2025-03-20,2,M09,P04,L01,155,155,3,2
2025-03-20,2,M10,P01,L05,167,83,11,0
2025-03-20,3,M01,P03,L03,189,84,27,1
2025-03-20,3,M02,P02,L01,175,169,11,9
2025-03-20,3,M03,P03,L04,126,132,22,4
2025-03-20,3,M04,P02,L05,144,154,2,5
2025-03-20,3,M05,P05,L05,132,96,25,8
2025-03-20,3,M06,P03,L03,165,113,15,8
2025-03-20,3,M07,P05,L04,121,125,2,6
2025-03-20,3,M08,P05,L02,114,83,23,1
2025-03-20,3,M09,P02,L01,197,159,7,0
2025-03-20,3,M10,P02,L01,180,114,20,7
2025-03-20,4,M01,P04,L05,157,180,12,4
2025-03-20,4,M02,P01,L01,176,122,16,7
2025-03-20,4,M03,P04,L05,104,134,13,5
2025-03-20,4,M04,P05,L02,167,142,15,3
2025-03-20,4,M05,P05,L03,180,146,23,5
2025-03-20,4,M06,P02,L03,185,189,2,6
2025-03-20,4,M07,P02,L03,199,146,15,7
2025-03-20,4,M08,P04,L04,161,181,21,5
2025-03-20,4,M09,P04,L02,139,157,6,1
2025-03-20,4,M10,P01,L03,173,182,5,8
2025-03-20,5,M01,P01,L03,104,84,21,2
2025-03-20,5,M02,P04,L04,189,85,20,9
2025-03-20,5,M03,P01,L03,137,109,4,9
2025-03-20,5,M04,P04,L01,159,93,2,3
2025-03-20,5,M05,P04,L04,124,87,24,3
2025-03-20,5,M06,P04,L03,144,180,14,1
2025-03-20,5,M07,P02,L05,195,121,17,6
2025-03-20,5,M08,P04,L02,153,184,12,9
2025-03-20,5,M09,P01,L03,102,82,28,2
2025-03-20,5,M10,P03,L04,134,132,15,7
2025-03-20,6,M01,P02,L03,137,192,3,0
2025-03-20,6,M02,P03,L02,120,120,26,8
2025-03-20,6,M03,P05,L03,155,141,17,8
2025-03-20,6,M04,P02,L04,129,155,6,5
2025-03-20,6,M05,P04,L01,105,137,13,4
2025-03-20,6,M06,P01,L04,124,106,27,3
2025-03-20,6,M07,P01,L05,190,86,19,3
2025-03-20,6,M08,P05,L04,127,119,2,4
2025-03-20,6,M09,P03,L05,158,99,8,2
2025-03-20,6,M10,P01,L02,109,192,26,4
2025-03-20,7,M01,P03,L05,142,167,6,0
2025-03-20,7,M02,P02,L03,161,106,8,2
2025-03-20,7,M03,P05,L01,190,179,20,1
2025-03-20,7,M04,P02,L05,123,197,20,1
2025-03-20,7,M05,P04,L03,192,139,3,4
2025-03-20,7,M06,P01,L02,124,184,20,3
2025-03-20,7,M07,P05,L01,104,119,20,1
2025-03-20,7,M08,P02,L03,160,153,8,6
2025-03-20,7,M09,P05,L03,189,135,0,8
2025-03-20,7,M10,P02,L02,171,94,13,5
2025-03-20,8,M01,P05,L04,179,125,24,6
2025-03-20,8,M02,P01,L04,195,191,1,0
2025-03-20,8,M03,P05,L01,189,128,2,5
2025-03-20,8,M04,P01,L01,183,128,25,8
2025-03-20,8,M05,P02,L02,193,83,6,1
2025-03-20,8,M06,P05,L01,108,104,7,2
2025-03-20,8,M07,P03,L01,117,189,26,6
2025-03-20,8,M08,P02,L03,152,177,14,7
2025-03-20,8,M09,P02,L05,156,145,12,3
2025-03-20,8,M10,P03,L01,133,133,0,4
2025-03-20,9,M01,P05,L03,140,80,24,0
2025-03-20,9,M02,P04,L05,180,199,6,2
2025-03-20,9,M03,P02,L05,189,148,4,8
2025-03-20,9,M04,P03,L05,117,98,5,0
2025-03-20,9,M05,P02,L05,117,97,2,9
2025-03-20,9,M06,P03,L02,124,178,6,2
2025-03-20,9,M07,P04,L01,153,95,19,4
2025-03-20,9,M08,P03,L05,162,124,11,7
2025-03-20,9,M09,P04,L05,104,156,14,8
2025-03-20,9,M10,P04,L01,113,170,9,6
2025-03-20,10,M01,P05,L05,191,123,12,3
2025-03-20,10,M02,P05,L03,164,143,3,0
2025-03-20,10,M03,P02,L04,176,168,20,8
2025-03-20,10,M04,P02,L01,198,83,4,5
2025-03-20,10,M05,P04,L03,191,122,10,6
2025-03-20,10,M06,P04,L05,112,111,9,4
2025-03-20,10,M07,P01,L03,183,118,14,2
2025-03-20,10,M08,P05,L04,180,179,15,9
2025-03-20,10,M09,P04,L03,125,99,12,6
2025-03-20,10,M10,P03,L03,149,197,21,0
2025-03-20,11,M01,P02,L01,188,198,18,9
2025-03-20,11,M02,P03,L02,140,156,17,3
2025-03-20,11,M03,P05,L02,107,82,13,6
2025-03-20,11,M04,P03,L01,110,176,10,5
2025-03-20,11,M05,P02,L03,191,184,25,9
2025-03-20,11,M06,P03,L02,131,115,9,4
2025-03-20,11,M07,P02,L03,170,196,24,1
2025-03-20,11,M08,P01,L01,107,132,2,9
2025-03-20,11,M09,P01,L05,157,98,13,5
2025-03-20,11,M10,P04,L04,171,137,5,9
2025-03-20,12,M01,P03,L04,168,157,8,3
2025-03-20,12,M02,P02,L04,188,195,19,7
2025-03-20,12,M03,P01,L04,161,115,19,1
2025-03-20,12,M04,P05,L03,194,125,8,4
2025-03-20,12,M05,P03,L04,157,169,16,6
2025-03-20,12,M06,P02,L01,167,199,8,8
2025-03-20,12,M07,P01,L02,199,117,17,5
2025-03-20,12,M08,P05,L01,115,165,20,1
2025-03-20,12,M09,P03,L04,140,193,4,2
2025-03-20,12,M10,P02,L02,187,89,24,5
2025-03-20,13,M01,P05,L05,105,93,29,6
2025-03-20,13,M02,P04,L01,144,171,6,9
2025-03-20,13,M03,P02,L02,128,141,7,6
2025-03-20,13,M04,P01,L02,121,97,4,0
2025-03-20,13,M05,P02,L05,125,96,3,8
2025-03-20,13,M06,P02,L04,168,117,16,7
2025-03-20,13,M07,P01,L01,118,116,0,0
2025-03-20,13,M08,P05,L02,132,96,0,2
2025-03-20,13,M09,P04,L05,187,184,15,4
2025-03-20,13,M10,P03,L04,119,158,9,8
2025-03-20,14,M01,P03,L04,177,118,24,9
2025-03-20,14,M02,P04,L02,130,152,27,1
2025-03-20,14,M03,P04,L05,146,124,0,1
2025-03-20,14,M04,P04,L04,122,99,0,5
2025-03-20,14,M05,P03,L01,138,86,29,0
2025-03-20,14,M06,P01,L02,148,183,3,9
2025-03-20,14,M07,P03,L05,111,199,13,4
2025-03-20,14,M08,P01,L01,166,86,14,6
2025-03-20,14,M09,P02,L03,125,155,26,3
2025-03-20,14,M10,P02,L05,114,123,26,4
2025-03-20,15,M01,P04,L02,105,183,3,9
2025-03-20,15,M02,P01,L05,193,119,28,6
2025-03-20,15,M03,P04,L04,106,192,14,4
2025-03-20,15,M04,P05,L02,168,181,13,5
2025-03-20,15,M05,P02,L05,199,84,25,6
2025-03-20,15,M06,P02,L02,120,145,1,1
2025-03-20,15,M07,P05,L03,108,93,3,0
2025-03-20,15,M08,P03,L01,131,174,9,6
2025-03-20,15,M09,P02,L01,168,126,9,1
2025-03-20,15,M10,P05,L05,193,93,24,2
2025-03-20,16,M01,P05,L04,122,102,20,9
2025-03-20,16,M02,P04,L05,172,118,21,2
2025-03-20,16,M03,P04,L05,120,161,4,6
2025-03-20,16,M04,P05,L02,189,159,27,2
2025-03-20,16,M05,P01,L04,108,173,18,9
2025-03-20,16,M06,P01,L04,112,100,10,9
2025-03-20,16,M07,P03,L05,168,160,22,4
2025-03-20,16,M08,P04,L01,148,151,13,0
2025-03-20,16,M09,P05,L01,193,145,29,7
2025-03-20,16,M10,P03,L01,112,121,23,9
2025-03-20,17,M01,P03,L05,159,140,25,3
2025-03-20,17,M02,P01,L02,170,141,28,3
2025-03-20,17,M03,P05,L03,142,107,20,1
2025-03-20,17,M04,P03,L05,114,194,4,0
2025-03-20,17,M05,P01,L01,147,190,23,1
2025-03-20,17,M06,P02,L02,168,133,15,4
2025-03-20,17,M07,P01,L04,143,112,10,7
2025-03-20,17,M08,P05,L04,174,107,10,2
2025-03-20,17,M09,P05,L03,195,170,28,1
2025-03-20,17,M10,P01,L03,154,137,20,2
2025-03-20,18,M01,P04,L05,188,148,18,6
2025-03-20,18,M02,P05,L04,166,143,25,2
2025-03-20,18,M03,P04,L05,109,130,5,0
2025-03-20,18,M04,P04,L01,115,150,17,8
2025-03-20,18,M05,P03,L01,170,132,6,6
2025-03-20,18,M06,P03,L03,111,82,6,6
2025-03-20,18,M07,P02,L02,104,120,16,4
2025-03-20,18,M08,P03,L05,123,166,27,0
2025-03-20,18,M09,P05,L01,152,96,0,7
2025-03-20,18,M10,P01,L03,169,94,14,5
2025-03-20,19,M01,P02,L05,187,181,22,1
2025-03-20,19,M02,P03,L02,157,171,22,7
2025-03-20,19,M03,P03,L04,176,154,29,5
2025-03-20,19,M04,P03,L01,167,158,15,7
2025-03-20,19,M05,P02,L05,193,121,5,9
2025-03-20,19,M06,P03,L03,117,165,18,1
2025-03-20,19,M07,P01,L01,135,100,29,5
2025-03-20,19,M08,P04,L04,131,137,5,6
2025-03-20,19,M09,P03,L04,171,87,19,7
2025-03-20,19,M10,P04,L05,140,196,18,6
2025-03-20,20,M01,P04,L05,171,170,10,2
2025-03-20,20,M02,P05,L01,159,190,8,2
2025-03-20,20,M03,P02,L04,147,163,25,9
2025-03-20,20,M04,P02,L03,124,94,10,5
2025-03-20,20,M05,P05,L02,106,141,29,0
2025-03-20,20,M06,P04,L05,100,101,4,2
2025-03-20,20,M07,P01,L04,188,117,21,8
2025-03-20,20,M08,P01,L02,109,178,23,1
2025-03-20,20,M09,P02,L04,119,195,11,6
2025-03-20,20,M10,P04,L01,192,106,28,8
2025-03-20,21,M01,P02,L04,170,136,10,9
2025-03-20,21,M02,P04,L02,190,133,21,9
2025-03-20,21,M03,P05,L03,183,111,19,4
2025-03-20,21,M04,P03,L05,189,90,28,3
2025-03-20,21,M05,P05,L03,165,141,22,5
2025-03-20,21,M06,P05,L04,165,94,0,7
2025-03-20,21,M07,P05,L01,172,83,26,9
2025-03-20,21,M08,P05,L04,112,100,10,9
2025-03-20,21,M09,P05,L04,158,148,20,8
2025-03-20,21,M10,P04,L01,163,134,16,0
2025-03-20,22,M01,P05,L03,175,104,24,0
2025-03-20,22,M02,P03,L03,148,112,14,8
2025-03-20,22,M03,P01,L02,169,177,4,2
2025-03-20,22,M04,P05,L02,169,90,10,7
2025-03-20,22,M05,P04,L04,189,137,2,7
2025-03-20,22,M06,P02,L05,124,109,7,8
2025-03-20,22,M07,P05,L02,156,114,26,3
2025-03-20,22,M08,P05,L04,198,100,8,2
2025-03-20,22,M09,P04,L04,177,144,7,2
2025-03-20,22,M10,P05,L05,171,128,5,2
2025-03-20,23,M01,P04,L05,159,140,29,8
2025-03-20,23,M02,P05,L03,119,114,25,2
2025-03-20,23,M03,P03,L04,140,190,11,5
2025-03-20,23,M04,P02,L01,190,120,10,2
2025-03-20,23,M05,P03,L02,122,117,8,2
2025-03-20,23,M06,P03,L02,115,147,4,5
2025-03-20,23,M07,P02,L04,163,98,24,2
2025-03-20,23,M08,P02,L03,130,98,22,0
2025-03-20,23,M09,P05,L01,112,138,24,7
2025-03-20,23,M10,P02,L02,108,127,3,8
2025-03-20,24,M01,P01,L04,160,199,10,9
2025-03-20,24,M02,P04,L02,168,139,28,3
2025-03-20,24,M03,P01,L01,186,169,13,3
2025-03-20,24,M04,P01,L04,179,94,7,1
2025-03-20,24,M05,P04,L02,162,103,1,1
2025-03-20,24,M06,P04,L04,188,184,7,6
2025-03-20,24,M07,P04,L05,160,123,22,2
2025-03-20,24,M08,P02,L04,187,124,10,7
2025-03-20,24,M09,P01,L03,106,108,2,7
2025-03-20,24,M10,P01,L03,196,195,13,1
2025-03-21,1,M01,P02,L03,178,154,29,7
2025-03-21,1,M02,P05,L01,195,117,19,7
2025-03-21,1,M03,P05,L03,154,96,13,3
2025-03-21,1,M04,P04,L02,197,90,13,1
2025-03-21,1,M05,P04,L02,174,198,8,7
2025-03-21,1,M06,P03,L04,147,151,21,4
2025-03-21,1,M07,P02,L01,144,137,10,0
2025-03-21,1,M08,P04,L01,102,169,17,6
2025-03-21,1,M09,P02,L02,138,144,16,9
2025-03-21,1,M10,P05,L04,174,113,26,9
2025-03-21,2,M01,P05,L04,165,182,9,1
2025-03-21,2,M02,P04,L01,103,176,13,7
2025-03-21,2,M03,P02,L01,143,139,25,3
2025-03-21,2,M04,P03,L02,185,142,5,0
2025-03-21,2,M05,P05,L04,199,102,14,5
2025-03-21,2,M06,P05,L01,170,146,3,6
2025-03-21,2,M07,P01,L01,188,166,10,4
2025-03-21,2,M08,P03,L01,191,182,25,8
2025-03-21,2,M09,P03,L03,194,132,9,2
2025-03-21,2,M10,P02,L01,187,187,18,4
2025-03-21,3,M01,P03,L01,138,108,15,6
2025-03-21,3,M02,P03,L04,168,149,16,0
2025-03-21,3,M03,P02,L04,195,198,22,7
2025-03-21,3,M04,P05,L03,146,102,27,5
2025-03-21,3,M05,P02,L05,121,143,9,3
2025-03-21,3,M06,P04,L04,171,99,2,6
2025-03-21,3,M07,P03,L03,132,194,13,2
2025-03-21,3,M08,P04,L02,125,120,9,4
2025-03-21,3,M09,P02,L02,110,160,7,6
2025-03-21,3,M10,P05,L03,171,176,5,4
2025-03-21,4,M01,P02,L05,155,137,17,1
2025-03-21,4,M02,P03,L01,181,135,19,9
2025-03-21,4,M03,P05,L02,192,194,8,7
2025-03-21,4,M04,P01,L05,145,81,27,6
2025-03-21,4,M05,P03,L04,150,162,14,3
2025-03-21,4,M06,P05,L05,125,176,25,5
2025-03-21,4,M07,P03,L03,114,124,14,1
2025-03-21,4,M08,P05,L02,140,160,17,9
2025-03-21,4,M09,P04,L01,126,105,24,4
2025-03-21,4,M10,P04,L05,172,147,14,3
2025-03-21,5,M01,P02,L02,179,80,18,9
2025-03-21,5,M02,P04,L03,161,171,7,8
2025-03-21,5,M03,P04,L01,134,114,11,7
2025-03-21,5,M04,P05,L05,126,126,7,5
2025-03-21,5,M05,P01,L02,108,148,23,9
2025-03-21,5,M06,P04,L05,167,111,2,1
2025-03-21,5,M07,P03,L02,111,179,14,0
2025-03-21,5,M08,P05,L03,163,105,16,2
2025-03-21,5,M09,P04,L01,191,145,2,3
2025-03-21,5,M10,P05,L05,138,157,5,4
2025-03-21,6,M01,P05,L05,116,119,6,2
2025-03-21,6,M02,P01,L02,184,104,14,8
2025-03-21,6,M03,P03,L03,112,175,13,8
2025-03-21,6,M04,P03,L03,180,138,11,2
2025-03-21,6,M05,P05,L05,109,151,22,9
2025-03-21,6,M06,P05,L01,165,104,25,7
2025-03-21,6,M07,P03,L02,162,103,15,3
2025-03-21,6,M08,P05,L02,151,117,13,7
2025-03-21,6,M09,P05,L03,182,151,7,5
2025-03-21,6,M10,P03,L02,142,194,22,7
2025-03-21,7,M01,P03,L04,105,145,0,8
2025-03-21,7,M02,P01,L03,184,144,17,0
2025-03-21,7,M03,P01,L02,125,149,10,1
2025-03-21,7,M04,P02,L01,166,140,7,8
2025-03-21,7,M05,P05,L02,185,124,11,9
2025-03-21,7,M06,P05,L04,129,125,5,1
2025-03-21,7,M07,P01,L04,154,133,29,3
2025-03-21,7,M08,P01,L02,192,86,14,3
2025-03-21,7,M09,P05,L03,113,153,23,5
2025-03-21,7,M10,P05,L02,134,171,7,1
2025-03-21,8,M01,P03,L02,185,166,9,8
2025-03-21,8,M02,P04,L05,126,192,25,1
2025-03-21,8,M03,P02,L01,131,180,9,2
2025-03-21,8,M04,P04,L05,115,142,9,4
2025-03-21,8,M05,P05,L03,182,122,16,6
2025-03-21,8,M06,P04,L04,161,111,26,6
2025-03-21,8,M07,P02,L03,174,98,22,2
2025-03-21,8,M08,P01,L02,171,88,23,9
2025-03-21,8,M09,P02,L03,164,111,7,6
2025-03-21,8,M10,P03,L04,198,189,21,4
2025-03-21,9,M01,P05,L03,160,131,28,4
2025-03-21,9,M02,P05,L05,141,124,29,9
2025-03-21,9,M03,P02,L02,173,158,26,9
2025-03-21,9,M04,P02,L02,151,106,18,3
2025-03-21,9,M05,P02,L05,174,82,6,8
2025-03-21,9,M06,P01,L01,175,161,8,4
2025-03-21,9,M07,P05,L02,181,94,14,5
2025-03-21,9,M08,P04,L05,173,105,26,5
2025-03-21,9,M09,P03,L01,179,144,17,8
2025-03-21,9,M10,P01,L03,110,184,21,1
2025-03-21,10,M01,P03,L02,194,156,25,1
2025-03-21,10,M02,P02,L05,178,87,21,3
2025-03-21,10,M03,P01,L05,168,98,16,1
2025-03-21,10,M04,P01,L05,161,140,24,6
2025-03-21,10,M05,P02,L02,134,122,2,0
2025-03-21,10,M06,P04,L03,161,111,16,2
2025-03-21,10,M07,P04,L03,184,130,25,2
2025-03-21,10,M08,P01,L01,174,176,22,6
2025-03-21,10,M09,P03,L02,139,185,3,3
2025-03-21,10,M10,P05,L03,190,135,5,7
2025-03-21,11,M01,P03,L05,148,114,19,3
2025-03-21,11,M02,P02,L03,118,119,12,8
2025-03-21,11,M03,P01,L02,183,192,2,6
2025-03-21,11,M04,P01,L04,192,120,10,9
2025-03-21,11,M05,P02,L02,171,188,8,5
2025-03-21,11,M06,P01,L04,181,135,1,6
2025-03-21,11,M07,P01,L04,109,131,10,7
2025-03-21,11,M08,P03,L02,164,199,28,8
2025-03-21,11,M09,P04,L05,128,195,17,0
2025-03-21,11,M10,P01,L04,164,179,11,4
2025-03-21,12,M01,P02,L02,112,144,7,0
2025-03-21,12,M02,P03,L04,124,108,2,4
2025-03-21,12,M03,P05,L05,117,196,17,7
2025-03-21,12,M04,P05,L01,169,171,29,3
2025-03-21,12,M05,P02,L02,110,100,4,0
2025-03-21,12,M06,P02,L02,199,189,4,9
2025-03-21,12,M07,P03,L04,183,157,4,2
2025-03-21,12,M08,P05,L04,117,188,11,2
2025-03-21,12,M09,P02,L01,170,100,13,6
2025-03-21,12,M10,P01,L05,113,82,8,6
2025-03-21,13,M01,P03,L05,189,147,19,5
2025-03-21,13,M02,P01,L03,187,120,8,2
2025-03-21,13,M03,P05,L03,157,159,8,7
2025-03-21,13,M04,P05,L03,174,107,9,3
2025-03-21,13,M05,P05,L03,198,85,16,0
2025-03-21,13,M06,P01,L03,126,109,24,9
2025-03-21,13,M07,P01,L04,131,153,11,4
2025-03-21,13,M08,P04,L04,185,95,17,6
2025-03-21,13,M09,P04,L04,101,152,11,2
2025-03-21,13,M10,P04,L02,155,104,28,6
2025-03-21,14,M01,P02,L01,140,84,29,6
2025-03-21,14,M02,P01,L05,161,198,27,8
2025-03-21,14,M03,P04,L05,136,147,24,9
2025-03-21,14,M04,P05,L04,195,196,10,4
2025-03-21,14,M05,P05,L05,186,107,27,9
2025-03-21,14,M06,P01,L03,189,115,19,8
2025-03-21,14,M07,P04,L04,142,134,26,7
2025-03-21,14,M08,P01,L01,126,80,9,4
2025-03-21,14,M09,P03,L01,128,81,17,6
2025-03-21,14,M10,P05,L05,168,145,6,6
2025-03-21,15,M01,P02,L04,115,101,26,4
2025-03-21,15,M02,P04,L04,112,87,13,7
2025-03-21,15,M03,P05,L04,190,115,8,4
2025-03-21,15,M04,P04,L04,117,165,4,5
2025-03-21,15,M05,P05,L01,186,143,27,0
2025-03-21,15,M06,P05,L03,144,113,14,5
2025-03-21,15,M07,P03,L01,160,173,2,3
2025-03-21,15,M08,P05,L05,168,192,23,9
2025-03-21,15,M09,P02,L02,173,131,7,0
2025-03-21,15,M10,P04,L01,160,163,25,8
2025-03-21,16,M01,P02,L04,173,170,23,4
2025-03-21,16,M02,P05,L05,185,118,8,5
2025-03-21,16,M03,P01,L01,116,105,4,5
2025-03-21,16,M04,P05,L01,166,195,8,0
2025-03-21,16,M05,P02,L03,165,150,5,6
2025-03-21,16,M06,P04,L01,109,168,28,5
2025-03-21,16,M07,P02,L03,144,181,9,1
2025-03-21,16,M08,P03,L05,126,196,26,3
2025-03-21,16,M09,P05,L01,127,145,6,5
2025-03-21,16,M10,P04,L03,191,103,21,4
2025-03-21,17,M01,P04,L02,133,130,6,5
2025-03-21,17,M02,P05,L01,158,120,0,2
2025-03-21,17,M03,P05,L05,131,131,13,4
2025-03-21,17,M04,P03,L01,168,136,2,9
2025-03-21,17,M05,P02,L01,185,149,22,5
2025-03-21,17,M06,P04,L02,165,88,29,4
2025-03-21,17,M07,P04,L03,150,152,4,9
2025-03-21,17,M08,P01,L02,139,192,26,2
2025-03-21,17,M09,P02,L03,111,169,3,2
2025-03-21,17,M10,P01,L03,104,173,23,6
2025-03-21,18,M01,P05,L03,104,151,21,2
2025-03-21,18,M02,P02,L01,106,94,13,1
2025-03-21,18,M03,P02,L02,170,89,19,8
2025-03-21,18,M04,P02,L02,169,147,7,4
2025-03-21,18,M05,P05,L04,190,88,13,8
2025-03-21,18,M06,P05,L02,121,184,7,0
2025-03-21,18,M07,P01,L02,185,196,22,3
2025-03-21,18,M08,P02,L01,162,143,13,7
2025-03-21,18,M09,P01,L01,150,135,23,1
2025-03-21,18,M10,P01,L05,135,141,17,4
2025-03-21,19,M01,P02,L04,141,180,0,9
2025-03-21,19,M02,P05,L04,121,184,28,0
2025-03-21,19,M03,P03,L03,194,116,0,6
2025-03-21,19,M04,P02,L01,163,137,2,0
2025-03-21,19,M05,P04,L01,154,185,8,8
2025-03-21,19,M06,P05,L03,126,111,8,9
2025-03-21,19,M07,P04,L05,106,101,21,2
2025-03-21,19,M08,P02,L04,176,165,9,5
2025-03-21,19,M09,P04,L05,157,84,29,6
2025-03-21,19,M10,P05,L04,183,99,8,9
2025-03-21,20,M01,P02,L01,196,129,11,2
2025-03-21,20,M02,P03,L03,172,138,17,0
2025-03-21,20,M03,P04,L01,154,97,1,7
2025-03-21,20,M04,P05,L04,103,100,26,7
2025-03-21,20,M05,P03,L03,163,115,26,6
2025-03-21,20,M06,P02,L04,165,120,25,7
2025-03-21,20,M07,P01,L03,167,179,7,3
2025-03-21,20,M08,P01,L03,161,134,13,9
2025-03-21,20,M09,P05,L03,163,99,29,9
2025-03-21,20,M10,P05,L03,189,162,7,5
2025-03-21,21,M01,P01,L04,179,137,0,2
2025-03-21,21,M02,P04,L02,194,123,15,0
2025-03-21,21,M03,P04,L05,132,87,8,1
2025-03-21,21,M04,P03,L05,115,115,21,6
2025-03-21,21,M05,P01,L05,138,198,20,1
2025-03-21,21,M06,P01,L02,199,115,22,4
2025-03-21,21,M07,P01,L04,168,147,2,0
2025-03-21,21,M08,P04,L01,166,151,22,5
2025-03-21,21,M09,P02,L03,164,195,3,8
2025-03-21,21,M10,P03,L04,124,157,17,0
2025-03-21,22,M01,P01,L02,126,88,11,7
2025-03-21,22,M02,P02,L03,148,93,9,3
2025-03-21,22,M03,P02,L03,147,181,4,0
2025-03-21,22,M04,P05,L02,104,163,17,6
2025-03-21,22,M05,P03,L01,176,145,16,1
2025-03-21,22,M06,P03,L05,132,180,22,8
2025-03-21,22,M07,P05,L02,128,116,10,8
2025-03-21,22,M08,P03,L05,102,126,29,1
2025-03-21,22,M09,P04,L01,172,127,19,7
2025-03-21,22,M10,P05,L01,111,112,5,5
2025-03-21,23,M01,P03,L02,156,104,2,6
2025-03-21,23,M02,P05,L04,163,164,21,6
2025-03-21,23,M03,P02,L05,142,86,22,6
2025-03-21,23,M04,P05,L02,161,98,4,0
2025-03-21,23,M05,P03,L05,106,109,27,3
2025-03-21,23,M06,P03,L03,199,95,16,2
2025-03-21,23,M07,P02,L03,155,142,15,1
2025-03-21,23,M08,P03,L03,150,144,1,4
2025-03-21,23,M09,P04,L01,178,197,26,0
2025-03-21,23,M10,P03,L04,180,119,23,1
2025-03-21,24,M01,P05,L03,120,170,15,8
2025-03-21,24,M02,P04,L04,187,156,4,7
2025-03-21,24,M03,P02,L01,171,135,6,2
2025-03-21,24,M04,P02,L02,138,162,21,8
2025-03-21,24,M05,P05,L04,135,187,5,7
2025-03-21,24,M06,P01,L05,154,162,9,1
2025-03-21,24,M07,P05,L05,159,122,21,0
2025-03-21,24,M08,P03,L05,160,159,8,2
2025-03-21,24,M09,P03,L04,148,149,19,7
2025-03-21,24,M10,P04,L05,178,164,7,0
2025-03-22,1,M01,P02,L02,123,128,4,4
2025-03-22,1,M02,P04,L02,126,145,16,3
2025-03-22,1,M03,P03,L05,157,179,7,1
2025-03-22,1,M04,P02,L01,153,108,12,8
2025-03-22,1,M05,P03,L01,103,134,9,8
2025-03-22,1,M06,P01,L04,164,82,29,5
2025-03-22,1,M07,P04,L05,110,196,8,2
2025-03-22,1,M08,P05,L05,162,118,10,1
2025-03-22,1,M09,P01,L03,170,145,22,2
2025-03-22,1,M10,P04,L05,142,84,10,8
2025-03-22,2,M01,P05,L01,169,86,12,9
2025-03-22,2,M02,P04,L01,172,96,3,5
2025-03-22,2,M03,P03,L01,116,136,27,6
2025-03-22,2,M04,P05,L01,190,184,4,5
2025-03-22,2,M05,P02,L01,112,82,26,1
2025-03-22,2,M06,P05,L05,155,99,0,3
2025-03-22,2,M07,P02,L02,187,163,26,1
2025-03-22,2,M08,P04,L04,196,137,6,2
2025-03-22,2,M09,P03,L04,139,174,18,6
2025-03-22,2,M10,P02,L02,188,189,5,2
2025-03-22,3,M01,P04,L03,159,190,29,7
2025-03-22,3,M02,P03,L04,188,84,3,8
2025-03-22,3,M03,P05,L03,197,151,10,1
2025-03-22,3,M04,P05,L01,131,84,0,5
2025-03-22,3,M05,P03,L01,177,191,8,1
2025-03-22,3,M06,P04,L01,155,113,2,4
2025-03-22,3,M07,P02,L05,135,145,16,2
2025-03-22,3,M08,P05,L01,124,100,18,2
2025-03-22,3,M09,P04,L04,150,169,6,7
2025-03-22,3,M10,P05,L03,126,105,26,7
2025-03-22,4,M01,P02,L01,191,197,14,7
2025-03-22,4,M02,P02,L05,170,178,16,5
2025-03-22,4,M03,P01,L05,100,94,20,2
2025-03-22,4,M04,P04,L05,155,104,10,8
2025-03-22,4,M05,P01,L01,151,106,28,3
2025-03-22,4,M06,P01,L01,145,84,29,7
2025-03-22,4,M07,P05,L05,197,145,23,2
2025-03-22,4,M08,P02,L04,114,125,29,0
2025-03-22,4,M09,P03,L04,150,172,28,7
2025-03-22,4,M10,P03,L01,152,153,5,0
2025-03-22,5,M01,P02,L01,151,134,10,8
2025-03-22,5,M02,P02,L03,101,139,7,8
2025-03-22,5,M03,P05,L02,158,82,5,2
2025-03-22,5,M04,P03,L05,143,87,13,6
2025-03-22,5,M05,P01,L01,164,144,16,4
2025-03-22,5,M06,P04,L02,188,94,18,7
2025-03-22,5,M07,P01,L01,133,183,7,2
2025-03-22,5,M08,P03,L05,100,160,10,3
2025-03-22,5,M09,P01,L01,159,94,1,6
2025-03-22,5,M10,P05,L01,195,111,15,4
2025-03-22,6,M01,P02,L04,120,167,24,2
2025-03-22,6,M02,P01,L03,145,121,3,0
2025-03-22,6,M03,P04,L03,189,133,28,5
2025-03-22,6,M04,P02,L03,155,104,25,9
2025-03-22,6,M05,P03,L04,173,159,14,0
2025-03-22,6,M06,P01,L02,161,149,19,2
2025-03-22,6,M07,P03,L03,167,89,23,6
2025-03-22,6,M08,P01,L05,164,130,23,0
2025-03-22,6,M09,P04,L01,111,125,8,6
2025-03-22,6,M10,P01,L04,162,109,12,9
2025-03-22,7,M01,P05,L04,114,110,17,2
2025-03-22,7,M02,P05,L04,155,162,18,0
2025-03-22,7,M03,P02,L01,137,164,19,3
2025-03-22,7,M04,P01,L01,135,169,21,1
2025-03-22,7,M05,P05,L05,110,186,15,9
2025-03-22,7,M06,P03,L04,189,133,6,1
2025-03-22,7,M07,P02,L04,128,158,11,0
2025-03-22,7,M08,P03,L02,158,163,26,5
2025-03-22,7,M09,P01,L03,102,159,27,3
2025-03-22,7,M10,P02,L05,114,119,25,1
2025-03-22,8,M01,P03,L04,113,193,2,2
2025-03-22,8,M02,P02,L05,159,117,3,1
2025-03-22,8,M03,P02,L03,199,171,13,2
2025-03-22,8,M04,P02,L04,178,142,13,9
2025-03-22,8,M05,P01,L01,182,139,19,6
2025-03-22,8,M06,P02,L03,195,102,13,5
2025-03-22,8,M07,P04,L04,137,119,24,2
2025-03-22,8,M08,P03,L03,167,134,6,1
2025-03-22,8,M09,P03,L05,176,145,3,4
2025-03-22,8,M10,P05,L03,180,161,15,0
2025-03-22,9,M01,P02,L02,154,123,7,7
2025-03-22,9,M02,P02,L02,142,110,24,4
2025-03-22,9,M03,P02,L04,142,119,25,3
2025-03-22,9,M04,P05,L01,183,187,22,6
2025-03-22,9,M05,P03,L02,193,188,8,6
2025-03-22,9,M06,P05,L02,131,123,7,9
2025-03-22,9,M07,P03,L03,197,133,7,6
2025-03-22,9,M08,P01,L04,134,196,5,2
2025-03-22,9,M09,P03,L02,194,132,18,7
2025-03-22,9,M10,P03,L01,112,141,27,7
2025-03-22,10,M01,P04,L01,190,135,20,5
2025-03-22,10,M02,P01,L02,114,141,28,1
2025-03-22,10,M03,P01,L01,174,94,25,5
2025-03-22,10,M04,P01,L01,198,189,26,3
2025-03-22,10,M05,P04,L04,111,140,4,5
2025-03-22,10,M06,P04,L04,133,87,19,5
2025-03-22,10,M07,P02,L04,148,97,13,3
2025-03-22,10,M08,P05,L02,164,166,29,9
2025-03-22,10,M09,P03,L05,107,103,20,7
2025-03-22,10,M10,P02,L05,129,92,20,2
2025-03-22,11,M01,P04,L03,137,130,22,7
2025-03-22,11,M02,P02,L04,179,128,15,9
2025-03-22,11,M03,P02,L01,181,183,17,9
2025-03-22,11,M04,P05,L03,165,109,24,2
2025-03-22,11,M05,P02,L02,163,191,0,2
2025-03-22,11,M06,P04,L02,151,169,27,0
2025-03-22,11,M07,P04,L05,131,120,3,5
2025-03-22,11,M08,P01,L01,109,170,16,7
2025-03-22,11,M09,P02,L04,110,124,24,0
2025-03-22,11,M10,P02,L03,154,158,4,7
2025-03-22,12,M01,P03,L05,169,121,19,2
2025-03-22,12,M02,P03,L04,196,145,24,4
2025-03-22,12,M03,P05,L04,177,86,11,3
2025-03-22,12,M04,P05,L02,188,88,27,7
2025-03-22,12,M05,P05,L05,126,182,16,3
2025-03-22,12,M06,P03,L05,135,176,7,1
2025-03-22,12,M07,P01,L02,134,162,22,1
2025-03-22,12,M08,P02,L01,130,143,19,7
2025-03-22,12,M09,P03,L05,184,134,8,0
2025-03-22,12,M10,P01,L02,152,130,9,0
2025-03-22,13,M01,P01,L04,117,186,12,8
2025-03-22,13,M02,P04,L04,186,105,16,0
2025-03-22,13,M03,P03,L04,131,197,10,7
2025-03-22,13,M04,P01,L02,111,136,8,1
2025-03-22,13,M05,P04,L03,118,175,22,4
2025-03-22,13,M06,P01,L04,175,162,4,1
2025-03-22,13,M07,P02,L04,120,133,26,4
2025-03-22,13,M08,P01,L04,174,125,13,6
2025-03-22,13,M09,P03,L03,199,197,6,7
2025-03-22,13,M10,P01,L01,131,173,3,2
2025-03-22,14,M01,P04,L03,167,92,16,2
2025-03-22,14,M02,P04,L03,146,159,23,7
2025-03-22,14,M03,P05,L01,162,195,18,6
2025-03-22,14,M04,P01,L01,101,151,3,7
2025-03-22,14,M05,P04,L01,163,192,7,0
2025-03-22,14,M06,P02,L05,123,179,2,4
2025-03-22,14,M07,P05,L03,179,152,15,1
2025-03-22,14,M08,P01,L04,110,103,14,1
2025-03-22,14,M09,P04,L03,131,158,21,1
2025-03-22,14,M10,P01,L04,101,118,21,1
2025-03-22,15,M01,P01,L03,124,198,24,9
2025-03-22,15,M02,P05,L04,178,134,1,0
2025-03-22,15,M03,P02,L05,197,140,21,4
2025-03-22,15,M04,P01,L02,130,93,1,4
2025-03-22,15,M05,P05,L03,120,116,23,4
2025-03-22,15,M06,P04,L01,130,129,17,0
2025-03-22,15,M07,P02,L03,161,106,7,4
2025-03-22,15,M08,P02,L05,158,172,0,0
2025-03-22,15,M09,P04,L02,150,177,15,1
2025-03-22,15,M10,P05,L05,106,144,0,1
2025-03-22,16,M01,P05,L05,181,95,0,8
2025-03-22,16,M02,P02,L04,186,89,10,6
2025-03-22,16,M03,P04,L05,169,108,21,5
2025-03-22,16,M04,P02,L04,160,99,10,1
2025-03-22,16,M05,P01,L04,114,198,5,4
2025-03-22,16,M06,P03,L02,150,112,4,3
2025-03-22,16,M07,P03,L01,134,198,24,8
2025-03-22,16,M08,P01,L03,132,188,0,1
2025-03-22,16,M09,P05,L03,179,135,23,0
2025-03-22,16,M10,P04,L03,125,162,0,4
2025-03-22,17,M01,P04,L02,111,103,0,6
2025-03-22,17,M02,P04,L02,177,83,28,5
2025-03-22,17,M03,P01,L02,124,124,7,8
2025-03-22,17,M04,P01,L03,169,181,27,8
2025-03-22,17,M05,P01,L02,165,101,6,6
2025-03-22,17,M06,P03,L05,166,122,12,8
2025-03-22,17,M07,P04,L03,125,95,21,5
2025-03-22,17,M08,P05,L05,177,103,13,8
2025-03-22,17,M09,P02,L03,130,130,21,8
2025-03-22,17,M10,P04,L05,130,95,4,5
2025-03-22,18,M01,P03,L03,110,127,22,7
2025-03-22,18,M02,P01,L03,157,106,20,8
2025-03-22,18,M03,P04,L01,134,180,1,1
2025-03-22,18,M04,P01,L05,112,115,16,9
2025-03-22,18,M05,P04,L03,142,105,12,4
2025-03-22,18,M06,P05,L03,159,119,8,6
2025-03-22,18,M07,P02,L02,198,127,14,3
2025-03-22,18,M08,P02,L02,118,199,15,9
2025-03-22,18,M09,P04,L04,186,101,21,1
2025-03-22,18,M10,P04,L03,130,170,4,9
2025-03-22,19,M01,P05,L05,181,172,1,6
2025-03-22,19,M02,P05,L03,128,182,7,3
2025-03-22,19,M03,P01,L05,137,172,28,0
2025-03-22,19,M04,P02,L03,182,157,22,9
2025-03-22,19,M05,P03,L02,178,168,3,5
2025-03-22,19,M06,P04,L02,162,170,15,3
2025-03-22,19,M07,P02,L02,114,153,6,4
2025-03-22,19,M08,P05,L03,198,160,18,8
2025-03-22,19,M09,P05,L04,121,110,28,8
2025-03-22,19,M10,P05,L05,115,134,24,0
2025-03-22,20,M01,P05,L02,136,139,28,8
2025-03-22,20,M02,P02,L03,188,198,21,5
2025-03-22,20,M03,P01,L05,144,182,19,9
2025-03-22,20,M04,P01,L03,154,185,14,8
2025-03-22,20,M05,P05,L01,117,185,19,8
2025-03-22,20,M06,P01,L02,175,186,10,3
2025-03-22,20,M07,P02,L01,101,133,15,5
2025-03-22,20,M08,P02,L05,100,142,27,1
2025-03-22,20,M09,P01,L01,110,191,8,6
2025-03-22,20,M10,P02,L05,187,128,7,3
2025-03-22,21,M01,P04,L02,144,195,5,1
2025-03-22,21,M02,P01,L05,175,98,19,2
2025-03-22,21,M03,P05,L05,150,134,20,2
2025-03-22,21,M04,P05,L01,109,83,15,8
2025-03-22,21,M05,P03,L04,109,146,7,4
2025-03-22,21,M06,P03,L04,186,83,15,4
2025-03-22,21,M07,P04,L05,149,139,26,3
2025-03-22,21,M08,P02,L02,129,131,24,5
2025-03-22,21,M09,P03,L04,139,152,4,4
2025-03-22,21,M10,P04,L01,155,158,28,2
2025-03-22,22,M01,P03,L05,116,98,17,9
2025-03-22,22,M02,P02,L02,148,190,26,5
2025-03-22,22,M03,P02,L04,195,177,14,4
2025-03-22,22,M04,P04,L02,193,148,7,5
2025-03-22,22,M05,P01,L01,174,117,22,5
2025-03-22,22,M06,P04,L04,161,97,17,6
2025-03-22,22,M07,P03,L02,111,169,29,1
2025-03-22,22,M08,P02,L04,186,172,28,8
2025-03-22,22,M09,P05,L04,111,95,18,0
2025-03-22,22,M10,P03,L01,151,123,4,8
2025-03-22,23,M01,P02,L04,176,83,18,7
2025-03-22,23,M02,P01,L05,116,136,16,3
2025-03-22,23,M03,P05,L04,195,81,24,9
2025-03-22,23,M04,P05,L01,182,103,8,2
2025-03-22,23,M05,P02,L01,114,103,0,6
2025-03-22,23,M06,P03,L02,119,173,18,3
2025-03-22,23,M07,P05,L05,153,116,24,9
2025-03-22,23,M08,P01,L01,144,181,24,6
2025-03-22,23,M09,P03,L02,192,116,7,9
2025-03-22,23,M10,P02,L01,139,114,9,6
2025-03-22,24,M01,P03,L03,193,88,4,6
2025-03-22,24,M02,P05,L05,149,188,6,7
2025-03-22,24,M03,P04,L04,109,140,3,4
2025-03-22,24,M04,P04,L03,123,113,10,0
2025-03-22,24,M05,P04,L05,139,187,14,3
2025-03-22,24,M06,P05,L01,166,112,10,6
2025-03-22,24,M07,P01,L01,167,183,16,3
2025-03-22,24,M08,P02,L04,123,87,22,3
2025-03-22,24,M09,P05,L05,164,106,12,5
2025-03-22,24,M10,P04,L03,166,187,23,1
2025-03-23,1,M01,P03,L01,166,165,14,2
2025-03-23,1,M02,P02,L01,164,86,28,6
2025-03-23,1,M03,P05,L01,195,137,11,1
2025-03-23,1,M04,P02,L05,147,175,5,7
2025-03-23,1,M05,P01,L03,128,164,23,4
2025-03-23,1,M06,P02,L03,179,156,6,4
2025-03-23,1,M07,P02,L02,155,102,22,7
2025-03-23,1,M08,P01,L04,144,185,11,3
2025-03-23,1,M09,P02,L03,105,199,9,9
2025-03-23,1,M10,P04,L03,178,123,8,3
2025-03-23,2,M01,P03,L02,129,181,29,0
2025-03-23,2,M02,P03,L04,163,155,2,9
2025-03-23,2,M03,P01,L05,196,113,18,3
2025-03-23,2,M04,P02,L02,194,89,17,6
2025-03-23,2,M05,P02,L04,156,112,21,9
2025-03-23,2,M06,P01,L03,144,117,18,1
2025-03-23,2,M07,P03,L04,112,165,2,0
2025-03-23,2,M08,P04,L01,195,93,29,1
2025-03-23,2,M09,P03,L03,197,148,23,8
2025-03-23,2,M10,P04,L03,133,182,4,8
2025-03-23,3,M01,P04,L01,152,115,8,1
2025-03-23,3,M02,P04,L02,110,96,25,1
2025-03-23,3,M03,P05,L04,117,101,27,0
2025-03-23,3,M04,P04,L02,131,166,23,7
2025-03-23,3,M05,P03,L05,181,179,18,6
2025-03-23,3,M06,P04,L02,198,159,0,0
2025-03-23,3,M07,P03,L04,156,121,19,9
2025-03-23,3,M08,P01,L04,160,167,17,2
2025-03-23,3,M09,P01,L05,123,125,20,8
2025-03-23,3,M10,P02,L04,105,155,28,3
2025-03-23,4,M01,P05,L02,167,109,27,3
2025-03-23,4,M02,P05,L03,133,84,13,4
2025-03-23,4,M03,P01,L04,119,144,15,6
2025-03-23,4,M04,P01,L03,167,191,11,6
2025-03-23,4,M05,P05,L05,190,172,12,2
2025-03-23,4,M06,P01,L05,149,97,28,7
2025-03-23,4,M07,P01,L05,179,113,22,6
2025-03-23,4,M08,P05,L04,135,125,8,3
2025-03-23,4,M09,P05,L05,180,101,4,3
2025-03-23,4,M10,P05,L03,175,114,3,0
2025-03-23,5,M01,P02,L05,146,182,8,5
2025-03-23,5,M02,P04,L02,150,167,12,2
2025-03-23,5,M03,P04,L03,102,177,29,0
2025-03-23,5,M04,P01,L01,189,196,9,0
2025-03-23,5,M05,P04,L05,134,151,14,2
2025-03-23,5,M06,P02,L03,143,132,17,9
2025-03-23,5,M07,P05,L02,175,182,25,7
2025-03-23,5,M08,P05,L01,185,83,8,1
2025-03-23,5,M09,P03,L01,121,139,5,5
2025-03-23,5,M10,P03,L04,145,120,6,7
2025-03-23,6,M01,P02,L04,110,99,5,6
2025-03-23,6,M02,P01,L05,155,146,27,2
2025-03-23,6,M03,P05,L02,121,198,8,5
2025-03-23,6,M04,P02,L01,163,176,5,2
2025-03-23,6,M05,P01,L02,155,197,11,6
2025-03-23,6,M06,P04,L01,135,153,13,3
2025-03-23,6,M07,P03,L02,169,161,8,9
2025-03-23,6,M08,P03,L05,147,98,5,1
2025-03-23,6,M09,P04,L04,177,176,3,4
2025-03-23,6,M10,P05,L04,141,109,17,8
2025-03-23,7,M01,P05,L04,178,170,16,9
2025-03-23,7,M02,P03,L05,168,165,22,5
2025-03-23,7,M03,P05,L05,197,81,8,5
2025-03-23,7,M04,P04,L02,173,164,28,4
2025-03-23,7,M05,P02,L05,165,132,3,1
2025-03-23,7,M06,P02,L02,170,115,4,1
2025-03-23,7,M07,P02,L03,194,159,18,9
2025-03-23,7,M08,P04,L01,132,140,5,3
2025-03-23,7,M09,P04,L04,108,104,22,3
2025-03-23,7,M10,P05,L01,125,170,3,4
2025-03-23,8,M01,P03,L01,130,160,6,8
2025-03-23,8,M02,P01,L03,112,134,3,8
2025-03-23,8,M03,P03,L02,129,167,15,9
2025-03-23,8,M04,P05,L04,166,196,22,5
2025-03-23,8,M05,P05,L05,111,161,4,6
2025-03-23,8,M06,P05,L01,130,91,22,5
2025-03-23,8,M07,P05,L04,104,199,18,3
2025-03-23,8,M08,P02,L03,162,155,5,6
2025-03-23,8,M09,P01,L02,184,162,20,1
2025-03-23,8,M10,P04,L05,102,143,6,2
2025-03-23,9,M01,P04,L03,144,83,1,5
2025-03-23,9,M02,P04,L05,141,137,19,3
2025-03-23,9,M03,P04,L01,150,164,14,1
2025-03-23,9,M04,P03,L03,139,129,13,7
2025-03-23,9,M05,P01,L05,105,170,2,0
2025-03-23,9,M06,P05,L01,143,137,17,9
2025-03-23,9,M07,P03,L01,135,121,9,1
2025-03-23,9,M08,P03,L02,121,134,4,7
2025-03-23,9,M09,P02,L01,110,89,22,2
2025-03-23,9,M10,P03,L02,106,127,20,6
2025-03-23,10,M01,P03,L03,107,166,3,6
2025-03-23,10,M02,P04,L02,194,154,4,9
2025-03-23,10,M03,P03,L05,146,86,3,6
2025-03-23,10,M04,P04,L02,153,85,20,0
2025-03-23,10,M05,P03,L02,197,93,26,8
2025-03-23,10,M06,P05,L01,179,158,15,7
2025-03-23,10,M07,P02,L01,153,81,28,9
2025-03-23,10,M08,P02,L02,117,98,4,0
2025-03-23,10,M09,P03,L01,120,166,29,4
2025-03-23,10,M10,P02,L03,134,178,15,3
2025-03-23,11,M01,P02,L05,182,89,15,5
2025-03-23,11,M02,P01,L05,103,119,11,8
2025-03-23,11,M03,P03,L02,163,94,28,5
2025-03-23,11,M04,P04,L05,190,158,3,9
2025-03-23,11,M05,P04,L02,124,87,20,7
2025-03-23,11,M06,P05,L01,118,154,16,7
2025-03-23,11,M07,P03,L04,175,169,7,2
2025-03-23,11,M08,P05,L05,144,100,16,0
2025-03-23,11,M09,P03,L05,192,189,25,5
2025-03-23,11,M10,P02,L02,186,152,27,5
2025-03-23,12,M01,P04,L02,175,143,18,2
2025-03-23,12,M02,P04,L04,147,81,22,1
2025-03-23,12,M03,P05,L05,171,122,14,9
2025-03-23,12,M04,P04,L05,173,85,13,3
2025-03-23,12,M05,P03,L04,130,129,19,8
2025-03-23,12,M06,P04,L01,147,163,8,4
2025-03-23,12,M07,P04,L03,194,152,24,8
2025-03-23,12,M08,P01,L01,199,181,21,0
2025-03-23,12,M09,P01,L01,187,192,8,9
2025-03-23,12,M10,P01,L02,112,122,1,3
2025-03-23,13,M01,P03,L03,124,167,11,4
2025-03-23,13,M02,P02,L01,127,93,19,8
2025-03-23,13,M03,P05,L04,112,164,13,1
2025-03-23,13,M04,P02,L01,143,106,8,4
2025-03-23,13,M05,P02,L04,131,149,25,7
2025-03-23,13,M06,P04,L01,145,93,12,9
2025-03-23,13,M07,P05,L04,199,129,1,3
2025-03-23,13,M08,P04,L02,154,88,23,4
2025-03-23,13,M09,P05,L03,117,131,29,8
2025-03-23,13,M10,P04,L02,188,89,20,2
2025-03-23,14,M01,P05,L01,134,131,19,0
2025-03-23,14,M02,P05,L04,111,188,15,2
2025-03-23,14,M03,P05,L05,180,190,3,0
2025-03-23,14,M04,P01,L01,117,95,15,8
2025-03-23,14,M05,P05,L01,116,105,9,7
2025-03-23,14,M06,P01,L01,163,124,7,1
2025-03-23,14,M07,P04,L05,105,119,2,6
2025-03-23,14,M08,P02,L02,102,199,10,8
2025-03-23,14,M09,P01,L02,160,162,16,0
2025-03-23,14,M10,P03,L01,179,108,22,6
2025-03-23,15,M01,P04,L04,109,133,27,7
2025-03-23,15,M02,P02,L03,153,195,8,6
2025-03-23,15,M03,P04,L01,105,165,29,1
2025-03-23,15,M04,P04,L03,118,181,25,9
2025-03-23,15,M05,P01,L05,102,112,7,6
2025-03-23,15,M06,P02,L03,191,107,28,3
2025-03-23,15,M07,P04,L03,180,157,3,0
2025-03-23,15,M08,P05,L05,197,185,17,8
2025-03-23,15,M09,P05,L02,175,191,23,1
2025-03-23,15,M10,P05,L02,115,115,2,3
2025-03-23,16,M01,P02,L02,119,155,12,2
2025-03-23,16,M02,P01,L01,106,130,12,3
2025-03-23,16,M03,P03,L02,168,143,23,1
2025-03-23,16,M04,P04,L01,195,100,24,7
2025-03-23,16,M05,P03,L02,194,136,8,7
2025-03-23,16,M06,P01,L02,186,117,23,6
2025-03-23,16,M07,P02,L02,143,145,21,9
2025-03-23,16,M08,P02,L01,136,136,10,7
2025-03-23,16,M09,P05,L01,106,158,8,3
2025-03-23,16,M10,P04,L02,177,83,8,0
2025-03-23,17,M01,P04,L02,171,158,5,0
2025-03-23,17,M02,P03,L04,177,151,6,7
2025-03-23,17,M03,P02,L01,175,120,9,9
2025-03-23,17,M04,P02,L03,108,128,21,4
2025-03-23,17,M05,P04,L04,135,121,16,1
2025-03-23,17,M06,P05,L04,171,95,27,2
2025-03-23,17,M07,P02,L01,199,112,5,1
2025-03-23,17,M08,P04,L04,191,114,18,1
2025-03-23,17,M09,P01,L02,136,176,15,5
2025-03-23,17,M10,P04,L05,180,102,10,2
2025-03-23,18,M01,P02,L02,188,127,18,7
2025-03-23,18,M02,P04,L04,102,184,25,6
2025-03-23,18,M03,P03,L01,100,82,22,0
2025-03-23,18,M04,P04,L05,168,162,11,7
2025-03-23,18,M05,P01,L01,175,189,28,6
2025-03-23,18,M06,P02,L01,133,138,0,0
2025-03-23,18,M07,P02,L02,121,132,20,1
2025-03-23,18,M08,P04,L03,187,168,8,9
2025-03-23,18,M09,P02,L05,138,159,10,4
2025-03-23,18,M10,P03,L02,139,84,0,2
2025-03-23,19,M01,P02,L05,100,142,9,4
2025-03-23,19,M02,P03,L03,184,116,5,8
2025-03-23,19,M03,P02,L02,154,83,11,4
2025-03-23,19,M04,P03,L03,124,155,0,9
2025-03-23,19,M05,P03,L05,143,182,19,5
2025-03-23,19,M06,P05,L05,145,182,14,6
2025-03-23,19,M07,P03,L03,184,113,1,4
2025-03-23,19,M08,P01,L05,130,135,23,9
2025-03-23,19,M09,P01,L04,100,165,4,2
2025-03-23,19,M10,P05,L01,180,165,18,2
2025-03-23,20,M01,P04,L03,182,106,10,9
2025-03-23,20,M02,P02,L04,134,97,4,5
2025-03-23,20,M03,P05,L02,164,147,29,9
2025-03-23,20,M04,P03,L01,184,151,13,1
2025-03-23,20,M05,P01,L01,151,90,3,1
2025-03-23,20,M06,P02,L03,133,133,10,6
2025-03-23,20,M07,P04,L02,155,168,9,2
2025-03-23,20,M08,P03,L04,144,80,19,0
2025-03-23,20,M09,P01,L02,101,141,11,2
2025-03-23,20,M10,P03,L04,105,106,16,6
2025-03-23,21,M01,P05,L03,176,151,24,8
2025-03-23,21,M02,P05,L04,113,100,10,3
2025-03-23,21,M03,P02,L04,126,112,15,6
2025-03-23,21,M04,P03,L04,193,98,26,6
2025-03-23,21,M05,P04,L01,180,144,20,0
2025-03-23,21,M06,P03,L01,198,115,6,1
2025-03-23,21,M07,P04,L04,138,186,24,7
2025-03-23,21,M08,P02,L04,143,120,19,8
2025-03-23,21,M09,P05,L01,176,117,21,4
2025-03-23,21,M10,P03,L02,177,198,15,6
2025-03-23,22,M01,P05,L04,126,125,9,3
2025-03-23,22,M02,P05,L03,131,111,22,0
2025-03-23,22,M03,P01,L05,170,97,13,7
2025-03-23,22,M04,P01,L01,105,157,23,9
2025-03-23,22,M05,P01,L01,120,191,2,9
2025-03-23,22,M06,P01,L02,197,156,13,3
2025-03-23,22,M07,P01,L04,113,165,16,7
2025-03-23,22,M08,P05,L03,101,128,6,2
2025-03-23,22,M09,P02,L04,113,99,27,8
2025-03-23,22,M10,P01,L01,170,146,4,4
2025-03-23,23,M01,P01,L04,145,138,8,4
2025-03-23,23,M02,P02,L03,181,83,1,4
2025-03-23,23,M03,P04,L02,135,178,25,6
2025-03-23,23,M04,P05,L02,165,120,15,5
2025-03-23,23,M05,P03,L04,170,161,15,3
2025-03-23,23,M06,P05,L02,103,175,15,1
2025-03-23,23,M07,P03,L02,175,184,6,7
2025-03-23,23,M08,P05,L04,173,115,9,6
2025-03-23,23,M09,P03,L03,175,175,18,9
2025-03-23,23,M10,P04,L05,114,100,18,7
2025-03-23,24,M01,P04,L02,175,96,9,2
2025-03-23,24,M02,P03,L05,147,161,19,9
2025-03-23,24,M03,P03,L05,169,107,29,1
2025-03-23,24,M04,P03,L05,145,189,22,8
2025-03-23,24,M05,P04,L01,109,131,26,1
2025-03-23,24,M06,P05,L01,112,102,18,7
2025-03-23,24,M07,P02,L03,128,153,21,5
2025-03-23,24,M08,P02,L02,122,147,7,1
2025-03-23,24,M09,P02,L02,171,185,3,6
2025-03-23,24,M10,P02,L04,114,183,14,2
2025-03-24,1,M01,P01,L04,117,145,4,7
2025-03-24,1,M02,P03,L01,123,102,26,5
2025-03-24,1,M03,P01,L05,162,91,2,9
2025-03-24,1,M04,P05,L02,187,171,6,4
2025-03-24,1,M05,P04,L01,198,186,23,0
2025-03-24,1,M06,P02,L02,157,132,8,5
2025-03-24,1,M07,P03,L04,184,108,3,4
2025-03-24,1,M08,P03,L04,169,99,21,7
2025-03-24,1,M09,P02,L01,103,175,15,3
2025-03-24,1,M10,P04,L04,121,87,25,6
2025-03-24,2,M01,P05,L02,108,169,9,5
2025-03-24,2,M02,P01,L03,124,177,26,2
2025-03-24,2,M03,P02,L02,168,91,7,5
2025-03-24,2,M04,P01,L01,144,126,10,6
2025-03-24,2,M05,P03,L04,184,84,0,8
2025-03-24,2,M06,P02,L03,187,152,29,3
2025-03-24,2,M07,P04,L04,186,118,12,2
2025-03-24,2,M08,P04,L05,138,156,3,7
2025-03-24,2,M09,P04,L03,152,140,14,9
2025-03-24,2,M10,P02,L04,122,181,28,1
2025-03-24,3,M01,P01,L04,129,115,9,9
2025-03-24,3,M02,P05,L02,175,89,24,4
2025-03-24,3,M03,P03,L05,147,122,0,1
2025-03-24,3,M04,P02,L04,108,128,3,7
2025-03-24,3,M05,P03,L05,191,103,28,3
2025-03-24,3,M06,P04,L04,151,99,28,0
2025-03-24,3,M07,P03,L03,120,119,20,3
2025-03-24,3,M08,P01,L01,149,174,8,6
2025-03-24,3,M09,P02,L04,115,100,11,5
2025-03-24,3,M10,P04,L02,168,105,19,7
2025-03-24,4,M01,P03,L02,102,145,0,0
2025-03-24,4,M02,P02,L04,194,129,15,2
2025-03-24,4,M03,P03,L03,136,184,3,9
2025-03-24,4,M04,P02,L03,130,119,12,0
2025-03-24,4,M05,P03,L02,149,167,26,2
2025-03-24,4,M06,P05,L02,121,145,15,8
2025-03-24,4,M07,P04,L01,113,119,8,7
2025-03-24,4,M08,P02,L02,144,80,20,7
2025-03-24,4,M09,P02,L01,118,199,14,2
2025-03-24,4,M10,P05,L03,186,186,13,5
2025-03-24,5,M01,P02,L05,156,134,6,4
2025-03-24,5,M02,P01,L03,193,121,10,7
2025-03-24,5,M03,P04,L04,144,113,22,4
2025-03-24,5,M04,P05,L02,108,188,14,7
2025-03-24,5,M05,P02,L01,180,108,16,2
2025-03-24,5,M06,P02,L03,110,151,20,0
2025-03-24,5,M07,P02,L01,170,184,24,8
2025-03-24,5,M08,P03,L02,137,170,11,4
2025-03-24,5,M09,P02,L04,125,170,23,5
2025-03-24,5,M10,P04,L01,189,116,3,5
2025-03-24,6,M01,P03,L05,142,199,23,4
2025-03-24,6,M02,P03,L04,134,80,9,0
2025-03-24,6,M03,P02,L01,166,167,24,2
2025-03-24,6,M04,P05,L05,144,159,14,9
2025-03-24,6,M05,P03,L01,177,112,25,8
2025-03-24,6,M06,P02,L03,129,153,20,9
2025-03-24,6,M07,P01,L02,112,182,0,6
2025-03-24,6,M08,P02,L02,164,184,9,9
2025-03-24,6,M09,P02,L05,121,167,25,2
2025-03-24,6,M10,P04,L04,147,129,15,4
2025-03-24,7,M01,P02,L03,190,112,15,4
2025-03-24,7,M02,P03,L04,113,153,24,5
2025-03-24,7,M03,P01,L03,169,194,14,2
2025-03-24,7,M04,P02,L01,155,90,11,6
2025-03-24,7,M05,P04,L05,115,139,18,2
2025-03-24,7,M06,P01,L01,135,88,13,8
2025-03-24,7,M07,P01,L02,143,98,20,3
2025-03-24,7,M08,P02,L05,147,99,19,5
2025-03-24,7,M09,P03,L04,163,158,28,1
2025-03-24,7,M10,P05,L01,122,195,22,1
2025-03-24,8,M01,P05,L03,157,97,7,1
2025-03-24,8,M02,P02,L02,181,185,18,2
2025-03-24,8,M03,P04,L02,156,153,12,4
2025-03-24,8,M04,P03,L02,145,140,10,8
2025-03-24,8,M05,P03,L04,176,189,8,3
2025-03-24,8,M06,P04,L03,122,128,15,0
2025-03-24,8,M07,P02,L02,174,108,1,3
2025-03-24,8,M08,P02,L01,174,86,5,5
2025-03-24,8,M09,P04,L01,155,129,7,9
2025-03-24,8,M10,P05,L04,166,115,5,0
2025-03-24,9,M01,P05,L01,178,91,23,5
2025-03-24,9,M02,P04,L03,136,150,7,9
2025-03-24,9,M03,P05,L04,160,89,12,6
2025-03-24,9,M04,P05,L03,181,86,5,7
2025-03-24,9,M05,P05,L04,142,121,25,5
2025-03-24,9,M06,P02,L02,109,152,7,4
2025-03-24,9,M07,P03,L05,141,155,28,9
2025-03-24,9,M08,P02,L02,191,93,12,8
2025-03-24,9,M09,P03,L03,198,84,3,3
2025-03-24,9,M10,P05,L05,183,85,28,6
2025-03-24,10,M01,P04,L03,116,192,4,0
2025-03-24,10,M02,P04,L01,198,143,24,4
2025-03-24,10,M03,P01,L02,110,181,16,2
2025-03-24,10,M04,P05,L05,120,180,4,2
2025-03-24,10,M05,P03,L04,103,117,2,7
2025-03-24,10,M06,P03,L05,150,115,26,5
2025-03-24,10,M07,P01,L03,104,95,20,8
2025-03-24,10,M08,P02,L03,102,116,6,6
2025-03-24,10,M09,P02,L03,171,100,17,9
2025-03-24,10,M10,P04,L02,139,183,16,0
2025-03-24,11,M01,P05,L04,118,174,0,3
2025-03-24,11,M02,P04,L03,136,125,16,3
2025-03-24,11,M03,P04,L05,173,85,21,8
2025-03-24,11,M04,P04,L02,102,108,2,2
2025-03-24,11,M05,P05,L02,105,187,11,3
2025-03-24,11,M06,P05,L02,180,143,22,6
2025-03-24,11,M07,P01,L02,150,174,25,5
2025-03-24,11,M08,P05,L04,136,137,24,5
2025-03-24,11,M09,P05,L01,178,177,22,1
2025-03-24,11,M10,P02,L05,139,135,4,5
2025-03-24,12,M01,P01,L03,176,198,29,8
2025-03-24,12,M02,P01,L05,199,118,1,8
2025-03-24,12,M03,P01,L02,152,193,5,1
2025-03-24,12,M04,P02,L03,165,177,5,8
2025-03-24,12,M05,P02,L04,151,141,1,3
2025-03-24,12,M06,P02,L03,112,182,3,5
2025-03-24,12,M07,P03,L05,126,82,26,2
2025-03-24,12,M08,P05,L05,161,160,13,3
2025-03-24,12,M09,P02,L05,181,94,18,3
2025-03-24,12,M10,P05,L05,108,98,24,0
2025-03-24,13,M01,P03,L04,107,152,20,1
2025-03-24,13,M02,P03,L01,176,105,9,7
2025-03-24,13,M03,P03,L05,129,126,28,3
2025-03-24,13,M04,P04,L04,115,81,9,8
2025-03-24,13,M05,P03,L04,142,107,9,5
2025-03-24,13,M06,P01,L02,183,153,22,0
2025-03-24,13,M07,P04,L02,152,121,29,7
2025-03-24,13,M08,P02,L02,141,100,1,2
2025-03-24,13,M09,P01,L02,126,95,24,5
2025-03-24,13,M10,P04,L01,160,146,23,6
2025-03-24,14,M01,P01,L04,184,116,19,1
2025-03-24,14,M02,P02,L05,199,192,17,1
2025-03-24,14,M03,P02,L01,141,118,29,2
2025-03-24,14,M04,P04,L02,101,146,14,8
2025-03-24,14,M05,P01,L03,197,96,2,6
2025-03-24,14,M06,P03,L02,198,171,22,6
2025-03-24,14,M07,P01,L04,141,92,7,7
2025-03-24,14,M08,P01,L03,159,105,11,2
2025-03-24,14,M09,P04,L04,109,85,16,6
2025-03-24,14,M10,P02,L03,169,112,17,5
2025-03-24,15,M01,P04,L02,124,189,2,4
2025-03-24,15,M02,P02,L03,104,153,12,5
2025-03-24,15,M03,P02,L04,176,131,9,0
2025-03-24,15,M04,P05,L04,171,152,8,0
2025-03-24,15,M05,P04,L05,148,149,16,5
2025-03-24,15,M06,P02,L05,181,181,27,5
2025-03-24,15,M07,P03,L01,141,190,8,6
2025-03-24,15,M08,P03,L04,173,113,21,8
2025-03-24,15,M09,P03,L01,136,87,29,3
2025-03-24,15,M10,P01,L01,170,137,10,6
2025-03-24,16,M01,P05,L05,135,163,0,1
2025-03-24,16,M02,P05,L04,108,102,13,0
2025-03-24,16,M03,P03,L02,137,87,7,8
2025-03-24,16,M04,P04,L01,192,112,5,2
2025-03-24,16,M05,P03,L05,174,185,8,2
2025-03-24,16,M06,P05,L02,170,160,8,9
2025-03-24,16,M07,P04,L02,121,188,27,6
2025-03-24,16,M08,P01,L04,127,108,9,0
2025-03-24,16,M09,P04,L01,152,97,4,2
2025-03-24,16,M10,P05,L01,104,134,11,8
2025-03-24,17,M01,P02,L05,124,140,22,5
2025-03-24,17,M02,P04,L02,141,142,8,8
2025-03-24,17,M03,P03,L03,174,83,16,8
2025-03-24,17,M04,P03,L03,131,161,7,5
2025-03-24,17,M05,P03,L03,112,135,16,2
2025-03-24,17,M06,P05,L05,193,93,23,5
2025-03-24,17,M07,P04,L03,135,149,8,7
2025-03-24,17,M08,P03,L04,188,168,21,8
2025-03-24,17,M09,P03,L02,169,186,3,2
2025-03-24,17,M10,P05,L02,187,198,9,6
2025-03-24,18,M01,P04,L02,101,123,13,6
2025-03-24,18,M02,P02,L01,122,105,17,7
2025-03-24,18,M03,P05,L03,136,122,7,1
2025-03-24,18,M04,P03,L04,107,147,26,9
2025-03-24,18,M05,P03,L02,122,81,0,9
2025-03-24,18,M06,P05,L04,160,99,27,4
2025-03-24,18,M07,P01,L01,139,130,22,2
2025-03-24,18,M08,P05,L04,106,85,1,2
2025-03-24,18,M09,P04,L01,110,139,21,1
2025-03-24,18,M10,P05,L03,141,191,8,3
2025-03-24,19,M01,P02,L02,162,159,25,3
2025-03-24,19,M02,P04,L05,103,160,27,3
2025-03-24,19,M03,P04,L05,138,115,14,3
2025-03-24,19,M04,P01,L01,121,115,29,3
2025-03-24,19,M05,P01,L01,163,91,27,4
2025-03-24,19,M06,P01,L01,169,88,10,1
2025-03-24,19,M07,P03,L01,153,167,29,9
2025-03-24,19,M08,P01,L02,189,162,0,3
2025-03-24,19,M09,P04,L04,158,186,21,1
2025-03-24,19,M10,P01,L03,112,99,7,1
2025-03-24,20,M01,P04,L02,186,102,3,8
2025-03-24,20,M02,P04,L02,185,194,17,0
2025-03-24,20,M03,P02,L02,130,93,19,2
2025-03-24,20,M04,P04,L05,129,154,29,5
2025-03-24,20,M05,P02,L05,138,104,12,7
2025-03-24,20,M06,P03,L04,185,172,26,1
2025-03-24,20,M07,P01,L03,114,197,22,3
2025-03-24,20,M08,P03,L02,186,120,16,3
2025-03-24,20,M09,P04,L02,103,127,0,6
2025-03-24,20,M10,P03,L05,170,113,28,3
2025-03-24,21,M01,P04,L02,185,89,9,2
2025-03-24,21,M02,P03,L01,162,167,6,2
2025-03-24,21,M03,P03,L05,171,193,3,4
2025-03-24,21,M04,P04,L02,151,180,18,4
2025-03-24,21,M05,P05,L05,161,179,10,5
2025-03-24,21,M06,P04,L01,160,182,23,9
2025-03-24,21,M07,P01,L03,190,121,0,0
2025-03-24,21,M08,P02,L05,139,85,28,1
2025-03-24,21,M09,P04,L04,107,180,1,1
2025-03-24,21,M10,P03,L04,186,100,20,9
2025-03-24,22,M01,P04,L01,105,163,6,8
2025-03-24,22,M02,P01,L01,191,111,15,8
2025-03-24,22,M03,P04,L04,102,123,17,3
2025-03-24,22,M04,P01,L02,177,97,0,5
2025-03-24,22,M05,P02,L02,180,186,27,1
2025-03-24,22,M06,P03,L05,130,197,3,2
2025-03-24,22,M07,P01,L03,122,126,27,6
2025-03-24,22,M08,P01,L03,151,128,19,1
2025-03-24,22,M09,P02,L05,125,194,14,8
2025-03-24,22,M10,P02,L05,196,100,2,4
2025-03-24,23,M01,P03,L04,125,187,23,0
2025-03-24,23,M02,P04,L02,153,189,10,3
2025-03-24,23,M03,P02,L04,129,115,12,5
2025-03-24,23,M04,P05,L02,143,173,22,4
2025-03-24,23,M05,P03,L03,120,139,10,2
2025-03-24,23,M06,P02,L05,147,171,22,5
2025-03-24,23,M07,P05,L05,157,119,16,1
2025-03-24,23,M08,P01,L05,195,101,7,2
2025-03-24,23,M09,P01,L04,198,166,28,8
2025-03-24,23,M10,P04,L02,169,198,17,7
2025-03-24,24,M01,P04,L02,104,185,14,9
2025-03-24,24,M02,P01,L05,106,165,3,1
2025-03-24,24,M03,P02,L01,121,148,9,6
2025-03-24,24,M04,P01,L03,121,106,1,4
2025-03-24,24,M05,P01,L01,130,124,0,1
2025-03-24,24,M06,P01,L01,132,186,20,5
2025-03-24,24,M07,P03,L05,125,141,18,5
2025-03-24,24,M08,P02,L01,178,177,29,2
2025-03-24,24,M09,P02,L01,192,89,27,6
2025-03-24,24,M10,P02,L02,117,144,2,8
2025-03-25,1,M01,P05,L02,104,148,14,9
2025-03-25,1,M02,P04,L02,103,198,26,9
2025-03-25,1,M03,P05,L02,138,195,21,0
2025-03-25,1,M04,P03,L04,175,133,9,5
2025-03-25,1,M05,P03,L03,100,144,6,9
2025-03-25,1,M06,P02,L05,106,110,27,7
2025-03-25,1,M07,P05,L01,125,193,28,2
2025-03-25,1,M08,P02,L05,168,173,17,3
2025-03-25,1,M09,P05,L03,183,171,6,0
2025-03-25,1,M10,P03,L05,130,81,7,7
2025-03-25,2,M01,P03,L03,148,95,19,8
2025-03-25,2,M02,P04,L05,130,90,18,9
2025-03-25,2,M03,P03,L04,187,140,5,6
2025-03-25,2,M04,P02,L05,134,172,29,3
2025-03-25,2,M05,P03,L02,162,183,2,9
2025-03-25,2,M06,P05,L01,149,138,15,0
2025-03-25,2,M07,P03,L04,168,167,14,1
2025-03-25,2,M08,P05,L01,177,194,1,8
2025-03-25,2,M09,P04,L03,150,117,20,2
2025-03-25,2,M10,P01,L02,173,174,12,2
2025-03-25,3,M01,P05,L03,140,94,27,3
2025-03-25,3,M02,P02,L04,132,123,22,8
2025-03-25,3,M03,P04,L01,169,81,10,9
2025-03-25,3,M04,P04,L05,105,140,0,2
2025-03-25,3,M05,P01,L05,196,105,24,0
2025-03-25,3,M06,P02,L04,167,156,5,0
2025-03-25,3,M07,P01,L05,156,152,14,1
2025-03-25,3,M08,P02,L05,180,157,14,9
2025-03-25,3,M09,P03,L02,117,180,3,6
2025-03-25,3,M10,P04,L05,125,195,14,7
2025-03-25,4,M01,P05,L04,187,157,28,2
2025-03-25,4,M02,P02,L01,176,109,28,1
2025-03-25,4,M03,P05,L03,111,161,19,0
2025-03-25,4,M04,P02,L05,160,176,17,3
2025-03-25,4,M05,P01,L04,136,185,11,3
2025-03-25,4,M06,P01,L05,188,112,19,3
2025-03-25,4,M07,P04,L04,183,191,27,7
2025-03-25,4,M08,P02,L03,196,137,13,8
2025-03-25,4,M09,P04,L01,194,179,15,1
2025-03-25,4,M10,P02,L02,101,112,16,3
2025-03-25,5,M01,P02,L04,117,115,23,5
2025-03-25,5,M02,P05,L01,128,156,9,5
2025-03-25,5,M03,P03,L02,109,143,17,1
2025-03-25,5,M04,P01,L03,102,109,1,3
2025-03-25,5,M05,P03,L01,130,98,10,3
2025-03-25,5,M06,P04,L05,160,180,16,7
2025-03-25,5,M07,P02,L02,126,129,13,7
2025-03-25,5,M08,P04,L03,155,113,16,0
2025-03-25,5,M09,P04,L01,118,91,3,7
2025-03-25,5,M10,P04,L05,170,97,6,0
2025-03-25,6,M01,P03,L05,191,166,8,9
2025-03-25,6,M02,P02,L01,176,110,26,6
2025-03-25,6,M03,P05,L02,146,177,14,6
2025-03-25,6,M04,P04,L04,104,181,5,9
2025-03-25,6,M05,P01,L03,176,114,14,1
2025-03-25,6,M06,P05,L02,126,125,12,6
2025-03-25,6,M07,P04,L02,152,161,23,5
2025-03-25,6,M08,P01,L05,110,182,7,9
2025-03-25,6,M09,P04,L02,172,199,3,2
2025-03-25,6,M10,P01,L05,130,143,20,7
2025-03-25,7,M01,P01,L01,193,105,2,5
2025-03-25,7,M02,P05,L02,172,193,2,6
2025-03-25,7,M03,P01,L05,190,107,28,0
2025-03-25,7,M04,P05,L03,149,85,16,6
2025-03-25,7,M05,P03,L01,128,110,5,4
2025-03-25,7,M06,P02,L02,173,138,10,7
2025-03-25,7,M07,P02,L02,192,159,22,2
2025-03-25,7,M08,P03,L01,185,114,5,7
2025-03-25,7,M09,P05,L05,141,99,10,7
2025-03-25,7,M10,P02,L01,126,132,6,4
2025-03-25,8,M01,P05,L04,171,171,1,4
2025-03-25,8,M02,P03,L05,140,105,11,1
2025-03-25,8,M03,P02,L03,156,133,5,9
2025-03-25,8,M04,P03,L04,139,96,8,0
2025-03-25,8,M05,P02,L05,163,164,19,9
2025-03-25,8,M06,P04,L02,143,168,20,1
2025-03-25,8,M07,P03,L01,172,196,2,3
2025-03-25,8,M08,P05,L01,139,96,4,0
2025-03-25,8,M09,P04,L05,168,102,21,9
2025-03-25,8,M10,P03,L01,131,135,7,2
2025-03-25,9,M01,P03,L05,187,110,18,2
2025-03-25,9,M02,P04,L04,159,159,16,4
2025-03-25,9,M03,P04,L05,147,117,3,6
2025-03-25,9,M04,P03,L03,148,171,11,7
2025-03-25,9,M05,P03,L04,124,129,1,2
2025-03-25,9,M06,P04,L03,104,183,6,7
2025-03-25,9,M07,P03,L03,117,197,15,2
2025-03-25,9,M08,P04,L05,128,96,14,7
2025-03-25,9,M09,P03,L03,176,117,8,6
2025-03-25,9,M10,P05,L04,147,169,24,0
2025-03-25,10,M01,P01,L02,115,84,20,0
2025-03-25,10,M02,P01,L03,155,183,14,0
2025-03-25,10,M03,P02,L02,143,171,27,6
2025-03-25,10,M04,P01,L04,151,187,7,1
2025-03-25,10,M05,P05,L01,177,183,13,6
2025-03-25,10,M06,P01,L03,189,142,11,5
2025-03-25,10,M07,P03,L01,196,130,15,0
2025-03-25,10,M08,P01,L04,176,126,2,3
2025-03-25,10,M09,P01,L03,190,111,14,5
2025-03-25,10,M10,P01,L02,161,87,21,7
2025-03-25,11,M01,P03,L01,112,163,4,5
2025-03-25,11,M02,P05,L02,127,116,28,9
2025-03-25,11,M03,P03,L05,106,125,25,9
2025-03-25,11,M04,P02,L03,155,185,19,3
2025-03-25,11,M05,P01,L01,149,190,14,9
2025-03-25,11,M06,P03,L03,109,175,20,4
2025-03-25,11,M07,P02,L04,138,139,8,1
2025-03-25,11,M08,P02,L02,105,82,29,1
2025-03-25,11,M09,P02,L02,137,133,20,3
2025-03-25,11,M10,P02,L01,135,144,11,9
2025-03-25,12,M01,P04,L04,143,167,9,2
2025-03-25,12,M02,P04,L03,185,189,14,1
2025-03-25,12,M03,P03,L04,160,174,29,4
2025-03-25,12,M04,P03,L04,113,180,12,3
2025-03-25,12,M05,P03,L04,105,152,21,6
2025-03-25,12,M06,P01,L05,170,199,28,6
2025-03-25,12,M07,P02,L01,179,147,4,8
2025-03-25,12,M08,P03,L01,175,113,22,2
2025-03-25,12,M09,P03,L01,176,195,17,9
2025-03-25,12,M10,P03,L01,101,190,1,8
2025-03-25,13,M01,P05,L03,158,190,5,8
2025-03-25,13,M02,P01,L04,122,87,19,7
2025-03-25,13,M03,P01,L02,110,87,14,2
2025-03-25,13,M04,P03,L04,128,187,17,8
2025-03-25,13,M05,P05,L04,139,131,23,6
2025-03-25,13,M06,P04,L04,194,177,3,4
2025-03-25,13,M07,P03,L04,155,185,4,8
2025-03-25,13,M08,P05,L04,102,175,7,3
2025-03-25,13,M09,P04,L03,111,173,29,0
2025-03-25,13,M10,P03,L01,125,117,19,8
2025-03-25,14,M01,P03,L02,177,188,13,0
2025-03-25,14,M02,P01,L04,193,141,16,2
2025-03-25,14,M03,P03,L03,130,195,7,4
2025-03-25,14,M04,P02,L03,127,196,11,8
2025-03-25,14,M05,P01,L04,155,84,8,6
2025-03-25,14,M06,P04,L02,133,119,26,4
2025-03-25,14,M07,P04,L05,138,187,12,3
2025-03-25,14,M08,P01,L01,169,127,16,4
2025-03-25,14,M09,P02,L05,118,107,22,4
2025-03-25,14,M10,P03,L02,124,187,7,9
2025-03-25,15,M01,P03,L01,137,97,15,5
2025-03-25,15,M02,P02,L05,135,184,1,2
2025-03-25,15,M03,P05,L04,106,140,12,0
2025-03-25,15,M04,P05,L01,115,128,28,7
2025-03-25,15,M05,P03,L03,146,80,26,6
2025-03-25,15,M06,P04,L04,125,97,3,4
2025-03-25,15,M07,P03,L04,161,148,1,9
2025-03-25,15,M08,P01,L02,154,122,10,2
2025-03-25,15,M09,P03,L03,140,132,7,9
2025-03-25,15,M10,P02,L02,185,90,1,5
2025-03-25,16,M01,P03,L01,178,87,18,8
2025-03-25,16,M02,P01,L05,114,94,8,6
2025-03-25,16,M03,P02,L05,164,130,25,9
2025-03-25,16,M04,P01,L04,125,194,12,4
2025-03-25,16,M05,P05,L02,122,171,4,4
2025-03-25,16,M06,P03,L05,183,179,4,1
2025-03-25,16,M07,P02,L03,108,154,21,4
2025-03-25,16,M08,P03,L03,189,93,8,7
2025-03-25,16,M09,P01,L03,148,137,13,7
2025-03-25,16,M10,P05,L02,106,92,2,5
2025-03-25,17,M01,P05,L02,192,149,7,8
2025-03-25,17,M02,P02,L05,122,80,12,4
2025-03-25,17,M03,P03,L02,189,139,15,1
2025-03-25,17,M04,P02,L03,156,145,8,2
2025-03-25,17,M05,P04,L04,134,175,20,3
2025-03-25,17,M06,P01,L01,152,83,23,1
2025-03-25,17,M07,P01,L02,170,183,28,0
2025-03-25,17,M08,P03,L03,154,94,6,2
2025-03-25,17,M09,P05,L03,115,93,19,5
2025-03-25,17,M10,P04,L02,109,137,28,3
2025-03-25,18,M01,P04,L05,174,197,24,3
2025-03-25,18,M02,P03,L03,170,199,1,0
2025-03-25,18,M03,P01,L01,145,195,3,9
2025-03-25,18,M04,P03,L03,182,196,20,3
2025-03-25,18,M05,P05,L05,166,101,23,5
2025-03-25,18,M06,P02,L05,146,196,21,5
2025-03-25,18,M07,P05,L01,199,129,28,3
2025-03-25,18,M08,P05,L02,122,105,21,5
2025-03-25,18,M09,P03,L01,165,115,8,7
2025-03-25,18,M10,P05,L01,191,150,25,0
2025-03-25,19,M01,P05,L01,134,161,23,5
2025-03-25,19,M02,P03,L05,192,100,9,8
2025-03-25,19,M03,P04,L05,107,153,1,3
2025-03-25,19,M04,P05,L02,110,136,15,7
2025-03-25,19,M05,P02,L03,103,129,25,6
2025-03-25,19,M06,P01,L02,149,125,23,9
2025-03-25,19,M07,P05,L04,109,105,29,6
2025-03-25,19,M08,P01,L02,191,170,5,9
2025-03-25,19,M09,P03,L03,180,176,14,2
2025-03-25,19,M10,P05,L02,170,129,3,3
2025-03-25,20,M01,P02,L04,148,149,18,5
2025-03-25,20,M02,P02,L02,176,198,14,9
2025-03-25,20,M03,P05,L05,113,174,24,5
2025-03-25,20,M04,P03,L04,122,144,14,0
2025-03-25,20,M05,P03,L05,108,171,0,4
2025-03-25,20,M06,P05,L01,138,112,3,1
2025-03-25,20,M07,P01,L02,198,197,6,1
2025-03-25,20,M08,P02,L01,128,184,7,0
2025-03-25,20,M09,P04,L02,178,151,29,8
2025-03-25,20,M10,P04,L01,111,115,13,2
2025-03-25,21,M01,P03,L04,119,92,13,0
2025-03-25,21,M02,P04,L01,182,152,10,9
2025-03-25,21,M03,P01,L04,148,98,12,6
2025-03-25,21,M04,P04,L04,130,139,12,4
2025-03-25,21,M05,P04,L03,152,132,10,6
2025-03-25,21,M06,P05,L02,162,88,13,2
2025-03-25,21,M07,P03,L03,154,107,22,9
2025-03-25,21,M08,P03,L01,154,172,17,9
2025-03-25,21,M09,P01,L03,139,122,0,2
2025-03-25,21,M10,P03,L03,191,194,17,4
2025-03-25,22,M01,P03,L05,143,130,10,0
2025-03-25,22,M02,P01,L02,105,188,5,3
2025-03-25,22,M03,P02,L01,101,89,28,0
2025-03-25,22,M04,P05,L02,135,119,18,3
2025-03-25,22,M05,P04,L01,138,165,4,0
2025-03-25,22,M06,P05,L02,161,168,6,6
2025-03-25,22,M07,P05,L01,123,179,11,1
2025-03-25,22,M08,P04,L01,124,179,20,4
2025-03-25,22,M09,P05,L01,165,131,22,1
2025-03-25,22,M10,P04,L05,148,160,7,8
2025-03-25,23,M01,P02,L01,195,137,28,7
2025-03-25,23,M02,P03,L04,144,123,8,4
2025-03-25,23,M03,P05,L04,164,176,23,4
2025-03-25,23,M04,P03,L05,101,87,11,5
2025-03-25,23,M05,P01,L01,143,117,28,2
2025-03-25,23,M06,P05,L04,176,167,1,2
2025-03-25,23,M07,P02,L02,107,183,20,4
2025-03-25,23,M08,P01,L04,122,182,17,8
2025-03-25,23,M09,P05,L04,191,127,29,5
2025-03-25,23,M10,P03,L05,133,115,19,4
2025-03-25,24,M01,P05,L03,139,173,23,8
2025-03-25,24,M02,P02,L04,119,176,6,5
2025-03-25,24,M03,P03,L05,131,196,18,9
2025-03-25,24,M04,P05,L04,110,138,7,8
2025-03-25,24,M05,P04,L01,174,89,26,4
2025-03-25,24,M06,P01,L05,104,82,12,8
2025-03-25,24,M07,P02,L04,161,85,18,1
2025-03-25,24,M08,P03,L04,101,179,15,2
2025-03-25,24,M09,P03,L04,138,122,15,7
2025-03-25,24,M10,P01,L04,186,81,8,4
2025-03-26,1,M01,P03,L02,185,97,9,6
2025-03-26,1,M02,P03,L01,197,88,20,0
2025-03-26,1,M03,P02,L05,123,194,8,4
2025-03-26,1,M04,P02,L03,116,83,6,2
2025-03-26,1,M05,P05,L01,159,157,11,5
2025-03-26,1,M06,P05,L02,120,193,2,8
2025-03-26,1,M07,P02,L03,187,156,23,6
2025-03-26,1,M08,P02,L02,166,157,25,0
2025-03-26,1,M09,P04,L05,104,139,18,3
2025-03-26,1,M10,P03,L01,170,126,24,9
2025-03-26,2,M01,P02,L01,196,152,2,5
2025-03-26,2,M02,P04,L02,182,149,0,3
2025-03-26,2,M03,P01,L01,103,164,27,6
2025-03-26,2,M04,P04,L03,182,121,19,5
2025-03-26,2,M05,P04,L02,163,117,26,5
2025-03-26,2,M06,P05,L02,170,152,2,6
2025-03-26,2,M07,P04,L03,117,109,14,3
2025-03-26,2,M08,P05,L04,171,197,28,0
2025-03-26,2,M09,P04,L03,117,183,4,0
2025-03-26,2,M10,P01,L05,163,128,21,5
2025-03-26,3,M01,P04,L01,126,195,10,9
2025-03-26,3,M02,P04,L05,160,101,12,5
2025-03-26,3,M03,P05,L02,190,123,1,5
2025-03-26,3,M04,P03,L03,163,109,25,9
2025-03-26,3,M05,P01,L05,110,149,18,8
2025-03-26,3,M06,P04,L03,112,148,11,0
2025-03-26,3,M07,P03,L02,134,97,17,8
2025-03-26,3,M08,P02,L03,142,195,15,5
2025-03-26,3,M09,P01,L02,164,157,18,2
2025-03-26,3,M10,P03,L01,131,148,24,5
2025-03-26,4,M01,P04,L05,161,139,6,6
2025-03-26,4,M02,P02,L04,194,124,4,8
2025-03-26,4,M03,P02,L04,140,197,6,9
2025-03-26,4,M04,P02,L02,107,160,19,5
2025-03-26,4,M05,P03,L04,176,116,3,4
2025-03-26,4,M06,P02,L04,193,190,18,7
2025-03-26,4,M07,P05,L02,187,130,0,1
2025-03-26,4,M08,P02,L03,150,118,4,4
2025-03-26,4,M09,P01,L02,100,94,23,7
2025-03-26,4,M10,P02,L01,169,145,16,6
2025-03-26,5,M01,P03,L03,175,161,23,7
2025-03-26,5,M02,P05,L04,125,144,0,9
2025-03-26,5,M03,P02,L03,167,167,11,7
2025-03-26,5,M04,P01,L01,120,94,27,4
2025-03-26,5,M05,P01,L05,150,112,1,7
2025-03-26,5,M06,P04,L04,197,88,28,9
2025-03-26,5,M07,P05,L01,102,192,17,7
2025-03-26,5,M08,P02,L05,125,159,20,8
2025-03-26,5,M09,P05,L04,103,112,29,0
2025-03-26,5,M10,P04,L01,131,188,5,9
2025-03-26,6,M01,P05,L05,111,114,14,3
2025-03-26,6,M02,P04,L03,195,194,25,9
2025-03-26,6,M03,P01,L01,179,138,20,0
2025-03-26,6,M04,P02,L04,116,168,24,3
2025-03-26,6,M05,P01,L04,177,101,13,4
2025-03-26,6,M06,P04,L04,146,113,28,5
2025-03-26,6,M07,P03,L01,106,185,21,1
2025-03-26,6,M08,P01,L01,144,87,22,7
2025-03-26,6,M09,P05,L04,146,116,23,9
2025-03-26,6,M10,P01,L03,158,151,26,1
2025-03-26,7,M01,P02,L03,181,185,17,2
2025-03-26,7,M02,P04,L04,121,80,9,7
2025-03-26,7,M03,P01,L04,178,186,15,5
2025-03-26,7,M04,P04,L01,129,112,24,7
2025-03-26,7,M05,P04,L01,171,173,15,7
2025-03-26,7,M06,P03,L02,144,153,23,5
2025-03-26,7,M07,P01,L03,101,118,11,7
2025-03-26,7,M08,P01,L05,196,168,17,7
2025-03-26,7,M09,P03,L04,184,123,1,4
2025-03-26,7,M10,P03,L04,150,168,0,2
2025-03-26,8,M01,P01,L01,190,100,13,6
2025-03-26,8,M02,P01,L03,162,108,16,9
2025-03-26,8,M03,P04,L01,161,189,21,8
2025-03-26,8,M04,P02,L01,104,97,10,8
2025-03-26,8,M05,P04,L01,167,146,4,4
2025-03-26,8,M06,P01,L05,115,107,29,8
2025-03-26,8,M07,P02,L03,122,186,15,8
2025-03-26,8,M08,P03,L03,166,142,19,7
2025-03-26,8,M09,P05,L02,105,157,23,8
2025-03-26,8,M10,P03,L02,163,130,4,9
2025-03-26,9,M01,P05,L05,130,151,3,6
2025-03-26,9,M02,P02,L05,194,110,2,4
2025-03-26,9,M03,P01,L01,164,142,22,9
2025-03-26,9,M04,P05,L01,108,193,19,3
2025-03-26,9,M05,P01,L04,112,170,17,8
2025-03-26,9,M06,P01,L02,107,139,25,2
2025-03-26,9,M07,P04,L04,162,170,18,3
2025-03-26,9,M08,P04,L03,132,157,20,0
2025-03-26,9,M09,P05,L01,154,144,24,5
2025-03-26,9,M10,P01,L04,138,102,10,6
2025-03-26,10,M01,P02,L01,151,107,6,8
2025-03-26,10,M02,P02,L02,119,166,1,8
2025-03-26,10,M03,P05,L03,108,152,13,2
2025-03-26,10,M04,P04,L05,108,171,3,7
2025-03-26,10,M05,P03,L04,185,80,11,7
2025-03-26,10,M06,P04,L04,141,112,19,2
2025-03-26,10,M07,P02,L02,171,93,28,9
2025-03-26,10,M08,P05,L05,107,167,4,1
2025-03-26,10,M09,P03,L05,171,155,9,1
2025-03-26,10,M10,P02,L01,192,104,25,3
2025-03-26,11,M01,P04,L02,157,150,25,1
2025-03-26,11,M02,P01,L05,114,177,21,4
2025-03-26,11,M03,P01,L04,140,83,0,4
2025-03-26,11,M04,P01,L02,106,194,23,1
2025-03-26,11,M05,P04,L04,154,83,24,2
2025-03-26,11,M06,P02,L01,158,193,8,4
2025-03-26,11,M07,P05,L03,160,84,11,9
2025-03-26,11,M08,P03,L01,127,130,1,6
2025-03-26,11,M09,P01,L05,194,158,0,3
2025-03-26,11,M10,P01,L05,162,114,28,7
2025-03-26,12,M01,P03,L04,180,170,28,6
2025-03-26,12,M02,P01,L04,174,87,18,9
2025-03-26,12,M03,P04,L05,148,151,7,6
2025-03-26,12,M04,P02,L03,131,156,3,1
2025-03-26,12,M05,P01,L05,162,132,2,2
2025-03-26,12,M06,P01,L03,132,95,16,2
2025-03-26,12,M07,P03,L05,168,140,11,0
2025-03-26,12,M08,P05,L05,120,85,23,0
2025-03-26,12,M09,P01,L04,156,160,21,9
2025-03-26,12,M10,P04,L02,156,153,0,4
2025-03-26,13,M01,P02,L02,189,112,28,6
2025-03-26,13,M02,P02,L01,168,165,9,6
2025-03-26,13,M03,P04,L05,150,129,14,0
2025-03-26,13,M04,P03,L04,102,169,23,4
2025-03-26,13,M05,P02,L02,108,187,13,0
2025-03-26,13,M06,P03,L05,191,112,16,4
2025-03-26,13,M07,P03,L03,159,121,23,4
2025-03-26,13,M08,P05,L04,187,197,21,5
2025-03-26,13,M09,P01,L02,180,162,1,8
2025-03-26,13,M10,P04,L02,110,109,13,6
2025-03-26,14,M01,P04,L02,186,91,26,5
2025-03-26,14,M02,P03,L05,154,143,5,3
2025-03-26,14,M03,P01,L02,108,119,3,9
2025-03-26,14,M04,P01,L03,151,148,16,8
2025-03-26,14,M05,P05,L04,178,126,11,0
2025-03-26,14,M06,P01,L04,193,101,29,3
2025-03-26,14,M07,P04,L03,101,174,25,1
2025-03-26,14,M08,P03,L04,158,99,2,2
2025-03-26,14,M09,P05,L03,169,161,14,0
2025-03-26,14,M10,P01,L05,159,197,13,9
2025-03-26,15,M01,P05,L01,179,99,15,5
2025-03-26,15,M02,P02,L01,149,88,5,9
2025-03-26,15,M03,P04,L01,145,157,8,8
2025-03-26,15,M04,P01,L01,130,153,9,6
2025-03-26,15,M05,P02,L05,152,176,16,1
2025-03-26,15,M06,P02,L04,175,168,21,8
2025-03-26,15,M07,P01,L05,148,143,12,0
2025-03-26,15,M08,P01,L02,178,102,29,8
2025-03-26,15,M09,P04,L05,112,134,26,9
2025-03-26,15,M10,P02,L01,121,184,21,6
2025-03-26,16,M01,P01,L02,167,159,10,6
2025-03-26,16,M02,P04,L01,113,186,10,2
2025-03-26,16,M03,P04,L01,115,87,0,4
2025-03-26,16,M04,P04,L02,177,165,23,3
2025-03-26,16,M05,P05,L01,106,164,1,5
2025-03-26,16,M06,P05,L05,112,188,5,8
2025-03-26,16,M07,P01,L04,195,134,28,2
2025-03-26,16,M08,P01,L04,176,155,25,6
2025-03-26,16,M09,P01,L04,173,127,11,5
2025-03-26,16,M10,P04,L04,185,117,26,3
2025-03-26,17,M01,P05,L01,167,169,10,2
2025-03-26,17,M02,P02,L03,186,185,17,0
2025-03-26,17,M03,P02,L05,176,91,4,7
2025-03-26,17,M04,P03,L04,167,110,8,7
2025-03-26,17,M05,P03,L03,179,181,28,4
2025-03-26,17,M06,P04,L03,177,115,9,5
2025-03-26,17,M07,P04,L01,113,143,18,8
2025-03-26,17,M08,P03,L05,155,130,22,4
2025-03-26,17,M09,P05,L04,166,150,27,5
2025-03-26,17,M10,P04,L05,121,174,0,7
2025-03-26,18,M01,P05,L03,167,145,20,6
2025-03-26,18,M02,P02,L05,175,80,2,0
2025-03-26,18,M03,P03,L03,107,100,18,4
2025-03-26,18,M04,P03,L02,189,80,22,4
2025-03-26,18,M05,P03,L04,191,86,27,9
2025-03-26,18,M06,P02,L05,145,188,7,3
2025-03-26,18,M07,P02,L02,145,81,10,9
2025-03-26,18,M08,P02,L01,187,186,7,5
2025-03-26,18,M09,P03,L02,124,150,13,4
2025-03-26,18,M10,P01,L05,180,162,24,7
2025-03-26,19,M01,P03,L04,130,187,7,3
2025-03-26,19,M02,P05,L02,111,116,26,4
2025-03-26,19,M03,P05,L01,188,113,9,8
2025-03-26,19,M04,P05,L01,114,105,0,2
2025-03-26,19,M05,P04,L02,121,153,8,3
2025-03-26,19,M06,P05,L02,196,153,12,6
2025-03-26,19,M07,P04,L03,181,158,7,8
2025-03-26,19,M08,P02,L05,193,159,9,8
2025-03-26,19,M09,P01,L04,172,163,5,1
2025-03-26,19,M10,P05,L05,158,192,11,4
2025-03-26,20,M01,P05,L04,138,155,23,0
2025-03-26,20,M02,P03,L03,131,112,23,9
2025-03-26,20,M03,P04,L02,180,80,19,3
2025-03-26,20,M04,P04,L04,146,100,10,9
2025-03-26,20,M05,P02,L03,173,152,6,0
2025-03-26,20,M06,P04,L04,140,163,6,7
2025-03-26,20,M07,P05,L03,146,94,11,4
2025-03-26,20,M08,P04,L02,173,172,8,2
2025-03-26,20,M09,P05,L03,107,132,1,9
2025-03-26,20,M10,P02,L04,113,104,8,9
2025-03-26,21,M01,P05,L05,148,102,4,2
2025-03-26,21,M02,P01,L05,183,89,17,3
2025-03-26,21,M03,P03,L03,192,183,6,0
2025-03-26,21,M04,P03,L03,107,155,29,2
2025-03-26,21,M05,P02,L05,181,177,18,2
2025-03-26,21,M06,P02,L02,163,175,7,4
2025-03-26,21,M07,P05,L01,170,84,7,7
2025-03-26,21,M08,P02,L03,161,119,20,2
2025-03-26,21,M09,P04,L01,145,153,18,2
2025-03-26,21,M10,P03,L05,127,162,0,1
2025-03-26,22,M01,P02,L05,109,135,5,5
2025-03-26,22,M02,P03,L03,185,100,28,1
2025-03-26,22,M03,P03,L05,158,174,15,9
2025-03-26,22,M04,P01,L03,127,150,3,9
2025-03-26,22,M05,P03,L05,149,150,21,7
2025-03-26,22,M06,P02,L04,108,111,2,2
2025-03-26,22,M07,P01,L05,176,176,3,9
2025-03-26,22,M08,P02,L04,194,188,7,0
2025-03-26,22,M09,P04,L02,142,122,18,9
2025-03-26,22,M10,P04,L04,104,121,1,5
2025-03-26,23,M01,P04,L03,116,82,8,6
2025-03-26,23,M02,P05,L04,175,86,28,5
2025-03-26,23,M03,P02,L05,117,81,15,9
2025-03-26,23,M04,P03,L03,158,181,19,7
2025-03-26,23,M05,P05,L05,164,131,1,5
2025-03-26,23,M06,P01,L01,137,170,29,8
2025-03-26,23,M07,P03,L05,191,155,11,2
2025-03-26,23,M08,P01,L01,128,194,18,4
2025-03-26,23,M09,P01,L01,133,169,21,1
2025-03-26,23,M10,P01,L02,151,130,1,1
2025-03-26,24,M01,P02,L05,186,124,5,6
2025-03-26,24,M02,P02,L03,136,138,25,6
2025-03-26,24,M03,P01,L02,171,139,10,4
2025-03-26,24,M04,P04,L05,111,159,20,4
2025-03-26,24,M05,P02,L02,120,171,1,4
2025-03-26,24,M06,P03,L05,158,126,20,9
2025-03-26,24,M07,P02,L01,112,94,1,0
2025-03-26,24,M08,P01,L01,178,133,6,4
2025-03-26,24,M09,P04,L04,170,179,10,4
2025-03-26,24,M10,P05,L03,161,124,6,5
2025-03-27,1,M01,P03,L03,115,188,2,5
2025-03-27,1,M02,P02,L01,182,191,29,2
2025-03-27,1,M03,P03,L03,181,92,11,8
2025-03-27,1,M04,P03,L05,130,167,29,6
2025-03-27,1,M05,P01,L05,144,94,5,9
2025-03-27,1,M06,P05,L04,125,101,3,0
2025-03-27,1,M07,P05,L01,127,192,2,9
2025-03-27,1,M08,P01,L05,147,133,17,5
2025-03-27,1,M09,P05,L05,176,175,25,9
2025-03-27,1,M10,P05,L03,134,82,20,3
2025-03-27,2,M01,P03,L02,133,82,12,7
2025-03-27,2,M02,P05,L05,104,129,10,5
2025-03-27,2,M03,P04,L01,107,120,14,5
2025-03-27,2,M04,P02,L03,105,110,26,3
2025-03-27,2,M05,P05,L03,196,174,27,8
2025-03-27,2,M06,P01,L02,162,96,24,1
2025-03-27,2,M07,P03,L04,116,89,18,5
2025-03-27,2,M08,P04,L03,113,94,28,8
2025-03-27,2,M09,P05,L03,139,174,4,6
2025-03-27,2,M10,P02,L04,177,101,29,7
2025-03-27,3,M01,P05,L04,171,161,5,5
2025-03-27,3,M02,P01,L04,182,104,24,2
2025-03-27,3,M03,P05,L03,198,112,6,7
2025-03-27,3,M04,P05,L03,141,131,29,0
2025-03-27,3,M05,P02,L03,119,142,3,3
2025-03-27,3,M06,P04,L01,148,96,20,9
2025-03-27,3,M07,P01,L01,144,160,21,8
2025-03-27,3,M08,P01,L03,162,105,2,4
2025-03-27,3,M09,P02,L03,142,199,10,2
2025-03-27,3,M10,P03,L01,192,106,9,4
2025-03-27,4,M01,P05,L02,120,169,21,4
2025-03-27,4,M02,P02,L01,162,81,22,2
2025-03-27,4,M03,P05,L03,117,114,9,6
2025-03-27,4,M04,P02,L01,136,166,0,0
2025-03-27,4,M05,P03,L04,147,118,0,5
2025-03-27,4,M06,P05,L04,146,122,17,1
2025-03-27,4,M07,P01,L02,137,138,15,2
2025-03-27,4,M08,P04,L04,130,113,8,6
2025-03-27,4,M09,P05,L01,130,134,20,9
2025-03-27,4,M10,P02,L04,196,184,25,7
2025-03-27,5,M01,P01,L03,176,170,17,5
2025-03-27,5,M02,P02,L03,143,167,21,4
2025-03-27,5,M03,P01,L05,150,118,21,6
2025-03-27,5,M04,P05,L02,153,164,2,9
2025-03-27,5,M05,P04,L02,161,180,22,5
2025-03-27,5,M06,P05,L03,166,149,29,8
2025-03-27,5,M07,P02,L03,156,138,29,4
2025-03-27,5,M08,P01,L01,142,183,1,0
2025-03-27,5,M09,P01,L02,119,156,21,3
2025-03-27,5,M10,P02,L04,103,170,7,8
2025-03-27,6,M01,P03,L05,127,106,6,1
2025-03-27,6,M02,P02,L05,113,108,13,8
2025-03-27,6,M03,P05,L01,184,139,16,1
2025-03-27,6,M04,P02,L03,187,170,18,2
2025-03-27,6,M05,P01,L05,151,187,3,8
2025-03-27,6,M06,P04,L05,176,113,24,1
2025-03-27,6,M07,P05,L01,153,100,23,1
2025-03-27,6,M08,P04,L01,103,90,5,6
2025-03-27,6,M09,P05,L02,129,185,22,5
2025-03-27,6,M10,P01,L03,187,139,15,6
2025-03-27,7,M01,P01,L02,187,110,19,9
2025-03-27,7,M02,P02,L04,110,95,3,7
2025-03-27,7,M03,P05,L01,167,131,24,2
2025-03-27,7,M04,P01,L04,187,163,17,9
2025-03-27,7,M05,P03,L03,151,97,11,4
2025-03-27,7,M06,P02,L02,120,133,14,5
2025-03-27,7,M07,P02,L05,165,97,2,1
2025-03-27,7,M08,P02,L01,131,104,23,4
2025-03-27,7,M09,P04,L05,197,105,9,6
2025-03-27,7,M10,P01,L05,131,87,17,9
2025-03-27,8,M01,P01,L01,162,97,19,9
2025-03-27,8,M02,P05,L02,190,118,22,9
2025-03-27,8,M03,P03,L05,195,124,3,5
2025-03-27,8,M04,P01,L01,112,151,5,8
2025-03-27,8,M05,P04,L02,127,80,14,6
2025-03-27,8,M06,P04,L01,154,142,22,7
2025-03-27,8,M07,P05,L05,155,111,9,4
2025-03-27,8,M08,P03,L01,123,92,28,6
2025-03-27,8,M09,P03,L05,169,101,26,4
2025-03-27,8,M10,P05,L02,125,118,4,1
2025-03-27,9,M01,P04,L05,127,90,16,7
2025-03-27,9,M02,P01,L05,155,108,4,6
2025-03-27,9,M03,P05,L03,112,194,12,8
2025-03-27,9,M04,P04,L03,146,87,15,0
2025-03-27,9,M05,P03,L02,142,180,12,7
2025-03-27,9,M06,P05,L05,146,117,24,8
2025-03-27,9,M07,P04,L01,126,138,12,4
2025-03-27,9,M08,P05,L03,196,161,3,8
2025-03-27,9,M09,P05,L01,105,99,5,1
2025-03-27,9,M10,P05,L02,179,157,13,3
2025-03-27,10,M01,P01,L01,171,170,0,9
2025-03-27,10,M02,P04,L02,105,80,8,6
2025-03-27,10,M03,P02,L01,117,116,18,0
2025-03-27,10,M04,P04,L05,164,149,16,7
2025-03-27,10,M05,P03,L05,127,158,27,7
2025-03-27,10,M06,P03,L02,179,150,16,2
2025-03-27,10,M07,P03,L03,170,130,2,1
2025-03-27,10,M08,P03,L05,180,111,10,3
2025-03-27,10,M09,P04,L04,158,163,9,2
2025-03-27,10,M10,P04,L05,146,199,9,0
2025-03-27,11,M01,P05,L03,140,115,26,7
2025-03-27,11,M02,P01,L04,101,108,26,8
2025-03-27,11,M03,P03,L01,110,199,29,3
2025-03-27,11,M04,P03,L03,180,83,19,4
2025-03-27,11,M05,P04,L05,172,196,4,7
2025-03-27,11,M06,P02,L04,148,160,16,9
2025-03-27,11,M07,P05,L05,153,189,9,9
2025-03-27,11,M08,P04,L04,144,134,20,0
2025-03-27,11,M09,P04,L01,151,191,5,8
2025-03-27,11,M10,P04,L01,134,82,11,7
2025-03-27,12,M01,P04,L02,168,113,20,3
2025-03-27,12,M02,P05,L01,155,96,0,2
2025-03-27,12,M03,P01,L05,145,93,5,4
2025-03-27,12,M04,P05,L04,198,111,1,0
2025-03-27,12,M05,P02,L02,115,168,25,4
2025-03-27,12,M06,P03,L04,107,146,20,6
2025-03-27,12,M07,P02,L04,198,110,10,8
2025-03-27,12,M08,P01,L03,160,136,29,0
2025-03-27,12,M09,P02,L04,154,187,13,3
2025-03-27,12,M10,P01,L02,196,181,4,4
2025-03-27,13,M01,P02,L02,103,129,19,4
2025-03-27,13,M02,P04,L04,176,114,17,0
2025-03-27,13,M03,P04,L05,108,105,0,8
2025-03-27,13,M04,P04,L02,114,163,26,1
2025-03-27,13,M05,P02,L03,156,105,1,7
2025-03-27,13,M06,P01,L02,114,147,2,9
2025-03-27,13,M07,P03,L02,118,125,8,2
2025-03-27,13,M08,P04,L01,148,199,25,4
2025-03-27,13,M09,P01,L02,185,113,21,6
2025-03-27,13,M10,P05,L04,194,196,27,3
2025-03-27,14,M01,P04,L02,100,89,22,2
2025-03-27,14,M02,P05,L05,144,87,1,3
2025-03-27,14,M03,P03,L01,128,142,1,7
2025-03-27,14,M04,P04,L01,150,158,20,3
2025-03-27,14,M05,P05,L02,127,199,7,4
2025-03-27,14,M06,P01,L05,152,192,11,3
2025-03-27,14,M07,P04,L03,190,191,17,0
2025-03-27,14,M08,P03,L02,168,144,25,9
2025-03-27,14,M09,P04,L02,144,159,9,1
2025-03-27,14,M10,P05,L02,117,133,7,1
2025-03-27,15,M01,P05,L05,110,82,15,7
2025-03-27,15,M02,P01,L01,112,128,2,7
2025-03-27,15,M03,P02,L03,178,197,6,1
2025-03-27,15,M04,P03,L01,176,140,16,2
2025-03-27,15,M05,P05,L01,165,101,7,8
2025-03-27,15,M06,P04,L02,102,100,4,7
2025-03-27,15,M07,P03,L01,166,133,21,3
2025-03-27,15,M08,P02,L05,112,98,12,3
2025-03-27,15,M09,P02,L02,148,181,4,4
2025-03-27,15,M10,P05,L04,119,104,10,8
2025-03-27,16,M01,P05,L05,186,194,14,0
2025-03-27,16,M02,P03,L01,168,135,21,7
2025-03-27,16,M03,P02,L01,130,87,0,4
2025-03-27,16,M04,P05,L03,133,190,0,9
2025-03-27,16,M05,P05,L01,149,140,4,4
2025-03-27,16,M06,P01,L02,184,196,2,5
2025-03-27,16,M07,P02,L03,163,125,13,1
2025-03-27,16,M08,P02,L01,184,102,0,7
2025-03-27,16,M09,P05,L03,146,117,16,7
2025-03-27,16,M10,P05,L05,122,137,19,1
2025-03-27,17,M01,P04,L04,161,167,8,3
2025-03-27,17,M02,P01,L04,101,155,11,9
2025-03-27,17,M03,P02,L03,189,167,9,8
2025-03-27,17,M04,P01,L01,131,127,28,8
2025-03-27,17,M05,P02,L03,149,163,22,3
2025-03-27,17,M06,P05,L02,155,125,6,6
2025-03-27,17,M07,P04,L01,136,195,25,8
2025-03-27,17,M08,P03,L03,144,160,14,5
2025-03-27,17,M09,P03,L03,153,102,0,5
2025-03-27,17,M10,P05,L05,138,199,29,6
2025-03-27,18,M01,P01,L03,177,81,24,2
2025-03-27,18,M02,P02,L03,165,124,13,2
2025-03-27,18,M03,P03,L05,100,131,28,6
2025-03-27,18,M04,P05,L05,137,123,9,2
2025-03-27,18,M05,P05,L01,197,196,18,3
2025-03-27,18,M06,P03,L03,146,110,18,9
2025-03-27,18,M07,P03,L03,139,154,16,1
2025-03-27,18,M08,P01,L02,138,185,22,7
2025-03-27,18,M09,P02,L05,141,160,15,5
2025-03-27,18,M10,P05,L03,149,114,3,4
2025-03-27,19,M01,P02,L02,151,103,5,6
2025-03-27,19,M02,P04,L04,144,157,6,4
2025-03-27,19,M03,P04,L03,149,113,2,3
2025-03-27,19,M04,P01,L05,119,111,1,5
2025-03-27,19,M05,P04,L02,177,148,23,4
2025-03-27,19,M06,P02,L04,173,92,13,7
2025-03-27,19,M07,P01,L02,140,167,0,8
2025-03-27,19,M08,P01,L03,187,122,25,6
2025-03-27,19,M09,P01,L05,195,176,8,5
2025-03-27,19,M10,P01,L03,198,104,13,4
2025-03-27,20,M01,P03,L01,152,89,15,1
2025-03-27,20,M02,P02,L05,128,96,25,3
2025-03-27,20,M03,P05,L04,178,83,12,1
2025-03-27,20,M04,P05,L05,154,112,5,1
2025-03-27,20,M05,P02,L05,135,92,27,6
2025-03-27,20,M06,P01,L01,125,176,22,6
2025-03-27,20,M07,P02,L05,174,128,12,3
2025-03-27,20,M08,P02,L03,160,95,18,3
2025-03-27,20,M09,P01,L04,195,83,17,9
2025-03-27,20,M10,P02,L05,103,191,23,1
2025-03-27,21,M01,P04,L04,139,164,12,1
2025-03-27,21,M02,P04,L02,149,133,2,6
2025-03-27,21,M03,P01,L01,111,182,29,0
2025-03-27,21,M04,P04,L04,137,127,14,2
2025-03-27,21,M05,P02,L05,150,124,19,7
2025-03-27,21,M06,P04,L03,155,80,29,8
2025-03-27,21,M07,P04,L04,129,124,11,3
2025-03-27,21,M08,P02,L02,174,127,12,1
2025-03-27,21,M09,P03,L03,110,196,29,0
2025-03-27,21,M10,P03,L05,107,142,21,3
2025-03-27,22,M01,P04,L03,192,117,8,1
2025-03-27,22,M02,P01,L02,199,99,8,8
2025-03-27,22,M03,P05,L03,174,162,12,9
2025-03-27,22,M04,P02,L05,170,92,15,7
2025-03-27,22,M05,P04,L02,183,156,24,6
2025-03-27,22,M06,P05,L04,193,180,22,8
2025-03-27,22,M07,P05,L02,113,115,24,7
2025-03-27,22,M08,P05,L01,174,95,11,0
2025-03-27,22,M09,P05,L04,122,84,7,2
2025-03-27,22,M10,P05,L03,141,121,24,7
2025-03-27,23,M01,P04,L01,145,140,13,5
2025-03-27,23,M02,P01,L02,164,91,22,7
2025-03-27,23,M03,P04,L01,180,173,6,4
2025-03-27,23,M04,P01,L05,108,198,27,6
2025-03-27,23,M05,P02,L02,141,112,13,6
2025-03-27,23,M06,P01,L05,154,118,25,2
2025-03-27,23,M07,P04,L03,106,108,15,6
2025-03-27,23,M08,P05,L03,107,124,8,4
2025-03-27,23,M09,P03,L02,187,96,14,1
2025-03-27,23,M10,P04,L01,123,81,7,2
2025-03-27,24,M01,P04,L02,175,198,6,5
2025-03-27,24,M02,P01,L01,157,94,19,1
2025-03-27,24,M03,P03,L05,190,125,13,0
2025-03-27,24,M04,P02,L04,167,146,6,3
2025-03-27,24,M05,P05,L03,135,130,3,9
2025-03-27,24,M06,P04,L04,177,115,2,5
2025-03-27,24,M07,P05,L04,105,91,6,3
2025-03-27,24,M08,P01,L03,148,91,7,1
2025-03-27,24,M09,P02,L03,173,149,4,6
2025-03-27,24,M10,P03,L01,144,148,29,2
2025-03-28,1,M01,P04,L03,143,193,2,8
2025-03-28,1,M02,P04,L01,187,97,28,8
2025-03-28,1,M03,P02,L05,132,83,19,6
2025-03-28,1,M04,P04,L02,189,142,10,0
2025-03-28,1,M05,P03,L03,191,167,12,0
2025-03-28,1,M06,P01,L04,113,92,15,8
2025-03-28,1,M07,P03,L05,103,147,7,8
2025-03-28,1,M08,P02,L02,122,131,23,9
2025-03-28,1,M09,P02,L02,156,117,10,4
2025-03-28,1,M10,P03,L01,136,100,7,8
2025-03-28,2,M01,P01,L04,120,125,1,9
2025-03-28,2,M02,P01,L04,139,111,29,5
2025-03-28,2,M03,P03,L02,149,149,19,0
2025-03-28,2,M04,P02,L01,182,199,8,8
2025-03-28,2,M05,P04,L05,168,143,11,0
2025-03-28,2,M06,P03,L03,172,142,11,7
2025-03-28,2,M07,P05,L05,144,131,16,2
2025-03-28,2,M08,P04,L05,103,140,0,5
2025-03-28,2,M09,P03,L03,191,168,23,1
2025-03-28,2,M10,P02,L03,155,131,21,2
2025-03-28,3,M01,P02,L01,125,189,7,5
2025-03-28,3,M02,P04,L04,108,86,0,5
2025-03-28,3,M03,P03,L04,176,152,18,1
2025-03-28,3,M04,P03,L02,161,84,9,7
2025-03-28,3,M05,P03,L03,167,178,4,7
2025-03-28,3,M06,P05,L05,183,139,25,1
2025-03-28,3,M07,P05,L04,107,87,0,7
2025-03-28,3,M08,P02,L03,109,119,12,4
2025-03-28,3,M09,P03,L05,154,183,18,6
2025-03-28,3,M10,P03,L01,153,102,29,8
2025-03-28,4,M01,P04,L04,103,91,26,4
2025-03-28,4,M02,P02,L05,111,132,14,0
2025-03-28,4,M03,P01,L04,198,155,27,5
2025-03-28,4,M04,P03,L05,108,131,24,5
2025-03-28,4,M05,P04,L04,125,180,16,8
2025-03-28,4,M06,P03,L03,138,100,20,5
2025-03-28,4,M07,P03,L03,150,188,7,2
2025-03-28,4,M08,P05,L02,142,196,1,0
2025-03-28,4,M09,P02,L03,199,166,22,8
2025-03-28,4,M10,P03,L04,159,162,9,9
2025-03-28,5,M01,P04,L01,136,189,17,7
2025-03-28,5,M02,P03,L02,154,168,24,7
2025-03-28,5,M03,P05,L03,157,176,6,3
2025-03-28,5,M04,P02,L01,123,89,6,9
2025-03-28,5,M05,P04,L04,147,98,7,5
2025-03-28,5,M06,P02,L03,158,188,15,1
2025-03-28,5,M07,P05,L01,193,87,28,2
2025-03-28,5,M08,P04,L05,126,130,11,2
2025-03-28,5,M09,P01,L03,114,125,14,7
2025-03-28,5,M10,P04,L03,187,111,5,6
2025-03-28,6,M01,P03,L03,112,137,14,9
2025-03-28,6,M02,P02,L01,114,105,11,8
2025-03-28,6,M03,P03,L04,172,178,12,3
2025-03-28,6,M04,P05,L03,159,195,8,1
2025-03-28,6,M05,P03,L02,178,168,17,6
2025-03-28,6,M06,P03,L03,101,140,10,9
2025-03-28,6,M07,P02,L05,106,162,4,2
2025-03-28,6,M08,P01,L02,180,153,3,4
2025-03-28,6,M09,P02,L01,143,122,2,2
2025-03-28,6,M10,P05,L02,149,115,4,2
2025-03-28,7,M01,P01,L01,153,131,21,0
2025-03-28,7,M02,P01,L05,103,120,5,3
2025-03-28,7,M03,P03,L02,111,185,15,9
2025-03-28,7,M04,P05,L01,132,100,22,8
2025-03-28,7,M05,P02,L01,190,129,0,2
2025-03-28,7,M06,P01,L01,123,98,17,5
2025-03-28,7,M07,P04,L01,133,115,6,1
2025-03-28,7,M08,P04,L04,155,126,6,6
2025-03-28,7,M09,P03,L01,163,175,2,9
2025-03-28,7,M10,P04,L01,149,82,27,8
2025-03-28,8,M01,P05,L02,172,134,13,1
2025-03-28,8,M02,P02,L04,156,133,29,2
2025-03-28,8,M03,P04,L01,176,183,20,4
2025-03-28,8,M04,P04,L02,103,175,26,8
2025-03-28,8,M05,P05,L05,156,100,0,1
2025-03-28,8,M06,P02,L03,107,146,2,5
2025-03-28,8,M07,P04,L03,197,166,4,4
2025-03-28,8,M08,P01,L05,101,125,4,6
2025-03-28,8,M09,P04,L05,114,121,1,7
2025-03-28,8,M10,P05,L05,184,104,21,2
2025-03-28,9,M01,P05,L04,161,117,24,0
2025-03-28,9,M02,P04,L01,186,172,28,0
2025-03-28,9,M03,P01,L05,134,124,4,6
2025-03-28,9,M04,P03,L02,187,82,0,5
2025-03-28,9,M05,P03,L05,184,91,27,5
2025-03-28,9,M06,P05,L03,115,180,14,9
2025-03-28,9,M07,P01,L03,139,136,19,4
2025-03-28,9,M08,P02,L05,115,84,19,7
2025-03-28,9,M09,P03,L03,159,197,17,3
2025-03-28,9,M10,P03,L05,178,117,26,9
2025-03-28,10,M01,P02,L01,135,183,4,2
2025-03-28,10,M02,P03,L02,158,133,27,3
2025-03-28,10,M03,P05,L01,172,99,0,6
2025-03-28,10,M04,P02,L02,147,149,24,7
2025-03-28,10,M05,P03,L01,111,162,9,4
2025-03-28,10,M06,P05,L03,144,178,22,5
2025-03-28,10,M07,P04,L05,120,138,7,0
2025-03-28,10,M08,P05,L04,124,95,29,0
2025-03-28,10,M09,P03,L01,166,154,10,3
2025-03-28,10,M10,P04,L05,124,117,20,5
2025-03-28,11,M01,P02,L01,154,93,28,6
2025-03-28,11,M02,P05,L04,170,183,21,7
2025-03-28,11,M03,P01,L01,183,95,8,4
2025-03-28,11,M04,P04,L03,124,145,1,7
2025-03-28,11,M05,P03,L05,168,119,15,5
2025-03-28,11,M06,P01,L02,166,168,25,4
2025-03-28,11,M07,P02,L01,179,131,21,2
2025-03-28,11,M08,P05,L05,175,197,13,0
2025-03-28,11,M09,P02,L02,124,168,10,3
2025-03-28,11,M10,P04,L02,142,151,6,0
2025-03-28,12,M01,P04,L02,120,81,12,4
2025-03-28,12,M02,P05,L02,195,191,17,0
2025-03-28,12,M03,P04,L04,178,190,3,8
2025-03-28,12,M04,P01,L04,109,126,10,0
2025-03-28,12,M05,P01,L05,121,105,2,0
2025-03-28,12,M06,P05,L02,137,98,3,2
2025-03-28,12,M07,P03,L04,131,106,24,4
2025-03-28,12,M08,P03,L05,106,157,8,4
2025-03-28,12,M09,P05,L02,108,84,21,8
2025-03-28,12,M10,P03,L04,129,157,27,2
2025-03-28,13,M01,P04,L04,138,134,10,0
2025-03-28,13,M02,P03,L02,180,104,8,4
2025-03-28,13,M03,P03,L03,103,130,8,1
2025-03-28,13,M04,P04,L02,118,161,14,2
2025-03-28,13,M05,P05,L04,111,95,27,6
2025-03-28,13,M06,P04,L04,158,109,15,0
2025-03-28,13,M07,P01,L04,145,84,17,5
2025-03-28,13,M08,P02,L02,157,146,14,9
2025-03-28,13,M09,P05,L04,150,124,15,3
2025-03-28,13,M10,P04,L02,178,134,1,2
2025-03-28,14,M01,P03,L01,160,105,28,3
2025-03-28,14,M02,P04,L01,126,121,21,7
2025-03-28,14,M03,P03,L05,140,170,18,8
2025-03-28,14,M04,P02,L05,190,143,7,5
2025-03-28,14,M05,P05,L01,199,92,14,1
2025-03-28,14,M06,P04,L01,155,153,24,0
2025-03-28,14,M07,P05,L02,162,91,15,2
2025-03-28,14,M08,P01,L03,102,171,19,7
2025-03-28,14,M09,P03,L03,145,110,0,6
2025-03-28,14,M10,P04,L05,187,119,22,0
2025-03-28,15,M01,P03,L02,125,114,14,7
2025-03-28,15,M02,P05,L05,171,194,3,0
2025-03-28,15,M03,P03,L01,107,128,16,5
2025-03-28,15,M04,P03,L04,105,134,0,2
2025-03-28,15,M05,P01,L04,178,119,19,9
2025-03-28,15,M06,P02,L01,109,183,27,4
2025-03-28,15,M07,P05,L01,129,138,2,5
2025-03-28,15,M08,P03,L04,117,150,2,4
2025-03-28,15,M09,P04,L01,140,139,21,2
2025-03-28,15,M10,P04,L03,132,103,25,3
2025-03-28,16,M01,P05,L02,191,99,7,1
2025-03-28,16,M02,P03,L02,115,127,8,5
2025-03-28,16,M03,P03,L03,133,141,15,7
2025-03-28,16,M04,P04,L04,114,145,6,3
2025-03-28,16,M05,P05,L01,111,195,18,1
2025-03-28,16,M06,P02,L04,134,142,16,6
2025-03-28,16,M07,P05,L01,124,175,5,4
2025-03-28,16,M08,P02,L01,120,81,6,5
2025-03-28,16,M09,P03,L04,144,175,20,2
2025-03-28,16,M10,P04,L01,109,193,22,7
2025-03-28,17,M01,P04,L01,180,127,23,9
2025-03-28,17,M02,P05,L01,165,119,15,4
2025-03-28,17,M03,P05,L04,124,133,7,3
2025-03-28,17,M04,P04,L03,107,170,18,4
2025-03-28,17,M05,P03,L04,148,107,18,5
2025-03-28,17,M06,P03,L03,156,92,25,8
2025-03-28,17,M07,P05,L02,142,129,17,5
2025-03-28,17,M08,P05,L01,155,183,19,5
2025-03-28,17,M09,P01,L02,158,188,6,6
2025-03-28,17,M10,P03,L03,130,155,25,0
2025-03-28,18,M01,P01,L04,149,139,2,3
2025-03-28,18,M02,P02,L05,162,188,12,2
2025-03-28,18,M03,P02,L02,153,153,5,7
2025-03-28,18,M04,P01,L04,165,122,2,6
2025-03-28,18,M05,P04,L01,102,167,22,0
2025-03-28,18,M06,P01,L03,158,163,6,5
2025-03-28,18,M07,P03,L03,104,105,3,5
2025-03-28,18,M08,P03,L02,178,137,11,4
2025-03-28,18,M09,P03,L01,195,105,4,9
2025-03-28,18,M10,P01,L03,191,136,15,1
2025-03-28,19,M01,P04,L05,101,165,10,2
2025-03-28,19,M02,P05,L05,190,130,11,7
2025-03-28,19,M03,P03,L05,195,101,27,9
2025-03-28,19,M04,P05,L05,174,106,10,6
2025-03-28,19,M05,P01,L03,146,127,26,1
2025-03-28,19,M06,P03,L03,125,149,11,9
2025-03-28,19,M07,P02,L05,136,129,11,7
2025-03-28,19,M08,P03,L01,167,119,17,7
2025-03-28,19,M09,P04,L02,171,120,27,4
2025-03-28,19,M10,P03,L04,146,173,18,8
2025-03-28,20,M01,P02,L04,176,139,29,3
2025-03-28,20,M02,P05,L03,167,129,13,9
2025-03-28,20,M03,P01,L01,164,98,14,1
2025-03-28,20,M04,P03,L04,186,183,27,4
2025-03-28,20,M05,P01,L01,114,188,14,1
2025-03-28,20,M06,P01,L01,165,129,20,8
2025-03-28,20,M07,P03,L05,141,125,23,9
2025-03-28,20,M08,P04,L01,189,161,23,0
2025-03-28,20,M09,P04,L01,147,162,2,0
2025-03-28,20,M10,P01,L04,190,180,9,7
2025-03-28,21,M01,P04,L02,195,162,29,3
2025-03-28,21,M02,P02,L04,163,115,15,2
2025-03-28,21,M03,P05,L03,193,106,1,7
2025-03-28,21,M04,P01,L03,135,93,20,8
2025-03-28,21,M05,P03,L03,129,95,11,7
2025-03-28,21,M06,P05,L02,195,129,18,7
2025-03-28,21,M07,P05,L05,145,142,14,1
2025-03-28,21,M08,P03,L03,101,116,4,8
2025-03-28,21,M09,P03,L02,180,118,22,9
2025-03-28,21,M10,P04,L05,149,140,29,7
2025-03-28,22,M01,P03,L04,138,95,23,6
2025-03-28,22,M02,P03,L04,131,131,14,7
2025-03-28,22,M03,P01,L05,182,111,13,1
2025-03-28,22,M04,P02,L04,110,154,27,1
2025-03-28,22,M05,P01,L01,123,120,21,6
2025-03-28,22,M06,P01,L01,111,144,2,6
2025-03-28,22,M07,P04,L03,116,85,27,7
2025-03-28,22,M08,P05,L04,174,145,19,3
2025-03-28,22,M09,P01,L04,157,128,16,1
2025-03-28,22,M10,P03,L05,105,138,18,0
2025-03-28,23,M01,P01,L01,146,124,16,7
2025-03-28,23,M02,P01,L02,107,128,19,9
2025-03-28,23,M03,P04,L04,196,188,6,6
2025-03-28,23,M04,P01,L02,134,186,28,1
2025-03-28,23,M05,P04,L02,115,162,7,5
2025-03-28,23,M06,P03,L03,197,96,23,2
2025-03-28,23,M07,P05,L03,114,116,24,4
2025-03-28,23,M08,P03,L05,170,151,3,5
2025-03-28,23,M09,P05,L04,109,129,27,0
2025-03-28,23,M10,P05,L04,170,100,0,5
2025-03-28,24,M01,P03,L04,154,113,29,8
2025-03-28,24,M02,P04,L05,117,128,28,4
2025-03-28,24,M03,P05,L02,194,130,24,9
2025-03-28,24,M04,P04,L01,136,90,19,1
2025-03-28,24,M05,P01,L04,157,122,3,5
2025-03-28,24,M06,P02,L02,159,90,1,5
2025-03-28,24,M07,P02,L04,188,131,11,1
2025-03-28,24,M08,P01,L04,131,149,10,0
2025-03-28,24,M09,P04,L04,168,116,7,2
2025-03-28,24,M10,P01,L02,149,161,16,7
2025-03-29,1,M01,P04,L02,118,140,16,7
2025-03-29,1,M02,P04,L05,168,195,20,3
2025-03-29,1,M03,P01,L01,189,121,2,6
2025-03-29,1,M04,P05,L05,171,109,13,5
2025-03-29,1,M05,P04,L03,123,192,24,4
2025-03-29,1,M06,P02,L02,164,163,12,9
2025-03-29,1,M07,P02,L03,151,81,1,1
2025-03-29,1,M08,P05,L02,196,89,15,9
2025-03-29,1,M09,P05,L05,112,130,15,2
2025-03-29,1,M10,P04,L02,130,87,9,8
2025-03-29,2,M01,P04,L03,144,166,12,4
2025-03-29,2,M02,P03,L05,163,126,3,1
2025-03-29,2,M03,P01,L03,107,113,7,8
2025-03-29,2,M04,P01,L04,185,87,29,0
2025-03-29,2,M05,P03,L05,147,192,22,5
2025-03-29,2,M06,P04,L04,129,87,28,7
2025-03-29,2,M07,P05,L02,176,160,2,2
2025-03-29,2,M08,P03,L02,166,89,1,6
2025-03-29,2,M09,P04,L04,107,190,25,9
2025-03-29,2,M10,P04,L05,153,133,27,4
2025-03-29,3,M01,P05,L04,143,173,24,5
2025-03-29,3,M02,P05,L04,165,149,10,2
2025-03-29,3,M03,P03,L02,177,183,15,6
2025-03-29,3,M04,P05,L01,115,99,1,5
2025-03-29,3,M05,P02,L05,138,123,8,8
2025-03-29,3,M06,P02,L03,150,174,14,5
2025-03-29,3,M07,P01,L02,174,192,21,5
2025-03-29,3,M08,P04,L05,153,153,20,5
2025-03-29,3,M09,P05,L01,113,191,2,8
2025-03-29,3,M10,P04,L05,178,108,9,0
2025-03-29,4,M01,P01,L05,103,153,0,9
2025-03-29,4,M02,P01,L04,131,107,27,1
2025-03-29,4,M03,P04,L04,180,149,7,2
2025-03-29,4,M04,P05,L03,195,107,4,0
2025-03-29,4,M05,P05,L04,132,132,24,6
2025-03-29,4,M06,P05,L01,174,100,23,6
2025-03-29,4,M07,P04,L02,134,84,27,1
2025-03-29,4,M08,P04,L05,139,150,27,2
2025-03-29,4,M09,P02,L05,147,163,25,1
2025-03-29,4,M10,P04,L05,177,158,15,8
2025-03-29,5,M01,P04,L02,118,89,17,1
2025-03-29,5,M02,P03,L03,184,144,12,0
2025-03-29,5,M03,P04,L02,181,138,22,0
2025-03-29,5,M04,P01,L02,168,154,10,5
2025-03-29,5,M05,P02,L04,190,198,13,7
2025-03-29,5,M06,P05,L03,181,161,13,8
2025-03-29,5,M07,P05,L04,148,183,28,0
2025-03-29,5,M08,P02,L01,168,195,3,0
2025-03-29,5,M09,P05,L01,109,113,28,1
2025-03-29,5,M10,P02,L01,190,167,18,7
2025-03-29,6,M01,P03,L05,191,162,21,1
2025-03-29,6,M02,P01,L03,144,104,2,6
2025-03-29,6,M03,P04,L01,156,147,1,5
2025-03-29,6,M04,P03,L01,133,164,28,6
2025-03-29,6,M05,P04,L03,192,192,13,9
2025-03-29,6,M06,P05,L01,114,131,15,4
2025-03-29,6,M07,P05,L03,191,180,25,5
2025-03-29,6,M08,P02,L02,182,111,13,7
2025-03-29,6,M09,P03,L02,117,147,28,2
2025-03-29,6,M10,P03,L01,170,110,28,5
2025-03-29,7,M01,P05,L03,117,165,12,6
2025-03-29,7,M02,P03,L02,145,173,21,4
2025-03-29,7,M03,P04,L04,194,160,27,8
2025-03-29,7,M04,P05,L04,134,86,15,9
2025-03-29,7,M05,P04,L04,195,152,2,4
2025-03-29,7,M06,P05,L03,149,133,23,4
2025-03-29,7,M07,P04,L02,168,93,12,9
2025-03-29,7,M08,P04,L04,100,141,2,6
2025-03-29,7,M09,P04,L01,157,109,14,8
2025-03-29,7,M10,P02,L05,163,138,17,5
2025-03-29,8,M01,P03,L01,116,160,19,1
2025-03-29,8,M02,P04,L04,189,186,17,2
2025-03-29,8,M03,P01,L04,140,171,10,5
2025-03-29,8,M04,P03,L05,178,105,28,9
2025-03-29,8,M05,P04,L03,173,185,28,7
2025-03-29,8,M06,P03,L01,154,147,3,7
2025-03-29,8,M07,P01,L05,159,173,15,1
2025-03-29,8,M08,P04,L02,104,114,8,5
2025-03-29,8,M09,P01,L03,159,86,29,4
2025-03-29,8,M10,P02,L02,101,117,4,5
2025-03-29,9,M01,P04,L03,114,108,29,7
2025-03-29,9,M02,P03,L04,125,199,8,4
2025-03-29,9,M03,P05,L05,183,194,28,2
2025-03-29,9,M04,P03,L01,148,173,8,7
2025-03-29,9,M05,P04,L01,153,87,16,3
2025-03-29,9,M06,P01,L02,192,195,27,2
2025-03-29,9,M07,P01,L01,121,189,3,3
2025-03-29,9,M08,P02,L03,196,95,25,2
2025-03-29,9,M09,P04,L04,145,133,6,3
2025-03-29,9,M10,P01,L04,180,187,3,6
2025-03-29,10,M01,P04,L04,155,176,22,0
2025-03-29,10,M02,P04,L05,187,138,23,1
2025-03-29,10,M03,P05,L05,178,176,29,7
2025-03-29,10,M04,P03,L02,149,148,20,6
2025-03-29,10,M05,P01,L02,168,138,28,1
2025-03-29,10,M06,P04,L04,115,154,18,6
2025-03-29,10,M07,P05,L01,168,175,22,7
2025-03-29,10,M08,P04,L02,186,124,25,1
2025-03-29,10,M09,P05,L04,192,152,4,1
2025-03-29,10,M10,P04,L04,115,167,19,7
2025-03-29,11,M01,P03,L05,151,121,24,4
2025-03-29,11,M02,P03,L03,151,142,1,6
2025-03-29,11,M03,P03,L01,171,126,23,1
2025-03-29,11,M04,P04,L05,148,191,4,0
2025-03-29,11,M05,P03,L05,153,98,13,9
2025-03-29,11,M06,P02,L01,197,153,17,9
2025-03-29,11,M07,P02,L05,108,191,5,6
2025-03-29,11,M08,P02,L03,106,195,7,8
2025-03-29,11,M09,P03,L05,145,106,5,2
2025-03-29,11,M10,P02,L04,192,132,21,5
2025-03-29,12,M01,P02,L05,168,119,20,5
2025-03-29,12,M02,P01,L02,164,192,3,2
2025-03-29,12,M03,P03,L05,145,129,17,2
2025-03-29,12,M04,P03,L02,102,93,7,2
2025-03-29,12,M05,P05,L01,147,110,9,4
2025-03-29,12,M06,P03,L05,120,122,13,9
2025-03-29,12,M07,P05,L04,114,140,4,8
2025-03-29,12,M08,P03,L03,134,121,9,3
2025-03-29,12,M09,P04,L05,109,154,1,1
2025-03-29,12,M10,P01,L01,176,117,1,8
2025-03-29,13,M01,P02,L04,126,196,17,4
2025-03-29,13,M02,P01,L05,156,161,28,3
2025-03-29,13,M03,P01,L01,147,183,24,3
2025-03-29,13,M04,P04,L01,104,197,26,6
2025-03-29,13,M05,P03,L03,181,187,20,9
2025-03-29,13,M06,P03,L03,114,178,6,5
2025-03-29,13,M07,P03,L05,191,82,22,9
2025-03-29,13,M08,P02,L03,105,112,13,4
2025-03-29,13,M09,P03,L04,118,183,18,1
2025-03-29,13,M10,P02,L05,141,127,18,7
2025-03-29,14,M01,P02,L01,144,93,16,7
2025-03-29,14,M02,P02,L04,109,117,27,8
2025-03-29,14,M03,P05,L04,116,148,14,4
2025-03-29,14,M04,P02,L03,138,143,24,2
2025-03-29,14,M05,P02,L01,185,117,15,1
2025-03-29,14,M06,P02,L01,193,96,3,3
2025-03-29,14,M07,P04,L01,105,88,10,7
2025-03-29,14,M08,P05,L04,180,118,10,6
2025-03-29,14,M09,P04,L05,129,104,11,2
2025-03-29,14,M10,P05,L01,167,149,17,4
2025-03-29,15,M01,P02,L04,166,104,26,6
2025-03-29,15,M02,P05,L01,135,90,6,6
2025-03-29,15,M03,P02,L05,146,186,12,4
2025-03-29,15,M04,P03,L04,124,163,8,8
2025-03-29,15,M05,P01,L05,140,187,18,2
2025-03-29,15,M06,P03,L04,149,123,13,5
2025-03-29,15,M07,P01,L03,147,169,5,4
2025-03-29,15,M08,P02,L03,120,185,26,3
2025-03-29,15,M09,P03,L03,166,168,1,2
2025-03-29,15,M10,P03,L05,126,107,3,8
2025-03-29,16,M01,P02,L05,184,118,3,4
2025-03-29,16,M02,P03,L01,167,129,22,7
2025-03-29,16,M03,P05,L01,106,97,1,8
2025-03-29,16,M04,P05,L05,116,174,16,6
2025-03-29,16,M05,P03,L02,174,99,13,4
2025-03-29,16,M06,P01,L05,119,130,14,6
2025-03-29,16,M07,P04,L04,116,113,27,7
2025-03-29,16,M08,P04,L02,190,88,19,2
2025-03-29,16,M09,P01,L04,192,90,26,3
2025-03-29,16,M10,P03,L05,163,106,7,5
2025-03-29,17,M01,P03,L03,148,185,26,2
2025-03-29,17,M02,P05,L01,133,80,9,2
2025-03-29,17,M03,P02,L05,169,85,26,6
2025-03-29,17,M04,P03,L05,137,82,20,2
2025-03-29,17,M05,P01,L04,165,150,4,8
2025-03-29,17,M06,P05,L02,176,91,4,1
2025-03-29,17,M07,P04,L03,118,164,24,2
2025-03-29,17,M08,P04,L01,154,102,10,2
2025-03-29,17,M09,P04,L01,108,121,6,9
2025-03-29,17,M10,P03,L05,109,89,29,0
2025-03-29,18,M01,P03,L04,198,188,11,0
2025-03-29,18,M02,P02,L03,142,169,7,3
2025-03-29,18,M03,P04,L02,138,133,23,7
2025-03-29,18,M04,P02,L05,147,179,8,7
2025-03-29,18,M05,P05,L04,132,91,17,4
2025-03-29,18,M06,P05,L03,189,129,29,3
2025-03-29,18,M07,P05,L01,130,81,14,1
2025-03-29,18,M08,P04,L05,181,151,2,2
2025-03-29,18,M09,P04,L01,122,180,12,2
2025-03-29,18,M10,P01,L05,102,89,19,9
2025-03-29,19,M01,P04,L02,179,83,20,8
2025-03-29,19,M02,P04,L04,122,129,14,0
2025-03-29,19,M03,P04,L05,164,124,17,8
2025-03-29,19,M04,P03,L01,129,163,9,4
2025-03-29,19,M05,P05,L01,136,159,20,1
2025-03-29,19,M06,P02,L02,169,153,5,2
2025-03-29,19,M07,P04,L01,154,131,24,3
2025-03-29,19,M08,P01,L03,151,110,28,2
2025-03-29,19,M09,P03,L04,105,88,0,8
2025-03-29,19,M10,P02,L04,163,122,13,2
2025-03-29,20,M01,P01,L05,139,184,7,5
2025-03-29,20,M02,P01,L02,179,175,2,3
2025-03-29,20,M03,P04,L01,170,129,16,7
2025-03-29,20,M04,P03,L02,110,156,8,3
2025-03-29,20,M05,P03,L01,173,148,11,1
2025-03-29,20,M06,P05,L04,137,158,20,6
2025-03-29,20,M07,P03,L04,173,150,8,1
2025-03-29,20,M08,P03,L03,127,136,9,1
2025-03-29,20,M09,P04,L05,154,173,0,2
2025-03-29,20,M10,P02,L02,177,148,28,9
2025-03-29,21,M01,P05,L02,178,102,17,3
2025-03-29,21,M02,P04,L02,128,85,23,5
2025-03-29,21,M03,P01,L03,156,111,24,4
2025-03-29,21,M04,P03,L02,170,114,1,7
2025-03-29,21,M05,P02,L03,122,173,15,8
2025-03-29,21,M06,P02,L02,100,152,3,3
2025-03-29,21,M07,P02,L05,119,188,16,9
2025-03-29,21,M08,P05,L03,176,136,5,6
2025-03-29,21,M09,P03,L01,179,158,15,5
2025-03-29,21,M10,P01,L05,139,150,1,6
2025-03-29,22,M01,P02,L04,125,90,21,8
2025-03-29,22,M02,P02,L04,147,81,8,0
2025-03-29,22,M03,P01,L04,114,144,18,8
2025-03-29,22,M04,P03,L02,179,190,5,8
2025-03-29,22,M05,P05,L04,155,183,2,6
2025-03-29,22,M06,P03,L04,195,131,5,1
2025-03-29,22,M07,P02,L04,130,110,3,5
2025-03-29,22,M08,P05,L03,134,117,9,7
2025-03-29,22,M09,P04,L04,193,194,15,6
2025-03-29,22,M10,P04,L03,138,171,11,2
2025-03-29,23,M01,P04,L05,135,100,21,6
2025-03-29,23,M02,P04,L05,177,121,6,4
2025-03-29,23,M03,P03,L05,188,91,8,0
2025-03-29,23,M04,P03,L04,192,186,18,3
2025-03-29,23,M05,P05,L02,161,85,12,7
2025-03-29,23,M06,P02,L04,179,118,13,0
2025-03-29,23,M07,P03,L01,113,116,4,4
2025-03-29,23,M08,P02,L03,173,103,23,4
2025-03-29,23,M09,P05,L02,173,125,13,6
2025-03-29,23,M10,P01,L04,175,120,23,1
2025-03-29,24,M01,P05,L04,115,195,7,1
2025-03-29,24,M02,P01,L02,149,131,2,9
2025-03-29,24,M03,P01,L01,112,135,21,5
2025-03-29,24,M04,P01,L05,101,170,11,5
2025-03-29,24,M05,P05,L02,173,96,16,5
2025-03-29,24,M06,P04,L01,117,88,16,2
2025-03-29,24,M07,P05,L01,100,188,5,5
2025-03-29,24,M08,P02,L04,198,105,15,0
2025-03-29,24,M09,P05,L04,101,118,7,4
2025-03-29,24,M10,P02,L01,171,173,28,3
2025-03-30,1,M01,P01,L02,164,107,29,8
2025-03-30,1,M02,P05,L01,160,164,7,4
2025-03-30,1,M03,P04,L05,139,112,25,2
2025-03-30,1,M04,P05,L03,138,126,12,4
2025-03-30,1,M05,P03,L02,105,97,0,1
2025-03-30,1,M06,P03,L04,105,148,23,1
2025-03-30,1,M07,P02,L03,101,195,11,1
2025-03-30,1,M08,P03,L02,192,176,4,3
2025-03-30,1,M09,P03,L03,132,133,6,3
2025-03-30,1,M10,P01,L03,162,114,20,4
2025-03-30,2,M01,P03,L01,102,130,14,9
2025-03-30,2,M02,P03,L02,170,156,24,7
2025-03-30,2,M03,P01,L05,143,133,26,1
2025-03-30,2,M04,P02,L04,169,193,16,4
2025-03-30,2,M05,P03,L04,178,131,16,8
2025-03-30,2,M06,P03,L04,139,160,4,8
2025-03-30,2,M07,P02,L01,134,90,27,3
2025-03-30,2,M08,P01,L02,132,115,9,2
2025-03-30,2,M09,P01,L02,190,114,22,1
2025-03-30,2,M10,P02,L02,188,88,24,5
2025-03-30,3,M01,P04,L04,147,154,17,2
2025-03-30,3,M02,P05,L03,132,82,14,3
2025-03-30,3,M03,P03,L04,147,121,3,3
2025-03-30,3,M04,P05,L03,111,162,7,2
2025-03-30,3,M05,P03,L02,127,176,14,3
2025-03-30,3,M06,P01,L03,116,198,10,3
2025-03-30,3,M07,P02,L05,130,178,27,0
2025-03-30,3,M08,P03,L04,139,91,11,2
2025-03-30,3,M09,P04,L01,124,173,9,7
2025-03-30,3,M10,P03,L02,167,94,26,4
2025-03-30,4,M01,P03,L01,112,160,18,5
2025-03-30,4,M02,P04,L01,130,132,12,7
2025-03-30,4,M03,P01,L05,155,125,1,5
2025-03-30,4,M04,P04,L04,127,169,28,9
2025-03-30,4,M05,P05,L04,116,99,7,8
2025-03-30,4,M06,P05,L02,171,119,14,7
2025-03-30,4,M07,P01,L02,145,191,25,3
2025-03-30,4,M08,P02,L03,151,108,5,3
2025-03-30,4,M09,P03,L05,174,191,17,6
2025-03-30,4,M10,P02,L03,105,100,7,1
2025-03-30,5,M01,P03,L03,144,199,20,5
2025-03-30,5,M02,P01,L01,179,154,15,4
2025-03-30,5,M03,P02,L02,144,163,16,3
2025-03-30,5,M04,P05,L02,147,111,7,1
2025-03-30,5,M05,P02,L01,145,85,4,8
2025-03-30,5,M06,P01,L02,156,105,19,1
2025-03-30,5,M07,P03,L01,183,190,27,3
2025-03-30,5,M08,P03,L02,138,162,26,7
2025-03-30,5,M09,P04,L02,119,125,4,9
2025-03-30,5,M10,P05,L04,128,191,21,8
2025-03-30,6,M01,P05,L02,134,106,24,2
2025-03-30,6,M02,P03,L05,125,83,2,9
2025-03-30,6,M03,P01,L04,159,199,9,6
2025-03-30,6,M04,P05,L01,106,120,3,1
2025-03-30,6,M05,P01,L01,110,123,18,7
2025-03-30,6,M06,P04,L03,132,135,1,1
2025-03-30,6,M07,P04,L04,122,161,29,4
2025-03-30,6,M08,P03,L04,156,96,28,7
2025-03-30,6,M09,P01,L04,132,136,1,5
2025-03-30,6,M10,P02,L03,159,94,4,9
2025-03-30,7,M01,P05,L02,113,131,20,9
2025-03-30,7,M02,P03,L04,135,106,4,0
2025-03-30,7,M03,P03,L05,103,154,24,7
2025-03-30,7,M04,P03,L05,165,119,12,7
2025-03-30,7,M05,P03,L05,180,174,21,9
2025-03-30,7,M06,P01,L03,110,86,4,5
2025-03-30,7,M07,P05,L05,136,155,12,1
2025-03-30,7,M08,P04,L05,166,127,3,4
2025-03-30,7,M09,P02,L01,112,139,22,7
2025-03-30,7,M10,P04,L05,122,148,16,8
2025-03-30,8,M01,P02,L02,180,113,3,1
2025-03-30,8,M02,P05,L01,174,183,24,7
2025-03-30,8,M03,P03,L02,164,158,25,8
2025-03-30,8,M04,P02,L04,164,137,21,4
2025-03-30,8,M05,P01,L02,112,114,20,8
2025-03-30,8,M06,P01,L05,152,83,2,2
2025-03-30,8,M07,P04,L03,190,116,13,9
2025-03-30,8,M08,P04,L04,188,107,26,3
2025-03-30,8,M09,P05,L05,103,178,6,4
2025-03-30,8,M10,P05,L02,116,110,11,3
2025-03-30,9,M01,P02,L03,110,106,5,6
2025-03-30,9,M02,P02,L01,138,157,14,1
2025-03-30,9,M03,P04,L05,186,115,24,8
2025-03-30,9,M04,P05,L05,123,162,3,1
2025-03-30,9,M05,P03,L03,191,195,8,3
2025-03-30,9,M06,P05,L01,114,145,6,1
2025-03-30,9,M07,P03,L03,162,106,25,2
2025-03-30,9,M08,P03,L01,104,118,18,7
2025-03-30,9,M09,P02,L01,139,125,9,1
2025-03-30,9,M10,P02,L01,179,158,6,2
2025-03-30,10,M01,P03,L01,186,114,0,9
2025-03-30,10,M02,P05,L04,144,114,4,0
2025-03-30,10,M03,P05,L02,125,93,17,7
2025-03-30,10,M04,P01,L03,115,140,13,7
2025-03-30,10,M05,P02,L05,146,125,19,6
2025-03-30,10,M06,P01,L02,187,187,27,3
2025-03-30,10,M07,P01,L05,184,193,29,1
2025-03-30,10,M08,P02,L02,135,96,10,5
2025-03-30,10,M09,P02,L03,155,165,4,9
2025-03-30,10,M10,P04,L05,132,81,15,7
2025-03-30,11,M01,P04,L01,190,125,14,7
2025-03-30,11,M02,P03,L02,116,165,6,0
2025-03-30,11,M03,P04,L03,171,87,28,8
2025-03-30,11,M04,P05,L01,153,152,7,3
2025-03-30,11,M05,P01,L05,168,184,16,9
2025-03-30,11,M06,P02,L01,140,181,22,5
2025-03-30,11,M07,P03,L04,101,146,10,3
2025-03-30,11,M08,P01,L03,195,188,19,9
2025-03-30,11,M09,P04,L01,143,135,19,8
2025-03-30,11,M10,P01,L04,124,154,8,6
2025-03-30,12,M01,P01,L04,186,106,27,7
2025-03-30,12,M02,P04,L02,167,99,3,2
2025-03-30,12,M03,P01,L05,169,148,10,2
2025-03-30,12,M04,P04,L04,188,175,19,8
2025-03-30,12,M05,P01,L03,100,145,19,1
2025-03-30,12,M06,P02,L02,184,145,23,5
2025-03-30,12,M07,P02,L03,177,110,29,8
2025-03-30,12,M08,P05,L01,188,118,19,1
2025-03-30,12,M09,P04,L04,177,137,27,6
2025-03-30,12,M10,P05,L04,158,198,25,5
2025-03-30,13,M01,P03,L02,147,129,28,5
2025-03-30,13,M02,P01,L01,171,105,21,9
2025-03-30,13,M03,P05,L01,171,193,19,0
2025-03-30,13,M04,P05,L01,159,110,29,5
2025-03-30,13,M05,P01,L03,175,108,1,1
2025-03-30,13,M06,P04,L01,102,158,12,9
2025-03-30,13,M07,P02,L02,126,141,5,5
2025-03-30,13,M08,P01,L01,122,197,20,2
2025-03-30,13,M09,P04,L01,134,125,22,5
2025-03-30,13,M10,P02,L02,190,175,18,2
2025-03-30,14,M01,P05,L02,171,192,2,0
2025-03-30,14,M02,P01,L04,148,107,3,5
2025-03-30,14,M03,P04,L03,139,129,24,4
2025-03-30,14,M04,P05,L01,178,147,22,5
2025-03-30,14,M05,P01,L02,172,108,29,2
2025-03-30,14,M06,P04,L01,152,136,2,8
2025-03-30,14,M07,P03,L05,165,184,10,5
2025-03-30,14,M08,P05,L02,109,165,8,7
2025-03-30,14,M09,P01,L01,111,160,3,1
2025-03-30,14,M10,P04,L01,152,129,14,8
2025-03-30,15,M01,P04,L04,194,183,9,9
2025-03-30,15,M02,P01,L02,152,101,6,4
2025-03-30,15,M03,P02,L05,173,168,5,7
2025-03-30,15,M04,P05,L04,167,97,8,4
2025-03-30,15,M05,P05,L03,105,112,3,4
2025-03-30,15,M06,P02,L04,116,88,14,3
2025-03-30,15,M07,P04,L03,111,141,3,7
2025-03-30,15,M08,P04,L04,105,124,4,0
2025-03-30,15,M09,P03,L01,113,171,25,8
2025-03-30,15,M10,P04,L04,135,159,17,2
2025-03-30,16,M01,P05,L05,146,99,16,7
2025-03-30,16,M02,P04,L04,131,198,5,1
2025-03-30,16,M03,P04,L04,133,95,11,2
2025-03-30,16,M04,P03,L03,157,197,12,8
2025-03-30,16,M05,P04,L01,195,157,15,7
2025-03-30,16,M06,P04,L05,153,170,0,9
2025-03-30,16,M07,P04,L05,106,165,24,2
2025-03-30,16,M08,P04,L05,196,123,8,8
2025-03-30,16,M09,P02,L03,199,134,8,3
2025-03-30,16,M10,P03,L01,142,137,24,9
2025-03-30,17,M01,P02,L01,115,139,22,7
2025-03-30,17,M02,P01,L03,162,196,28,7
2025-03-30,17,M03,P05,L05,157,145,0,9
2025-03-30,17,M04,P01,L04,112,84,7,7
2025-03-30,17,M05,P05,L01,173,100,22,7
2025-03-30,17,M06,P04,L05,130,155,12,7
2025-03-30,17,M07,P04,L05,181,112,14,7
2025-03-30,17,M08,P04,L01,186,109,23,8
2025-03-30,17,M09,P02,L02,112,121,19,2
2025-03-30,17,M10,P02,L04,150,97,0,3
2025-03-30,18,M01,P05,L03,139,102,10,5
2025-03-30,18,M02,P05,L03,174,179,7,7
2025-03-30,18,M03,P02,L03,118,103,20,0
2025-03-30,18,M04,P05,L05,146,198,26,8
2025-03-30,18,M05,P02,L05,180,119,13,9
2025-03-30,18,M06,P02,L01,179,180,26,3
2025-03-30,18,M07,P05,L03,121,147,22,8
2025-03-30,18,M08,P01,L04,124,138,1,9
2025-03-30,18,M09,P05,L01,197,169,14,4
2025-03-30,18,M10,P01,L03,154,163,23,7
2025-03-30,19,M01,P03,L01,159,117,5,1
2025-03-30,19,M02,P05,L03,124,107,22,8
2025-03-30,19,M03,P04,L05,100,159,28,9
2025-03-30,19,M04,P03,L05,147,180,15,9
2025-03-30,19,M05,P01,L01,139,158,22,1
2025-03-30,19,M06,P05,L04,142,142,6,5
2025-03-30,19,M07,P01,L01,155,118,1,6
2025-03-30,19,M08,P02,L03,183,175,0,2
2025-03-30,19,M09,P03,L05,198,159,12,9
2025-03-30,19,M10,P05,L05,162,161,17,6
2025-03-30,20,M01,P04,L04,148,85,15,8
2025-03-30,20,M02,P04,L04,141,107,28,5
2025-03-30,20,M03,P05,L03,179,165,19,0
2025-03-30,20,M04,P04,L04,108,195,10,8
2025-03-30,20,M05,P02,L01,183,177,26,5
2025-03-30,20,M06,P01,L03,178,106,17,0
2025-03-30,20,M07,P01,L05,179,173,16,1
2025-03-30,20,M08,P04,L05,156,80,12,7
2025-03-30,20,M09,P01,L04,177,159,17,2
2025-03-30,20,M10,P04,L02,166,81,4,1
2025-03-30,21,M01,P02,L02,123,157,23,0
2025-03-30,21,M02,P03,L05,114,87,28,9
2025-03-30,21,M03,P03,L01,100,170,23,7
2025-03-30,21,M04,P01,L03,156,150,21,6
2025-03-30,21,M05,P04,L03,181,90,0,8
2025-03-30,21,M06,P01,L02,108,99,13,8
2025-03-30,21,M07,P05,L05,133,158,0,5
2025-03-30,21,M08,P04,L04,176,121,13,9
2025-03-30,21,M09,P01,L03,102,86,13,0
2025-03-30,21,M10,P04,L01,152,135,4,9
2025-03-30,22,M01,P05,L04,101,129,28,0
2025-03-30,22,M02,P04,L04,157,137,9,1
2025-03-30,22,M03,P02,L04,164,114,5,6
2025-03-30,22,M04,P05,L05,105,182,19,1
2025-03-30,22,M05,P04,L01,183,128,7,5
2025-03-30,22,M06,P04,L02,181,125,0,9
2025-03-30,22,M07,P01,L05,181,162,12,3
2025-03-30,22,M08,P02,L01,151,163,29,3
2025-03-30,22,M09,P02,L04,138,181,17,9
2025-03-30,22,M10,P03,L02,141,176,15,8
2025-03-30,23,M01,P01,L01,119,136,21,7
2025-03-30,23,M02,P04,L03,107,174,18,4
2025-03-30,23,M03,P02,L05,143,159,6,8
2025-03-30,23,M04,P04,L05,124,126,12,1
2025-03-30,23,M05,P02,L03,182,132,20,0
2025-03-30,23,M06,P03,L04,194,102,13,6
2025-03-30,23,M07,P03,L02,191,117,3,3
2025-03-30,23,M08,P05,L01,155,97,5,9
2025-03-30,23,M09,P03,L02,195,160,0,9
2025-03-30,23,M10,P04,L02,190,119,6,3
2025-03-30,24,M01,P04,L05,192,127,20,6
2025-03-30,24,M02,P04,L02,160,88,20,2
2025-03-30,24,M03,P04,L01,176,125,0,1
2025-03-30,24,M04,P05,L04,121,114,25,2
2025-03-30,24,M05,P03,L01,120,108,18,0
2025-03-30,24,M06,P05,L05,166,136,25,3
2025-03-30,24,M07,P05,L03,184,141,22,1
2025-03-30,24,M08,P03,L05,108,135,8,5
2025-03-30,24,M09,P04,L04,140,115,3,1
2025-03-30,24,M10,P02,L01,129,179,12,5
2025-03-31,1,M01,P04,L04,165,95,2,2
2025-03-31,1,M02,P04,L05,195,126,2,4
2025-03-31,1,M03,P01,L04,169,196,22,7
2025-03-31,1,M04,P04,L03,120,183,25,6
2025-03-31,1,M05,P03,L05,178,83,16,5
2025-03-31,1,M06,P05,L01,181,160,9,4
2025-03-31,1,M07,P04,L04,100,112,16,7
2025-03-31,1,M08,P05,L01,141,110,5,6
2025-03-31,1,M09,P05,L03,147,160,29,6
2025-03-31,1,M10,P03,L01,105,173,17,8
2025-03-31,2,M01,P01,L04,166,106,2,4
2025-03-31,2,M02,P04,L01,176,191,7,9
2025-03-31,2,M03,P01,L05,128,82,23,4
2025-03-31,2,M04,P05,L03,125,144,24,4
2025-03-31,2,M05,P02,L03,166,192,21,6
2025-03-31,2,M06,P02,L03,122,159,17,2
2025-03-31,2,M07,P02,L04,173,123,23,8
2025-03-31,2,M08,P05,L05,106,108,12,8
2025-03-31,2,M09,P02,L04,105,112,28,2
2025-03-31,2,M10,P01,L05,116,177,18,3
2025-03-31,3,M01,P03,L02,116,92,16,5
2025-03-31,3,M02,P03,L04,141,191,10,3
2025-03-31,3,M03,P03,L01,166,135,14,1
2025-03-31,3,M04,P05,L02,137,164,11,0
2025-03-31,3,M05,P04,L05,124,122,28,9
2025-03-31,3,M06,P03,L02,182,133,18,5
2025-03-31,3,M07,P04,L03,160,91,21,0
2025-03-31,3,M08,P05,L01,123,156,16,0
2025-03-31,3,M09,P01,L04,189,96,24,1
2025-03-31,3,M10,P02,L03,177,156,4,4
2025-03-31,4,M01,P03,L03,144,127,8,3
2025-03-31,4,M02,P03,L04,164,134,18,8
2025-03-31,4,M03,P03,L04,133,154,4,0
2025-03-31,4,M04,P04,L01,122,186,7,7
2025-03-31,4,M05,P03,L04,182,129,0,7
2025-03-31,4,M06,P05,L05,148,196,25,7
2025-03-31,4,M07,P02,L02,133,97,23,7
2025-03-31,4,M08,P05,L01,124,89,3,8
2025-03-31,4,M09,P05,L03,125,185,2,1
2025-03-31,4,M10,P02,L01,185,94,8,6
2025-03-31,5,M01,P05,L01,112,101,12,5
2025-03-31,5,M02,P03,L05,118,187,16,3
2025-03-31,5,M03,P04,L03,130,136,12,9
2025-03-31,5,M04,P01,L03,141,82,8,2
2025-03-31,5,M05,P03,L01,150,93,4,7
2025-03-31,5,M06,P04,L01,147,151,10,5
2025-03-31,5,M07,P03,L04,132,185,11,7
2025-03-31,5,M08,P03,L02,184,141,5,2
2025-03-31,5,M09,P02,L03,176,95,27,6
2025-03-31,5,M10,P02,L02,146,154,10,2
2025-03-31,6,M01,P04,L01,159,85,13,4
2025-03-31,6,M02,P05,L01,154,152,0,4
2025-03-31,6,M03,P05,L04,197,159,13,3
2025-03-31,6,M04,P04,L02,157,130,10,4
2025-03-31,6,M05,P03,L02,165,108,4,1
2025-03-31,6,M06,P03,L02,140,101,29,0
2025-03-31,6,M07,P03,L02,104,83,4,0
2025-03-31,6,M08,P02,L01,107,127,12,9
2025-03-31,6,M09,P03,L03,146,187,14,8
2025-03-31,6,M10,P03,L01,145,113,23,8
2025-03-31,7,M01,P01,L05,143,145,28,7
2025-03-31,7,M02,P05,L03,180,106,29,8
2025-03-31,7,M03,P04,L01,194,121,29,9
2025-03-31,7,M04,P01,L04,185,94,22,1
2025-03-31,7,M05,P03,L03,183,194,9,8
2025-03-31,7,M06,P02,L05,124,154,23,3
2025-03-31,7,M07,P04,L03,165,173,7,5
2025-03-31,7,M08,P01,L02,106,131,12,3
2025-03-31,7,M09,P03,L05,123,121,1,6
2025-03-31,7,M10,P02,L01,189,161,3,0
2025-03-31,8,M01,P05,L04,105,113,20,4
2025-03-31,8,M02,P02,L04,175,138,10,1
2025-03-31,8,M03,P04,L05,168,189,13,2
2025-03-31,8,M04,P04,L04,125,110,9,0
2025-03-31,8,M05,P03,L05,171,109,21,2
2025-03-31,8,M06,P01,L02,107,159,25,4
2025-03-31,8,M07,P03,L02,161,150,10,1
2025-03-31,8,M08,P04,L05,152,105,20,0
2025-03-31,8,M09,P03,L03,175,121,11,7
2025-03-31,8,M10,P05,L02,113,184,27,3
2025-03-31,9,M01,P02,L05,152,106,0,5
2025-03-31,9,M02,P01,L04,163,122,10,9
2025-03-31,9,M03,P04,L02,149,175,5,1
2025-03-31,9,M04,P05,L02,177,176,16,0
2025-03-31,9,M05,P01,L05,100,134,23,3
2025-03-31,9,M06,P03,L01,188,105,2,1
2025-03-31,9,M07,P05,L02,147,105,24,1
2025-03-31,9,M08,P05,L02,163,120,8,9
2025-03-31,9,M09,P04,L04,143,160,8,6
2025-03-31,9,M10,P03,L01,189,196,21,0
2025-03-31,10,M01,P01,L02,164,182,13,2
2025-03-31,10,M02,P01,L01,190,139,4,0
2025-03-31,10,M03,P04,L05,110,154,24,2
2025-03-31,10,M04,P02,L01,105,110,22,5
2025-03-31,10,M05,P05,L05,110,84,11,9
2025-03-31,10,M06,P04,L03,113,169,18,8
2025-03-31,10,M07,P04,L03,152,133,23,9
2025-03-31,10,M08,P02,L01,126,165,16,1
2025-03-31,10,M09,P04,L02,114,194,21,3
2025-03-31,10,M10,P02,L01,160,86,15,5
2025-03-31,11,M01,P04,L04,141,132,12,5
2025-03-31,11,M02,P05,L04,185,129,2,9
2025-03-31,11,M03,P01,L01,191,163,13,1
2025-03-31,11,M04,P01,L05,174,81,5,7
2025-03-31,11,M05,P01,L02,127,165,6,1
2025-03-31,11,M06,P03,L02,108,114,29,3
2025-03-31,11,M07,P03,L05,137,125,14,2
2025-03-31,11,M08,P04,L02,154,191,7,4
2025-03-31,11,M09,P03,L05,198,140,11,7
2025-03-31,11,M10,P02,L03,137,167,11,9
2025-03-31,12,M01,P05,L04,199,193,29,4
2025-03-31,12,M02,P01,L02,100,185,0,9
2025-03-31,12,M03,P03,L05,155,90,6,6
2025-03-31,12,M04,P01,L05,196,132,29,2
2025-03-31,12,M05,P05,L03,100,103,24,9
2025-03-31,12,M06,P01,L04,133,171,22,0
2025-03-31,12,M07,P04,L03,119,92,13,9
2025-03-31,12,M08,P01,L04,135,171,24,4
2025-03-31,12,M09,P03,L01,127,117,15,8
2025-03-31,12,M10,P05,L04,154,138,21,4
2025-03-31,13,M01,P04,L01,160,133,25,6
2025-03-31,13,M02,P05,L02,185,126,2,3
2025-03-31,13,M03,P02,L04,170,113,13,1
2025-03-31,13,M04,P05,L05,133,125,14,8
2025-03-31,13,M05,P01,L02,183,81,22,3
2025-03-31,13,M06,P02,L02,195,124,24,3
2025-03-31,13,M07,P01,L03,187,167,13,9
2025-03-31,13,M08,P05,L02,193,87,29,0
2025-03-31,13,M09,P04,L02,198,189,2,8
2025-03-31,13,M10,P03,L01,138,175,13,7
2025-03-31,14,M01,P04,L03,170,175,26,7
2025-03-31,14,M02,P04,L04,120,151,13,1
2025-03-31,14,M03,P04,L04,162,185,28,3
2025-03-31,14,M04,P03,L01,166,145,12,9
2025-03-31,14,M05,P05,L02,132,129,25,0
2025-03-31,14,M06,P05,L04,156,167,5,6
2025-03-31,14,M07,P02,L03,101,183,4,6
2025-03-31,14,M08,P04,L04,195,190,12,4
2025-03-31,14,M09,P05,L04,177,123,5,6
2025-03-31,14,M10,P02,L01,144,98,29,2
2025-03-31,15,M01,P04,L03,145,168,4,5
2025-03-31,15,M02,P03,L01,113,120,20,1
2025-03-31,15,M03,P04,L03,131,98,12,0
2025-03-31,15,M04,P05,L05,109,122,6,4
2025-03-31,15,M05,P02,L01,181,171,9,3
2025-03-31,15,M06,P01,L04,165,109,17,0
2025-03-31,15,M07,P05,L05,136,171,5,4
2025-03-31,15,M08,P01,L02,172,169,16,5
2025-03-31,15,M09,P02,L01,127,180,1,9
2025-03-31,15,M10,P05,L01,143,115,9,5
2025-03-31,16,M01,P03,L03,101,87,5,5
2025-03-31,16,M02,P03,L05,120,182,21,2
2025-03-31,16,M03,P02,L04,107,85,13,6
2025-03-31,16,M04,P04,L05,157,147,28,1
2025-03-31,16,M05,P03,L04,180,188,4,5
2025-03-31,16,M06,P03,L03,189,189,11,8
2025-03-31,16,M07,P02,L02,188,101,4,1
2025-03-31,16,M08,P04,L05,118,171,26,9
2025-03-31,16,M09,P01,L03,124,83,8,3
2025-03-31,16,M10,P05,L05,199,147,22,6
2025-03-31,17,M01,P01,L03,198,198,10,4
2025-03-31,17,M02,P03,L05,181,194,17,9
2025-03-31,17,M03,P04,L01,182,138,26,6
2025-03-31,17,M04,P03,L02,174,148,27,5
2025-03-31,17,M05,P05,L04,139,184,27,5
2025-03-31,17,M06,P02,L03,197,99,25,2
2025-03-31,17,M07,P04,L04,135,98,17,3
2025-03-31,17,M08,P04,L05,189,152,15,0
2025-03-31,17,M09,P05,L01,156,138,2,8
2025-03-31,17,M10,P02,L01,150,135,22,1
2025-03-31,18,M01,P01,L02,181,109,16,8
2025-03-31,18,M02,P03,L04,192,174,5,4
2025-03-31,18,M03,P04,L04,167,179,22,8
2025-03-31,18,M04,P02,L04,135,101,21,4
2025-03-31,18,M05,P05,L03,140,91,17,5
2025-03-31,18,M06,P03,L01,119,117,22,2
2025-03-31,18,M07,P02,L01,110,198,11,6
2025-03-31,18,M08,P05,L05,179,130,1,8
2025-03-31,18,M09,P03,L04,127,185,20,6
2025-03-31,18,M10,P05,L01,162,191,6,0
2025-03-31,19,M01,P03,L05,139,177,7,4
2025-03-31,19,M02,P05,L02,119,156,24,2
2025-03-31,19,M03,P03,L03,165,189,13,2
2025-03-31,19,M04,P04,L05,171,109,10,0
2025-03-31,19,M05,P02,L02,193,80,14,6
2025-03-31,19,M06,P01,L05,135,114,20,8
2025-03-31,19,M07,P01,L04,118,193,0,5
2025-03-31,19,M08,P03,L01,159,190,23,1
2025-03-31,19,M09,P01,L03,121,108,24,6
2025-03-31,19,M10,P01,L02,105,124,25,6
2025-03-31,20,M01,P01,L02,174,137,3,9
2025-03-31,20,M02,P03,L04,146,99,27,4
2025-03-31,20,M03,P04,L02,199,135,12,1
2025-03-31,20,M04,P04,L01,110,182,27,1
2025-03-31,20,M05,P01,L03,126,101,29,3
2025-03-31,20,M06,P01,L03,100,117,6,7
2025-03-31,20,M07,P05,L01,104,101,24,2
2025-03-31,20,M08,P01,L03,178,98,7,9
2025-03-31,20,M09,P03,L03,140,151,26,4
2025-03-31,20,M10,P03,L05,174,199,13,0
2025-03-31,21,M01,P05,L02,103,144,23,3
2025-03-31,21,M02,P02,L02,172,86,6,2
2025-03-31,21,M03,P01,L04,117,150,29,9
2025-03-31,21,M04,P01,L01,186,112,11,1
2025-03-31,21,M05,P03,L01,196,111,24,9
2025-03-31,21,M06,P04,L01,184,100,28,8
2025-03-31,21,M07,P04,L01,181,115,14,5
2025-03-31,21,M08,P02,L03,143,89,2,9
2025-03-31,21,M09,P01,L02,104,133,3,8
2025-03-31,21,M10,P05,L03,147,168,26,4
2025-03-31,22,M01,P04,L03,109,189,18,9
2025-03-31,22,M02,P03,L04,117,114,7,0
2025-03-31,22,M03,P03,L03,105,108,12,6
2025-03-31,22,M04,P02,L04,159,163,15,7
2025-03-31,22,M05,P03,L05,171,141,3,3
2025-03-31,22,M06,P05,L03,128,133,28,8
2025-03-31,22,M07,P03,L02,179,121,10,0
2025-03-31,22,M08,P03,L03,150,128,13,6
2025-03-31,22,M09,P02,L04,189,142,22,6
2025-03-31,22,M10,P04,L02,156,191,10,7
2025-03-31,23,M01,P01,L05,106,173,10,5
2025-03-31,23,M02,P05,L01,184,108,18,8
2025-03-31,23,M03,P02,L02,118,147,27,0
2025-03-31,23,M04,P05,L02,169,181,2,3
2025-03-31,23,M05,P01,L03,100,159,24,7
2025-03-31,23,M06,P04,L04,152,90,25,1
2025-03-31,23,M07,P04,L02,168,182,14,0
2025-03-31,23,M08,P05,L01,167,137,10,7
2025-03-31,23,M09,P02,L04,188,100,28,9
2025-03-31,23,M10,P02,L04,183,168,6,4
2025-03-31,24,M01,P01,L04,126,161,19,9
2025-03-31,24,M02,P05,L02,121,97,7,6
2025-03-31,24,M03,P02,L05,158,187,16,7
2025-03-31,24,M04,P04,L04,135,160,9,9
2025-03-31,24,M05,P03,L02,154,128,20,8
2025-03-31,24,M06,P04,L05,141,161,0,1
2025-03-31,24,M07,P03,L02,152,114,8,7
2025-03-31,24,M08,P04,L04,117,171,26,5
2025-03-31,24,M09,P02,L02,122,140,25,3
2025-03-31,24,M10,P03,L05,179,123,5,6
